Timestamp,Number of Worms (non-counted),Phosphorous01,Phosphorous02,Nitrogen01,Nitrogen02,Potassium01,Potassium02,Light Intensity,Temp01,Hum01,Heat01,SoilM01,SoilM02,Grams of Compost Harvested,Buzzer (NIL)
"30 Dec 2023, 10:00 AM",20,160,150,120,150,100,94,NaN,28.5,0,42,1,1,,
"30 Dec 2023, 10:01 AM",20,160,150,120,150,100,94,NaN,28.5,0,42,1,1,,
"30 Dec 2023, 10:02 AM",20,160,150,120,150,100,94,NaN,28.5,0,42,1,1,,
"30 Dec 2023, 10:03 AM",20,160,150,120,150,100,94,NaN,28.5,0,42,1,1,,
"30 Dec 2023, 10:04 AM",20,160,150,120,150,100,94,NaN,28.5,96,42,1,1,,
"30 Dec 2023, 10:05 AM",20,160,150,120,150,100,94,NaN,28.5,96,42,1,1,,
"30 Dec 2023, 10:06 AM",20,160,150,120,150,100,94,NaN,28.5,96,42,1,1,,
"30 Dec 2023, 10:07 AM",20,160,150,120,150,100,94,NaN,28.5,96,42,1,1,,
"30 Dec 2023, 10:08 AM",20,160,150,120,150,100,94,NaN,28.5,96,42,1,1,,
"30 Dec 2023, 10:09 AM",20,160,150,120,150,100,94,NaN,28.5,96,42,1,1,,
"30 Dec 2023, 10:10 AM",20,160,150,120,150,100,94,NaN,28.5,96,42,1,1,,
"30 Dec 2023, 10:11 AM",20,160,150,120,150,100,94,NaN,28.5,96,42,1,1,,
"30 Dec 2023, 10:12 AM",20,160,150,120,150,100,94,NaN,28.5,96,42,1,1,,
"30 Dec 2023, 10:13 AM",20,160,150,120,150,100,94,NaN,28.5,96,42,1,1,,
"30 Dec 2023, 10:14 AM",20,160,150,120,150,100,94,NaN,28.5,96,42,1,1,,
"30 Dec 2023, 10:15 AM",20,160,150,120,150,100,94,NaN,28.5,99,42,1,1,,
"30 Dec 2023, 10:16 AM",20,160,150,120,150,100,94,NaN,28.5,99,42,1,1,,
"30 Dec 2023, 10:17 AM",20,160,150,120,150,100,94,NaN,28.5,95,42,1,1,,
"30 Dec 2023, 10:18 AM",20,160,150,120,150,100,94,NaN,28.5,96,42,1,1,,
"30 Dec 2023, 10:19 AM",20,160,150,120,150,100,94,NaN,28.5,100,42,1,1,,
"30 Dec 2023, 10:20 AM",20,160,150,120,150,100,94,NaN,28.5,100,42,1,1,,
"30 Dec 2023, 10:21 AM",20,160,150,120,150,100,94,NaN,28.5,100,42,1,1,,
"30 Dec 2023, 10:22 AM",20,160,150,120,150,100,94,NaN,28.5,100,42,1,1,,
"30 Dec 2023, 10:23 AM",20,160,150,120,150,100,94,NaN,28.5,100,42,1,1,,
"30 Dec 2023, 10:24 AM",20,160,150,120,150,100,94,NaN,28.5,100,42,1,1,,
"30 Dec 2023, 10:25 AM",20,160,150,120,150,100,94,NaN,28.5,100,42,1,1,,
"30 Dec 2023, 10:26 AM",20,160,150,120,150,100,94,NaN,28.5,100,42,1,1,,
"30 Dec 2023, 10:27 AM",20,160,150,120,150,100,94,NaN,28.5,100,42,1,1,,
"30 Dec 2023, 10:28 AM",20,160,150,120,150,100,94,NaN,28.5,100,42,1,1,,
"30 Dec 2023, 10:29 AM",20,160,150,120,150,100,94,NaN,28.5,100,42,1,1,,
"30 Dec 2023, 10:30 AM",20,160,150,120,150,100,94,NaN,28.5,100,42,1,1,,
"30 Dec 2023, 10:31 AM",20,160,150,120,150,100,94,NaN,28.5,100,42,1,1,,
"30 Dec 2023, 10:32 AM",20,160,150,120,150,100,94,NaN,28.5,100,42,1,1,,
"30 Dec 2023, 10:33 AM",20,160,150,120,150,100,94,NaN,28.5,100,42,1,1,,
"30 Dec 2023, 10:34 AM",20,160,150,120,150,100,94,NaN,28.5,100,42,1,1,,
"30 Dec 2023, 10:35 AM",20,160,150,120,150,100,94,NaN,28.5,100,42,1,1,,
"30 Dec 2023, 10:36 AM",20,160,150,120,150,100,94,NaN,28.5,100,42,1,1,,
"30 Dec 2023, 10:37 AM",20,160,150,120,150,100,94,NaN,28.5,100,42,1,1,,
"30 Dec 2023, 10:38 AM",20,160,150,120,150,100,94,NaN,28.5,95,42,1,1,,
"30 Dec 2023, 10:39 AM",20,160,150,120,150,100,94,NaN,28.5,95,42,1,1,,
"30 Dec 2023, 10:40 AM",20,160,150,120,150,100,94,NaN,28.5,95,42,1,1,,
"30 Dec 2023, 10:41 AM",20,160,150,120,150,100,94,NaN,28.5,95,42,1,1,,
"30 Dec 2023, 10:42 AM",20,160,150,120,150,100,94,NaN,28.5,95,42,1,1,,
"30 Dec 2023, 10:43 AM",20,160,150,120,150,100,94,NaN,28.5,95,42,1,1,,
"30 Dec 2023, 10:44 AM",20,160,150,120,150,100,94,NaN,28.5,95,42,1,1,,
"30 Dec 2023, 10:45 AM",20,160,150,120,150,100,94,NaN,28.5,95,42,1,1,,
"30 Dec 2023, 10:46 AM",20,160,150,120,150,100,94,NaN,28.5,95,42,1,1,,
"30 Dec 2023, 10:47 AM",20,160,150,120,150,100,94,NaN,28.5,95,42,1,1,,
"30 Dec 2023, 10:48 AM",20,160,150,120,150,100,94,NaN,28.5,95,42,1,1,,
"30 Dec 2023, 10:49 AM",20,160,150,120,150,100,94,NaN,28.5,95,42,1,1,,
"30 Dec 2023, 10:50 AM",20,160,150,120,150,100,94,NaN,28.5,95,42,1,1,,
"30 Dec 2023, 10:51 AM",20,160,150,120,150,100,94,NaN,28.5,95,42,1,1,,
"30 Dec 2023, 10:52 AM",20,160,150,120,150,100,94,NaN,28.5,95,42,1,1,,
"30 Dec 2023, 10:53 AM",20,160,150,120,150,100,94,NaN,28.5,95,42,1,1,,
"30 Dec 2023, 10:54 AM",20,160,150,120,150,100,94,NaN,28.5,95,42,1,1,,
"30 Dec 2023, 10:55 AM",20,160,150,120,150,100,94,NaN,28.5,95,42,1,1,,
"30 Dec 2023, 10:56 AM",20,160,150,120,150,100,94,NaN,28.5,95,42,1,1,,
"30 Dec 2023, 10:57 AM",20,160,150,120,150,100,94,NaN,28.5,95,42,1,1,,
"30 Dec 2023, 10:58 AM",20,160,150,120,150,100,94,NaN,28.5,95,42,1,1,,
"30 Dec 2023, 10:59 AM",20,160,150,120,150,100,94,NaN,28.5,95,42,1,1,,
"30 Dec 2023, 11:00 AM",20,160,150,120,150,100,94,NaN,28.5,95,42,1,1,,
"30 Dec 2023, 11:01 AM",20,160,150,120,150,100,94,NaN,28.5,95,42,1,1,,
"30 Dec 2023, 11:02 AM",25 (5 red wrigglers added),160,150,120,150,100,94,NaN,28.5,95,42,1,1,,
"30 Dec 2023, 11:03 AM",25,160,150,120,150,100,94,NaN,28.5,95,42,1,1,,
"30 Dec 2023, 11:04 AM",25,160,150,120,150,100,94,NaN,28.5,95,42,1,1,,
"30 Dec 2023, 11:05 AM",25,160,150,120,150,100,94,NaN,28.5,95,42,1,1,,
"30 Dec 2023, 11:06 AM",25,160,150,120,150,100,94,NaN,28.5,95,42,1,1,,
"30 Dec 2023, 11:07 AM",25,160,150,120,150,100,94,NaN,28.5,95,42,1,1,,
"30 Dec 2023, 11:08 AM",25,160,150,120,150,100,94,NaN,28.5,95,42,1,1,,
"30 Dec 2023, 11:09 AM",25,160,150,120,150,100,94,NaN,28.5,95,42,1,1,,
"30 Dec 2023, 11:10 AM",25,160,150,120,150,100,94,NaN,28.5,95,42,1,1,,
"30 Dec 2023, 11:11 AM",25,160,150,120,150,100,94,NaN,28.5,95,42,1,1,,
"30 Dec 2023, 11:12 AM",25,160,150,120,150,100,94,NaN,28.5,95,42,1,1,,
"30 Dec 2023, 11:13 AM",25,160,150,120,150,100,94,NaN,28.5,99,42,1,1,,
"30 Dec 2023, 11:14 AM",25,160,150,120,150,100,94,NaN,28.5,99,42,1,1,,
"30 Dec 2023, 11:15 AM",25,160,150,120,150,100,94,NaN,28.5,99,42,1,1,,
"30 Dec 2023, 11:16 AM",25,160,150,120,150,100,94,NaN,28.5,99,42,1,1,,
"30 Dec 2023, 11:17 AM",25,160,150,120,150,100,94,NaN,28.5,99,42,1,1,,
"30 Dec 2023, 11:18 AM",25,160,150,120,150,100,94,NaN,28.5,99,42,1,1,,
"30 Dec 2023, 11:19 AM",25,160,150,120,150,100,94,NaN,28.5,99,42,1,1,,
"30 Dec 2023, 11:20 AM",25,160,150,120,150,100,94,NaN,28.5,99,42,1,1,,
"30 Dec 2023, 11:21 AM",25,160,150,120,150,100,94,NaN,28.5,99,42,1,1,,
"30 Dec 2023, 11:22 AM",25,160,150,120,150,100,94,NaN,28.5,99,42,1,1,,
"30 Dec 2023, 11:23 AM",25,160,150,120,150,100,94,NaN,28.5,99,42,1,1,,
"30 Dec 2023, 11:24 AM",25,160,150,120,150,100,94,NaN,28.5,99,42,1,1,,
"30 Dec 2023, 11:25 AM",25,160,150,120,150,100,94,NaN,28.5,99,42,1,1,,
"30 Dec 2023, 11:26 AM",25,160,150,120,150,100,94,NaN,28.5,99,42,1,1,,
"30 Dec 2023, 11:27 AM",25,160,150,120,150,100,94,NaN,28.5,99,42,1,1,,
"30 Dec 2023, 11:28 AM",25,160,150,120,150,100,94,NaN,28.5,99,42,1,1,,
"30 Dec 2023, 11:29 AM",25,160,150,120,150,100,94,NaN,28.5,99,42,1,1,,
"30 Dec 2023, 11:30 AM",25,160,150,120,150,100,94,NaN,28.5,99,42,1,1,,
"30 Dec 2023, 11:31 AM",25,160,150,120,150,100,94,NaN,28.5,99,42,1,1,,
"30 Dec 2023, 11:32 AM",25,160,150,120,150,100,94,NaN,28.5,99,42,1,1,,
"30 Dec 2023, 11:33 AM",25,160,150,120,150,100,94,NaN,28.5,99,42,1,1,,
"30 Dec 2023, 11:34 AM",25,160,150,120,150,100,94,NaN,28.5,99,42,1,1,,
"30 Dec 2023, 11:35 AM",25,160,150,120,150,100,94,NaN,28.5,99,42,1,1,,
"30 Dec 2023, 11:36 AM",25,160,150,120,150,100,94,NaN,28.5,99,42,1,1,,
"30 Dec 2023, 11:37 AM",25,160,150,120,150,100,94,NaN,28.5,99,42,1,1,,
"30 Dec 2023, 11:38 AM",25,160,150,120,150,100,94,NaN,28.5,99,42,1,1,,
"30 Dec 2023, 11:39 AM",25,160,150,120,150,100,94,NaN,28.5,99,42,1,1,,
"30 Dec 2023, 11:40 AM",25,160,150,120,150,100,94,NaN,28.5,99,42,1,1,,
"30 Dec 2023, 11:41 AM",25,160,150,120,150,100,94,NaN,28.5,99,42,1,1,,
"30 Dec 2023, 11:42 AM",25,160,150,120,150,100,94,NaN,28.5,99,42,1,1,,
"30 Dec 2023, 11:43 AM",25,160,150,120,150,100,94,NaN,28.5,99,42,1,1,,
"30 Dec 2023, 11:44 AM",25,160,150,120,150,100,94,NaN,28.5,99,42,1,1,,
"30 Dec 2023, 11:45 AM",25,160,150,120,150,100,94,NaN,28.5,99,42,1,1,,
"30 Dec 2023, 11:46 AM",25,160,150,120,150,100,94,NaN,28.5,99,42,1,1,,
"30 Dec 2023, 11:47 AM",25,160,150,120,150,100,94,NaN,28.5,99,42,1,1,,
"30 Dec 2023, 11:48 AM",25,160,150,120,150,100,94,NaN,28.5,99,42,1,1,,
"30 Dec 2023, 11:49 AM",25,160,150,120,150,100,94,NaN,28.5,99,42,1,1,,
"30 Dec 2023, 11:50 AM",25,160,150,120,150,100,94,NaN,28.5,99,42,1,1,,
"30 Dec 2023, 11:51 AM",25,160,150,120,150,100,94,NaN,28.5,99,42,1,1,,
"30 Dec 2023, 11:52 AM",25,160,150,120,150,100,94,NaN,28.5,99,42,1,1,,
"30 Dec 2023, 11:53 AM",25,160,150,120,150,100,94,NaN,28.5,99,42,1,1,,
"30 Dec 2023, 11:54 AM",25,160,150,120,150,100,94,NaN,28.5,99,42,1,1,,
"30 Dec 2023, 11:55 AM",25,160,150,120,150,100,94,NaN,28.5,99,42,1,1,,
"30 Dec 2023, 11:56 AM",25,160,150,120,150,100,94,NaN,28.5,99,42,1,1,,
"30 Dec 2023, 11:57 AM",25,160,150,120,150,100,94,NaN,28.5,99,42,1,1,,
"30 Dec 2023, 11:58 AM",25,160,150,120,150,100,94,NaN,28.5,99,42,1,1,,
"30 Dec 2023, 11:59 AM",25,160,150,120,150,100,94,NaN,28.5,99,42,1,1,,
"30 Dec 2023, 12:00 PM",25,160,150,120,150,100,94,NaN,28.5,99,42,1,1,,
"30 Dec 2023, 12:01 PM",25,160,150,120,150,100,94,NaN,28.5,99,42,1,1,,
"30 Dec 2023, 12:02 PM",25,160,150,120,150,100,94,NaN,28.5,99,42,1,1,,
"30 Dec 2023, 12:03 PM",25,160,150,120,150,100,94,NaN,28.5,99,42,1,1,,
"30 Dec 2023, 12:04 PM",25,160,150,120,150,100,94,NaN,28.5,99,42,1,1,,
"30 Dec 2023, 12:05 PM",25,160,150,120,150,100,94,NaN,28.5,99,42,1,1,,
"30 Dec 2023, 12:06 PM",25,160,150,120,150,100,94,NaN,28.5,99,42,1,1,,
"30 Dec 2023, 12:07 PM",25,160,150,120,150,100,94,NaN,28.5,99,42,1,1,,
"30 Dec 2023, 12:08 PM",25,160,150,120,150,100,94,NaN,28.5,99,42,1,1,,
"30 Dec 2023, 12:09 PM",25,160,150,120,150,100,94,NaN,28.5,99,42,1,1,,
"30 Dec 2023, 12:10 PM",25,160,150,120,150,100,94,NaN,28.5,99,42,1,1,,
"30 Dec 2023, 12:11 PM",25,160,150,120,150,100,94,NaN,28.5,99,42,1,1,,
"30 Dec 2023, 12:12 PM",25,160,150,120,150,100,94,NaN,28.5,99,42,1,1,,
"30 Dec 2023, 12:13 PM",25,160,150,120,150,100,94,NaN,28.5,95,42,1,1,,
"30 Dec 2023, 12:14 PM",25,160,150,120,150,100,94,NaN,28.5,95,42,1,1,,
"30 Dec 2023, 12:15 PM",25,160,150,120,150,100,94,NaN,28.5,95,42,1,1,,
"30 Dec 2023, 12:16 PM",25,160,150,120,150,100,94,NaN,28.5,95,42,1,1,,
"30 Dec 2023, 12:17 PM",25,160,150,120,150,100,94,NaN,28.5,95,42,1,1,,
"30 Dec 2023, 12:18 PM",25,160,150,120,150,100,94,NaN,28.5,95,42,1,1,,
"30 Dec 2023, 12:19 PM",25,160,150,120,150,100,94,NaN,28.5,95,42,1,1,,
"30 Dec 2023, 12:20 PM",25,160,150,120,150,100,94,NaN,28.5,95,42,1,1,,
"30 Dec 2023, 12:21 PM",25,160,150,120,150,100,94,NaN,28.5,95,42,1,1,,
"30 Dec 2023, 12:22 PM",25,160,150,120,150,100,94,NaN,28.5,95,42,1,1,,
"30 Dec 2023, 12:23 PM",25,160,150,120,150,100,94,NaN,28.5,95,42,1,1,,
"30 Dec 2023, 12:24 PM",25,160,150,120,150,100,94,NaN,28.5,95,42,1,1,,
"30 Dec 2023, 12:25 PM",25,160,150,120,150,100,94,NaN,28.5,95,42,1,1,,
"30 Dec 2023, 12:26 PM",25,160,150,120,150,100,94,NaN,28.5,95,42,1,1,,
"30 Dec 2023, 12:27 PM",25,160,150,120,150,100,94,NaN,28.5,95,42,1,1,,
"30 Dec 2023, 12:28 PM",25,160,150,120,150,100,94,NaN,28.5,95,42,1,1,,
"30 Dec 2023, 12:29 PM",25,160,150,120,150,100,94,NaN,28.5,95,42,1,1,,
"30 Dec 2023, 12:30 PM",25,160,150,120,150,100,94,NaN,28.5,95,42,1,1,,
"30 Dec 2023, 12:31 PM",25,160,150,120,150,100,94,NaN,28.5,95,42,1,1,,
"30 Dec 2023, 12:32 PM",25,160,150,120,150,100,94,NaN,28.5,95,42,1,1,,
"30 Dec 2023, 12:33 PM",25,160,150,120,150,100,94,NaN,28.5,95,42,1,1,,
"30 Dec 2023, 12:34 PM",25,160,150,120,150,100,94,NaN,28.5,95,42,1,1,,
"30 Dec 2023, 12:35 PM",25,160,150,120,150,100,94,NaN,28.5,95,42,1,1,,
"30 Dec 2023, 12:36 PM",25,160,150,120,150,100,94,NaN,28.5,95,42,1,1,,
"30 Dec 2023, 12:37 PM",25,160,150,120,150,100,94,NaN,28.5,95,42,1,1,,
"30 Dec 2023, 12:38 PM",25,160,150,120,150,100,94,NaN,28.5,95,42,1,1,,
"30 Dec 2023, 12:39 PM",25,160,150,120,150,100,94,NaN,28.5,95,42,1,1,,
"30 Dec 2023, 12:40 PM",25,160,150,120,150,100,94,NaN,28.5,95,42,1,1,,
"30 Dec 2023, 12:41 PM",25,160,150,120,150,100,94,NaN,28.5,95,42,1,1,,
"30 Dec 2023, 12:42 PM",25,160,150,120,150,100,94,NaN,28.5,95,42,1,1,,
"30 Dec 2023, 12:43 PM",25,160,150,120,150,100,94,NaN,28.5,95,42,1,1,,
"30 Dec 2023, 12:44 PM",25,160,150,120,150,100,94,NaN,28.5,95,42,1,1,,
"30 Dec 2023, 12:45 PM",25,160,150,120,150,100,94,NaN,28.5,95,42,1,1,,
"30 Dec 2023, 12:46 PM",25,160,150,120,150,100,94,NaN,28.5,95,42,1,1,,
"30 Dec 2023, 12:47 PM",25,160,150,120,150,100,94,NaN,28.5,95,42,1,1,,
"30 Dec 2023, 12:48 PM",25,160,150,120,150,100,94,NaN,28.5,95,42,1,1,,
"30 Dec 2023, 12:49 PM",25,160,150,120,150,100,94,NaN,28.5,95,42,1,1,,
"30 Dec 2023, 12:50 PM",25,160,150,120,150,100,94,NaN,28.5,95,42,1,1,,
"30 Dec 2023, 12:51 PM",25,160,150,120,150,100,94,NaN,28.5,95,42,1,1,,
"30 Dec 2023, 12:52 PM",25,160,150,120,150,100,94,NaN,28.5,95,42,1,1,,
"30 Dec 2023, 12:53 PM",25,160,150,120,150,100,94,NaN,28.5,95,42,1,1,,
"30 Dec 2023, 12:54 PM",25,160,150,120,150,100,94,NaN,28.5,95,42,1,1,,
"30 Dec 2023, 12:55 PM",25,160,150,120,150,100,94,NaN,28.5,95,42,1,1,,
"30 Dec 2023, 12:56 PM",25,160,150,120,150,100,94,NaN,28.5,95,42,1,1,,
"30 Dec 2023, 12:57 PM",25,160,150,120,150,100,94,NaN,28.5,95,42,1,1,,
"30 Dec 2023, 12:58 PM",25,160,150,120,150,100,94,NaN,28.5,95,42,1,1,,
"30 Dec 2023, 12:59 PM",25,160,150,120,150,100,94,NaN,28.5,95,42,1,1,,
"30 Dec 2023, 1:00 PM",25,160,150,120,150,100,94,NaN,28.5,95,42,1,1,,
"30 Dec 2023, 1:01 PM",25,160,150,120,150,100,94,NaN,28.5,95,42,1,1,,
"30 Dec 2023, 1:02 PM",25,160,150,120,150,100,94,NaN,28.5,95,42,1,1,,
"30 Dec 2023, 1:03 PM",25,160,150,120,150,100,94,NaN,28.5,95,42,1,1,,
"30 Dec 2023, 1:04 PM",25,160,150,120,150,100,94,NaN,28.5,95,42,1,1,,
"30 Dec 2023, 1:05 PM",25,160,150,120,150,100,94,NaN,28.5,95,42,1,1,,
"30 Dec 2023, 1:06 PM",25,160,150,120,150,100,94,NaN,28.5,95,42,1,1,,
"30 Dec 2023, 1:07 PM",25,160,150,120,150,100,94,NaN,28.5,95,42,1,1,,
"30 Dec 2023, 1:08 PM",25,160,150,120,150,100,94,NaN,28.5,95,42,1,1,,
"30 Dec 2023, 1:09 PM",25,160,150,120,150,100,94,NaN,28.5,95,42,1,1,,
"30 Dec 2023, 1:10 PM",25,160,150,120,150,100,94,NaN,28.5,95,42,1,1,,
"30 Dec 2023, 1:11 PM",25,160,150,120,150,100,94,NaN,28.5,95,42,1,1,,
"30 Dec 2023, 1:12 PM",25,160,150,120,150,100,94,NaN,28.5,95,42,1,1,,
"30 Dec 2023, 1:13 PM",25,160,150,120,150,100,94,NaN,28.5,95,42,1,1,,
"30 Dec 2023, 1:14 PM",25,160,150,120,150,100,94,NaN,28.5,95,42,1,1,,
"30 Dec 2023, 1:15 PM",25,160,150,120,150,100,94,NaN,28.5,95,42,1,1,,
"30 Dec 2023, 1:16 PM",25,160,150,120,150,100,94,NaN,28.5,95,42,1,1,,
"30 Dec 2023, 1:17 PM",25,160,150,120,150,100,94,NaN,28.5,95,42,1,1,,
"30 Dec 2023, 1:18 PM",25,160,150,120,150,100,94,NaN,28.5,95,42,1,1,,
"30 Dec 2023, 1:19 PM",25,160,150,120,150,100,94,NaN,28.5,95,42,1,1,,
"30 Dec 2023, 1:20 PM",25,160,150,120,150,100,94,NaN,28.5,95,42,1,1,,
"30 Dec 2023, 1:21 PM",25,160,150,120,150,100,94,NaN,28.5,95,42,1,1,,
"30 Dec 2023, 1:22 PM",25,160,150,120,150,100,94,NaN,28.5,95,42,1,1,,
"30 Dec 2023, 1:23 PM",25,160,150,120,150,100,94,NaN,28.5,95,42,1,1,,
"30 Dec 2023, 1:24 PM",25,160,150,120,150,100,94,NaN,28.5,95,42,1,1,,
"30 Dec 2023, 1:25 PM",25,160,150,120,150,100,94,NaN,28.5,95,42,1,1,,
"30 Dec 2023, 1:26 PM",25,160,150,120,150,100,94,NaN,28.5,95,42,1,1,,
"30 Dec 2023, 1:27 PM",25,160,150,120,150,100,94,NaN,28.5,95,42,1,1,,
"30 Dec 2023, 1:28 PM",25,160,150,120,150,100,94,NaN,28.5,95,42,1,1,,
"30 Dec 2023, 1:29 PM",25,160,150,120,150,100,94,NaN,28.5,95,42,1,1,,
"30 Dec 2023, 1:30 PM",25,160,150,120,150,100,94,NaN,28.5,95,42,1,1,,
"30 Dec 2023, 1:31 PM",25,160,150,120,150,100,94,NaN,28.5,95,42,1,1,,
"30 Dec 2023, 1:32 PM",25,160,150,120,150,100,94,NaN,28.5,95,42,1,1,,
"30 Dec 2023, 1:33 PM",25,160,150,120,150,100,94,NaN,28.5,95,42,1,1,,
"30 Dec 2023, 1:34 PM",25,160,150,120,150,100,94,NaN,28.5,95,42,1,1,,
"30 Dec 2023, 1:35 PM",25,160,150,120,150,100,94,NaN,28.5,95,42,1,1,,
"30 Dec 2023, 1:36 PM",25,160,150,120,150,100,94,NaN,28.5,95,42,1,1,,
"30 Dec 2023, 1:37 PM",25,160,150,120,150,100,94,NaN,28.5,95,42,1,1,,
"30 Dec 2023, 1:38 PM",25,160,150,120,150,100,94,NaN,28.5,95,42,1,1,,
"30 Dec 2023, 1:39 PM",25,160,150,120,150,100,94,NaN,28.5,95,42,1,1,,
"30 Dec 2023, 1:40 PM",25,160,150,120,150,100,94,NaN,28.5,95,42,1,1,,
"30 Dec 2023, 1:41 PM",25,160,150,120,150,100,94,NaN,28.5,95,42,1,1,,
"30 Dec 2023, 1:42 PM",25,160,150,120,150,100,94,NaN,28.5,95,42,1,1,,
"30 Dec 2023, 1:43 PM",25,160,150,120,150,100,94,NaN,28.5,95,42,1,1,,
"30 Dec 2023, 1:44 PM",25,160,150,120,150,100,94,NaN,28.5,95,42,1,1,,
"30 Dec 2023, 1:45 PM",25,160,150,120,150,100,94,NaN,28.5,95,42,1,1,,
"30 Dec 2023, 1:46 PM",25,160,150,120,150,100,94,NaN,28.5,95,42,1,1,,
"30 Dec 2023, 1:47 PM",25,160,150,120,150,100,94,NaN,28.5,95,42,1,1,,
"30 Dec 2023, 1:48 PM",25,160,150,120,150,100,94,NaN,28.5,95,42,1,1,,
"30 Dec 2023, 1:49 PM",25,160,150,120,150,100,94,NaN,28.5,95,42,1,1,,
"30 Dec 2023, 1:50 PM",25,160,150,120,150,100,94,NaN,28.5,95,42,1,1,,
"30 Dec 2023, 1:51 PM",25,160,150,120,150,100,94,NaN,28.5,95,42,1,1,,
"30 Dec 2023, 1:52 PM",25,160,150,120,150,100,94,NaN,28.5,95,42,1,1,,
"30 Dec 2023, 1:53 PM",25,160,150,120,150,100,94,NaN,28.5,95,42,1,1,,
"30 Dec 2023, 1:54 PM",25,160,150,120,150,100,94,NaN,28.5,95,42,1,1,,
"30 Dec 2023, 1:55 PM",25,160,150,120,150,100,94,NaN,28.5,95,42,1,1,,
"30 Dec 2023, 1:56 PM",25,160,150,120,150,100,94,NaN,28.5,95,42,1,1,,
"30 Dec 2023, 1:57 PM",25,160,158,120,150,100,94,NaN,28.5,95,42,1,1,,
"30 Dec 2023, 1:58 PM",25,160,158,120,150,100,94,NaN,28.5,95,42,1,1,,
"30 Dec 2023, 1:59 PM",25,160,158,120,150,100,94,NaN,28.5,95,42,1,1,,
"30 Dec 2023, 2:00 PM",25,160,158,120,150,100,94,NaN,28.5,81,42,1,1,,
"30 Dec 2023, 2:01 PM",25,160,158,120,150,100,94,NaN,28.5,10,1,1,1,,
"30 Dec 2023, 2:02 PM",25,160,158,120,150,100,94,NaN,28.5,10,1,1,1,,
"30 Dec 2023, 2:03 PM",25,160,158,120,150,100,94,NaN,28.5,10,1,1,1,,
"30 Dec 2023, 2:04 PM",25,160,158,120,150,100,94,NaN,28.5,10,1,1,1,,
"30 Dec 2023, 2:05 PM",25,160,158,120,150,100,94,NaN,28.5,10,1,1,1,,
"30 Dec 2023, 2:06 PM",25,160,158,120,150,100,94,NaN,28.5,10,1,1,1,,
"30 Dec 2023, 2:07 PM",25,160,158,120,150,100,94,NaN,28.5,10,1,1,1,,
"30 Dec 2023, 2:08 PM",25,160,158,120,150,100,94,NaN,28.5,10,1,1,1,,
"30 Dec 2023, 2:09 PM",25,160,158,120,150,100,94,NaN,28.5,10,1,1,1,,
"30 Dec 2023, 2:10 PM",25,160,158,120,150,100,94,NaN,28.5,95,42,1,1,,
"30 Dec 2023, 2:11 PM",25,160,158,120,150,100,94,NaN,28.5,95,42,1,1,,
"30 Dec 2023, 2:12 PM",25,160,158,120,150,100,94,NaN,28.5,95,42,1,1,,
"30 Dec 2023, 2:13 PM",25,160,158,120,150,100,94,NaN,28.5,95,42,1,1,,
"30 Dec 2023, 2:14 PM",25,160,158,120,150,100,94,NaN,28.5,95,42,1,1,,
"30 Dec 2023, 2:15 PM",25,160,158,120,150,100,94,NaN,28.5,95,42,1,1,,
"30 Dec 2023, 2:16 PM",25,160,158,120,150,100,94,NaN,28.5,95,42,1,1,,
"30 Dec 2023, 2:17 PM",25,160,158,120,150,100,94,NaN,28.5,95,42,1,1,,
"30 Dec 2023, 2:18 PM",25,160,158,120,150,100,94,NaN,28.5,95,42,1,1,,
"30 Dec 2023, 2:19 PM",25,160,158,120,150,100,94,NaN,28.5,95,42,1,1,,
"30 Dec 2023, 2:20 PM",25,160,158,120,150,100,94,NaN,28.5,95,42,1,1,,
"30 Dec 2023, 2:21 PM",25,160,158,120,150,100,94,NaN,28.5,95,45,1,1,,
"30 Dec 2023, 2:22 PM",25,160,158,120,150,100,94,NaN,28.5,95,35,1,1,,
"30 Dec 2023, 2:23 PM",25,160,158,120,150,100,94,NaN,28.5,95,44,1,1,,
"30 Dec 2023, 2:24 PM",25,160,158,120,150,100,94,NaN,28.5,95,43,1,1,,
"30 Dec 2023, 2:25 PM",25,160,158,120,150,100,94,NaN,28.5,95,23,1,1,,
"30 Dec 2023, 2:26 PM",25,160,158,120,150,100,94,NaN,28.5,95,48,1,1,,
"30 Dec 2023, 2:27 PM",25,160,158,120,150,100,94,NaN,28.5,95,44,1,1,,
"30 Dec 2023, 2:28 PM",25,160,158,120,150,100,94,NaN,28.5,95,43,1,1,,
"30 Dec 2023, 2:29 PM",25,160,158,120,150,100,94,NaN,28.5,95,43,1,1,,
"30 Dec 2023, 2:30 PM",25,160,158,120,150,100,94,NaN,28.5,95,43,1,1,,
"30 Dec 2023, 2:31 PM",25,160,158,120,150,100,94,NaN,28.5,95,49,1,1,,
"30 Dec 2023, 2:32 PM",25,160,158,120,150,100,94,NaN,28.5,95,48,1,1,,
"30 Dec 2023, 2:33 PM",25,160,158,120,150,100,94,NaN,28.5,95,43,1,1,,
"30 Dec 2023, 2:34 PM",25,160,158,120,150,100,94,NaN,28.5,95,43,1,1,,
"30 Dec 2023, 2:35 PM",25,160,160,120,150,100,94,NaN,28.5,95,48,1,1,,
"30 Dec 2023, 2:36 PM",25,160,160,120,150,100,94,NaN,28.5,95,48,1,1,,
"30 Dec 2023, 2:37 PM",25,160,160,120,150,100,94,NaN,28.5,95,48,1,1,,
"30 Dec 2023, 2:38 PM",25,164,160,120,115,103,94,NaN,28.5,95,49,1,1,,
"30 Dec 2023, 2:39 PM",25,164,160,120,115,103,94,NaN,28.5,95,48,1,1,,
"30 Dec 2023, 2:40 PM",25,164,160,120,115,103,94,NaN,28.5,95,43,1,1,,
"30 Dec 2023, 2:41 PM",25,164,160,120,115,103,94,NaN,28.5,95,43,1,1,,
"30 Dec 2023, 2:42 PM",25,164,160,120,115,103,94,NaN,28.5,95,43,1,1,,
"30 Dec 2023, 2:43 PM",25,164,160,120,115,103,94,NaN,28.5,95,43,1,1,,
"30 Dec 2023, 2:44 PM",25,164,160,120,115,103,94,NaN,28.5,95,49,1,1,,
"30 Dec 2023, 2:45 PM",25,164,160,120,115,103,94,NaN,28.5,95,43,1,1,,
"30 Dec 2023, 2:46 PM",25,164,160,120,115,103,94,NaN,28.5,95,43,1,1,,
"30 Dec 2023, 2:47 PM",25,164,160,120,115,103,94,NaN,28.5,95,43,1,1,,
"30 Dec 2023, 2:48 PM",25,164,160,120,115,103,94,NaN,28.5,95,43,1,1,,
"30 Dec 2023, 2:49 PM",25,164,160,120,115,103,94,NaN,28.5,95,43,1,1,,
"30 Dec 2023, 2:50 PM",25,164,160,120,115,103,94,NaN,28.5,95,43,1,1,,
"30 Dec 2023, 2:51 PM",25,164,160,120,115,103,94,NaN,28.5,95,43,1,1,,
"30 Dec 2023, 2:52 PM",25,164,160,120,115,103,94,NaN,28.5,95,43,1,1,,
"30 Dec 2023, 2:53 PM",25,164,160,120,115,103,94,NaN,28.5,95,43,1,1,,
"30 Dec 2023, 2:54 PM",25,164,160,120,115,103,94,NaN,28.5,95,43,1,1,,
"30 Dec 2023, 2:55 PM",25,164,160,120,115,103,94,NaN,28.5,95,43,1,1,,
"30 Dec 2023, 2:56 PM",25,164,160,120,115,103,94,NaN,28.5,95,43,1,1,,
"30 Dec 2023, 2:57 PM",25,164,160,120,115,103,94,NaN,28.5,95,43,1,1,,
"30 Dec 2023, 2:58 PM",25,164,160,120,115,103,94,NaN,28.5,95,43,1,1,,
"30 Dec 2023, 2:59 PM",25,164,160,120,115,103,94,NaN,28.5,95,43,1,1,,
"30 Dec 2023, 3:00 PM",25,164,160,120,115,103,94,NaN,28.5,95,43,1,1,,
"30 Dec 2023, 3:01 PM",25,164,160,120,115,103,94,NaN,28.5,95,43,1,1,,
"30 Dec 2023, 3:02 PM",25,164,160,120,115,103,94,NaN,28.5,95,43,1,1,,
"30 Dec 2023, 3:03 PM",25,164,160,120,115,103,94,NaN,28.5,95,43,1,1,,
"30 Dec 2023, 3:04 PM",25,164,160,120,115,103,94,NaN,28.5,95,43,1,1,,
"30 Dec 2023, 3:05 PM",25,164,160,120,115,103,94,NaN,28.5,95,43,1,1,,
"30 Dec 2023, 3:06 PM",25,164,160,120,115,103,94,NaN,28.5,95,43,1,1,,
"30 Dec 2023, 3:07 PM",25,164,160,120,115,103,94,NaN,28.5,95,43,1,1,,
"30 Dec 2023, 3:08 PM",25,164,160,120,115,103,94,NaN,28.5,95,43,1,1,,
"30 Dec 2023, 3:09 PM",25,164,160,120,115,103,94,NaN,28.5,95,43,1,1,,
"30 Dec 2023, 3:10 PM",25,164,160,120,115,103,94,NaN,28.5,95,43,1,1,,
"30 Dec 2023, 3:11 PM",25,164,160,120,115,103,94,NaN,28.5,99,43,1,1,,
"30 Dec 2023, 3:12 PM",25,164,160,120,115,100,94,NaN,28.5,99,43,1,1,,
"30 Dec 2023, 3:13 PM",25,164,160,120,115,100,94,NaN,28.5,99,43,1,1,,
"30 Dec 2023, 3:14 PM",25,164,160,120,115,100,94,NaN,28.5,99,43,1,1,,
"30 Dec 2023, 3:15 PM",25,164,160,120,115,100,94,NaN,28.5,99,43,1,1,,
"30 Dec 2023, 3:16 PM",25,164,160,120,115,100,94,NaN,28.5,99,43,1,1,,
"30 Dec 2023, 3:17 PM",25,164,160,120,115,100,94,NaN,28.5,99,43,1,1,,
"30 Dec 2023, 3:18 PM",25,164,160,120,115,100,94,NaN,28.5,99,43,1,1,,
"30 Dec 2023, 3:19 PM",25,164,160,120,115,100,94,NaN,28.5,99,43,1,1,,
"30 Dec 2023, 3:20 PM",25,164,160,120,115,100,94,NaN,28.5,99,43,1,1,,
"30 Dec 2023, 3:21 PM",25,164,160,120,115,100,94,NaN,28.5,99,43,1,1,,
"30 Dec 2023, 3:22 PM",25,164,160,120,115,100,94,NaN,28.5,99,43,1,1,,
"30 Dec 2023, 3:23 PM",25,164,160,120,115,100,94,NaN,28.5,99,43,1,1,,
"30 Dec 2023, 3:24 PM",25,164,160,120,115,100,94,NaN,28.5,99,43,1,1,,
"30 Dec 2023, 3:25 PM",25,164,160,120,115,100,94,NaN,28.5,99,43,1,1,,
"30 Dec 2023, 3:26 PM",25,164,160,120,115,100,94,NaN,28.5,99,43,1,1,,
"30 Dec 2023, 3:27 PM",25,164,160,120,115,100,94,NaN,28.5,99,43,1,1,,
"30 Dec 2023, 3:28 PM",25,164,160,120,115,100,94,NaN,28.5,99,43,1,1,,
"30 Dec 2023, 3:29 PM",25,164,160,120,115,100,94,NaN,28.5,99,43,1,1,,
"30 Dec 2023, 3:30 PM",25,164,160,120,115,100,94,NaN,28.5,95,43,1,1,,
"30 Dec 2023, 3:31 PM",25,164,160,120,115,100,94,NaN,28.5,95,43,1,1,,
"30 Dec 2023, 3:32 PM",25,164,160,120,115,100,94,NaN,28.5,95,43,1,1,,
"30 Dec 2023, 3:33 PM",25,164,160,120,115,100,94,NaN,28.5,95,43,1,1,,
"30 Dec 2023, 3:34 PM",25,164,160,120,115,100,94,NaN,28.5,95,43,1,1,,
"30 Dec 2023, 3:35 PM",25,164,160,120,115,100,94,NaN,28.5,95,43,1,1,,
"30 Dec 2023, 3:36 PM",25,164,160,120,115,100,94,NaN,28.5,95,43,1,1,,
"30 Dec 2023, 3:37 PM",25,164,160,120,115,100,94,NaN,28.5,95,43,1,1,,
"30 Dec 2023, 3:38 PM",25,164,160,120,115,100,94,NaN,28.5,95,43,1,1,,
"30 Dec 2023, 3:39 PM",25,164,160,120,115,100,94,NaN,28.5,95,43,1,1,,
"30 Dec 2023, 3:40 PM",25,164,160,120,115,100,94,NaN,28.5,95,43,1,1,,
"30 Dec 2023, 3:41 PM",25,164,160,120,115,100,94,NaN,28.5,99,43,1,1,,
"30 Dec 2023, 3:42 PM",25,164,160,120,115,100,94,NaN,28.5,95,43,,,,
"30 Dec 2023, 3:43 PM",25,164,160,120,115,100,94,NaN,28.5,95,43,,,,
"30 Dec 2023, 3:44 PM",25,164,160,120,115,100,94,NaN,28.5,95,43,,,,
"30 Dec 2023, 3:45 PM",25,164,160,120,115,100,94,NaN,28.5,96,43,,,,
"30 Dec 2023, 3:46 PM",25,164,160,120,115,100,94,NaN,28.5,96,43,,,,
"30 Dec 2023, 3:47 PM",25,164,160,120,115,100,94,NaN,28.5,96,43,,,,
"30 Dec 2023, 3:48 PM",25,164,160,120,115,100,94,NaN,28.5,96,43,,,,
"30 Dec 2023, 3:49 PM",25,164,162,120,115,100,94,NaN,28.5,96,43,,,,
"30 Dec 2023, 3:50 PM",25,164,162,120,115,100,94,NaN,28.5,96,43,,,,
"30 Dec 2023, 3:51 PM",25,164,162,120,115,100,94,NaN,28.5,96,43,,,,
"30 Dec 2023, 3:52 PM",25,164,162,120,115,100,94,NaN,28.5,96,43,,,,
"30 Dec 2023, 3:53 PM",25,164,162,120,115,100,94,NaN,28.5,96,43,,,,
"30 Dec 2023, 3:54 PM",25,164,162,120,115,100,94,NaN,28.5,96,43,,,,
"30 Dec 2023, 3:55 PM",25,164,162,120,115,100,94,NaN,28.5,96,43,,,,
"30 Dec 2023, 3:56 PM",25,164,162,120,115,100,94,NaN,28.5,96,43,,,,
"30 Dec 2023, 3:57 PM",25,164,162,120,115,100,94,NaN,28.5,96,43,,,,
"30 Dec 2023, 3:58 PM",25,164,162,120,115,100,94,NaN,28.5,96,43,,,,
"30 Dec 2023, 3:59 PM",25,164,162,120,115,100,94,NaN,28.5,96,43,,,,
"30 Dec 2023, 4:00 PM",25,164,162,120,115,100,94,NaN,28.5,99,43,,,,
"30 Dec 2023, 4:01 PM",25,164,162,120,115,100,94,NaN,28.5,99,43,,,,
"30 Dec 2023, 4:02 PM",25,164,162,120,115,100,94,NaN,28.5,99,43,,,,
"30 Dec 2023, 4:03 PM",25,164,162,120,115,100,94,NaN,28.5,99,43,,,,
"30 Dec 2023, 4:04 PM",25,164,162,120,115,100,94,NaN,28.5,99,43,,,,
"30 Dec 2023, 4:05 PM",25,164,162,120,115,100,94,NaN,28.5,99,43,,,,
"30 Dec 2023, 4:06 PM",25,164,162,120,115,100,94,NaN,28.5,99,43,,,,
"30 Dec 2023, 4:07 PM",25,164,162,120,115,100,94,NaN,28.5,99,43,,,,
"30 Dec 2023, 4:08 PM",25,164,162,120,115,100,94,NaN,28.5,95,43,,,,
"30 Dec 2023, 4:09 PM",25,164,162,120,115,100,94,NaN,28.5,95,43,,,,
"30 Dec 2023, 4:10 PM",25,164,162,120,115,100,94,NaN,28.5,95,43,,,,
"30 Dec 2023, 4:11 PM",25,164,162,120,115,100,94,NaN,28.5,95,43,,,,
"30 Dec 2023, 4:12 PM",25,164,162,120,115,100,94,NaN,28.5,95,43,,,,
"30 Dec 2023, 4:13 PM",25,164,162,120,115,100,94,NaN,28.5,95,43,,,,
"30 Dec 2023, 4:14 PM",25,164,162,120,115,100,94,NaN,28.5,95,43,,,,
"30 Dec 2023, 4:15 PM",25,164,162,122,115,100,94,NaN,28.5,95,43,,,,
"30 Dec 2023, 4:16 PM",25,164,162,122,115,100,94,NaN,28.5,95,43,,,,
"30 Dec 2023, 4:17 PM",25,164,162,122,115,100,94,NaN,28.5,95,43,,,,
"30 Dec 2023, 4:18 PM",25,164,162,122,115,100,94,NaN,28.5,95,43,,,,
"30 Dec 2023, 4:19 PM",25,164,162,122,115,100,94,NaN,28.5,95,43,,,,
"30 Dec 2023, 4:20 PM",25,164,162,122,115,100,94,NaN,28.5,95,43,,,,
"30 Dec 2023, 4:21 PM",25,164,162,122,115,100,94,NaN,28.5,95,43,,,,
"30 Dec 2023, 4:22 PM",25,164,162,122,115,100,94,NaN,28.5,95,43,,,,
"30 Dec 2023, 4:23 PM",25,164,162,122,115,100,94,NaN,28.5,95,43,,,,
"30 Dec 2023, 4:24 PM",25,164,162,122,115,100,94,NaN,28.5,95,43,,,,
"30 Dec 2023, 4:25 PM",25,164,162,122,115,100,94,NaN,28.5,95,43,,,,
"30 Dec 2023, 4:26 PM",25,164,162,122,115,100,94,NaN,28.5,94,43,,,,
"30 Dec 2023, 4:27 PM",25,164,162,122,115,100,94,NaN,28.5,95,43,,,,
"30 Dec 2023, 4:28 PM",25,169,162,122,115,100,94,NaN,28.5,95,43,,,,
"30 Dec 2023, 4:29 PM",25,169,162,122,115,100,94,NaN,28.5,95,43,,,,
"30 Dec 2023, 4:30 PM",25,169,162,122,115,100,94,NaN,28.5,96,43,,,,
"30 Dec 2023, 4:31 PM",25,169,162,122,115,100,94,NaN,28.5,96,43,,,,
"30 Dec 2023, 4:32 PM",25,169,162,122,115,100,94,NaN,28.5,96,43,,,,
"30 Dec 2023, 4:33 PM",25,169,162,122,115,100,94,NaN,28.5,94,43,,,,
"30 Dec 2023, 4:34 PM",25,169,162,122,115,100,94,NaN,28.5,94,43,,,,
"30 Dec 2023, 4:35 PM",25,169,162,122,115,100,94,NaN,28.5,94,43,,,,
"30 Dec 2023, 4:36 PM",25,169,162,122,115,100,94,NaN,28.5,94,43,,,,
"30 Dec 2023, 4:37 PM",25,169,162,122,115,100,94,NaN,28.5,94,43,,,,
"30 Dec 2023, 4:38 PM",25,169,162,122,115,100,94,NaN,28.5,94,43,,,,
"30 Dec 2023, 4:39 PM",25,169,162,122,150,100,94,NaN,28.5,94,43,,,,
"30 Dec 2023, 4:40 PM",25,169,164,122,150,100,94,NaN,28.5,96,43,,,,
"30 Dec 2023, 4:41 PM",25,169,164,122,150,100,94,NaN,28.5,95,43,,,,
"30 Dec 2023, 4:42 PM",25,169,164,122,150,100,94,NaN,28.5,95,43,,,,
"30 Dec 2023, 4:43 PM",25,169,164,122,150,100,94,NaN,28.5,92,43,,,,
"30 Dec 2023, 4:44 PM",25,169,164,122,150,100,94,NaN,28.5,94,43,,,,
"30 Dec 2023, 4:45 PM",25,169,164,122,150,100,94,NaN,28.5,91,43,,,,
"30 Dec 2023, 4:46 PM",25,169,164,122,150,100,94,NaN,28.5,92,43,,,,
"30 Dec 2023, 4:47 PM",25,169,164,122,150,100,94,NaN,28.5,92,43,,,,
"30 Dec 2023, 4:48 PM",25,169,164,122,150,100,94,NaN,28.5,92,43,,,,
"30 Dec 2023, 4:49 PM",25,169,164,122,150,100,94,NaN,28.5,92,43,,,,
"30 Dec 2023, 4:50 PM",25,169,164,122,150,100,94,NaN,28.5,92,43,,,,
"30 Dec 2023, 4:51 PM",25,169,164,122,150,100,94,NaN,28.5,92,43,,,,
"30 Dec 2023, 4:52 PM",25,169,164,122,150,100,94,NaN,28.5,92,43,,,,
"30 Dec 2023, 4:53 PM",25,169,164,122,150,100,94,NaN,28.5,92,43,,,,
"30 Dec 2023, 4:54 PM",25,169,164,122,150,100,94,NaN,28.5,94,43,,,,
"30 Dec 2023, 4:55 PM",25,169,164,122,150,100,94,NaN,28.5,94,43,,,,
"30 Dec 2023, 4:56 PM",25,169,164,122,150,100,94,NaN,28.5,94,43,,,,
"30 Dec 2023, 4:57 PM",25,169,164,122,150,100,94,NaN,28.5,94,43,,,,
"30 Dec 2023, 4:58 PM",25,169,164,122,150,100,94,NaN,28.5,94,43,,,,
"30 Dec 2023, 4:59 PM",25,169,164,122,150,100,94,NaN,28.5,94,43,,,,
"30 Dec 2023, 5:00 PM",25,169,164,122,150,100,94,NaN,28.5,94,43,,,,
"30 Dec 2023, 5:01 PM",25,169,164,122,150,100,94,NaN,28.5,94,43,,,,
"30 Dec 2023, 5:02 PM",25,169,164,122,150,100,94,NaN,28.5,94,43,,,,
"30 Dec 2023, 5:03 PM",25,169,164,122,150,100,94,NaN,28.5,94,43,,,,
"30 Dec 2023, 5:04 PM",25,169,164,122,150,100,94,NaN,28.5,94,43,,,,
"30 Dec 2023, 5:05 PM",25,169,164,122,150,100,94,NaN,28.5,94,43,,,,
"30 Dec 2023, 5:06 PM",25,169,164,122,150,100,94,NaN,28.5,94,43,,,,
"30 Dec 2023, 5:07 PM",25,169,164,122,150,100,94,NaN,28.5,94,43,,,,
"30 Dec 2023, 5:08 PM",25,169,164,122,150,100,94,NaN,28.5,94,43,,,,
"30 Dec 2023, 5:09 PM",25,169,164,122,150,100,94,NaN,28.5,94,43,,,,
"30 Dec 2023, 5:10 PM",25,169,164,122,150,100,94,NaN,28.5,94,43,,,,
"30 Dec 2023, 5:11 PM",25,169,164,122,150,100,94,NaN,28.5,94,43,,,,
"30 Dec 2023, 5:12 PM",25,169,164,122,150,100,94,NaN,28.5,94,43,,,,
"30 Dec 2023, 5:13 PM",25,169,164,122,150,100,94,NaN,28.5,94,43,,,,
"30 Dec 2023, 5:14 PM",25,169,164,122,150,100,94,NaN,28.5,94,43,,,,
"30 Dec 2023, 5:15 PM",25,169,164,122,150,100,94,NaN,28.5,94,43,,,,
"30 Dec 2023, 5:16 PM",25,169,164,122,150,100,94,NaN,28.5,94,43,,,,
"30 Dec 2023, 5:17 PM",25,169,164,122,150,100,94,NaN,28.5,94,43,,,,
"30 Dec 2023, 5:18 PM",25,169,164,122,150,100,94,NaN,28.5,94,43,,,,
"30 Dec 2023, 5:19 PM",25,169,164,122,150,100,94,NaN,28.5,94,43,,,,
"30 Dec 2023, 5:20 PM",25,169,164,122,150,100,94,NaN,28.5,94,43,,,,
"30 Dec 2023, 5:21 PM",25,169,164,122,150,100,94,NaN,28.5,94,43,,,,
"30 Dec 2023, 5:22 PM",25,169,164,122,150,100,94,NaN,28.5,94,43,,,,
"30 Dec 2023, 5:23 PM",25,169,164,122,150,100,94,NaN,28.5,94,43,,,,
"30 Dec 2023, 5:24 PM",25,169,164,122,150,100,94,NaN,28.5,94,43,,,,
"30 Dec 2023, 5:25 PM",25,169,164,120,150,100,94,NaN,28.5,94,43,,,,
"30 Dec 2023, 5:26 PM",25,169,164,120,150,100,94,NaN,28.5,94,43,,,,
"30 Dec 2023, 5:27 PM",25,169,164,120,150,100,94,NaN,28.5,94,43,,,,
"30 Dec 2023, 5:28 PM",25,169,164,120,150,100,94,NaN,28.5,94,43,,,,
"30 Dec 2023, 5:29 PM",25,169,164,120,150,100,94,NaN,28.5,94,43,,,,
"30 Dec 2023, 5:30 PM",25,169,164,120,150,100,94,NaN,28.5,94,43,,,,
"30 Dec 2023, 5:31 PM",25,169,164,120,150,100,94,NaN,28.5,94,43,,,,
"30 Dec 2023, 5:32 PM",25,169,164,120,150,100,94,NaN,28.5,94,43,,,,
"30 Dec 2023, 5:33 PM",25,169,164,120,150,100,94,NaN,28.5,94,43,,,,
"30 Dec 2023, 5:34 PM",25,169,164,120,150,100,94,NaN,28.5,94,43,,,,
"30 Dec 2023, 5:35 PM",25,169,164,120,150,100,94,NaN,28.5,94,43,,,,
"30 Dec 2023, 5:36 PM",25,169,164,120,150,100,94,NaN,28.5,94,43,1,1,,
"30 Dec 2023, 5:37 PM",25,169,164,120,150,100,94,NaN,28.5,94,43,1,1,,
"30 Dec 2023, 5:38 PM",25,169,164,120,150,100,94,NaN,28.5,94,43,1,1,,
"30 Dec 2023, 5:39 PM",25,169,164,120,150,100,94,NaN,28.5,94,43,1,1,,
"30 Dec 2023, 5:40 PM",25,169,164,120,150,100,94,NaN,28.5,94,43,1,1,,
"30 Dec 2023, 5:41 PM",25,169,164,120,150,100,94,NaN,28.5,94,43,1,1,,
"30 Dec 2023, 5:42 PM",25,169,164,120,150,100,94,NaN,28.5,94,43,1,1,,
"30 Dec 2023, 5:43 PM",25,169,164,120,150,100,94,NaN,28.5,94,43,1,1,,
"30 Dec 2023, 5:44 PM",25,169,164,120,150,100,94,NaN,28.5,94,43,1,1,,
"30 Dec 2023, 5:45 PM",25,169,164,120,150,100,94,NaN,28.5,94,43,1,1,,
"30 Dec 2023, 5:46 PM",25,169,164,120,150,100,94,NaN,28.5,94,43,1,1,,
"30 Dec 2023, 5:47 PM",25,169,164,120,150,100,94,NaN,28.5,94,43,1,1,,
"30 Dec 2023, 5:48 PM",25,169,164,120,150,100,94,NaN,28.5,94,43,1,1,,
"30 Dec 2023, 5:49 PM",25,169,164,120,150,100,94,NaN,28.5,94,43,1,1,,
"30 Dec 2023, 5:50 PM",25,169,164,120,150,100,94,NaN,28.5,94,43,1,1,,
"30 Dec 2023, 5:51 PM",25,169,164,120,150,100,94,NaN,28.5,94,43,1,1,,
"30 Dec 2023, 5:52 PM",25,169,164,120,150,100,94,NaN,28.5,94,43,1,1,,
"30 Dec 2023, 5:53 PM",25,169,164,120,150,100,94,NaN,28.5,94,43,1,1,,
"30 Dec 2023, 5:54 PM",25,169,164,120,150,100,94,NaN,28.5,94,43,1,1,,
"30 Dec 2023, 5:55 PM",25,169,164,120,150,100,94,NaN,28.5,94,43,1,1,,
"30 Dec 2023, 5:56 PM",25,169,164,120,150,100,94,NaN,28.5,94,43,1,1,,
"30 Dec 2023, 5:57 PM",25,169,164,120,150,100,94,NaN,28.5,94,0,1,1,,
"30 Dec 2023, 5:58 PM",25,169,164,120,150,100,94,NaN,28.5,94,43,1,1,,
"30 Dec 2023, 5:59 PM",25,169,164,120,150,100,94,NaN,28.5,94,43,1,1,,
"30 Dec 2023, 6:00 PM",25,169,164,120,150,100,94,NaN,28.5,94,43,1,1,,
"30 Dec 2023, 6:01 PM",25,169,164,120,150,100,94,NaN,28.5,94,43,1,1,,
"30 Dec 2023, 6:02 PM",25,169,164,120,150,100,94,NaN,28.5,94,43,1,1,,
"30 Dec 2023, 6:03 PM",25,169,164,120,150,100,94,NaN,28.5,94,43,1,1,,
"30 Dec 2023, 6:04 PM",25,169,164,120,150,100,94,NaN,28.5,94,43,1,1,,
"30 Dec 2023, 6:05 PM",25,169,164,120,150,100,94,NaN,28.5,94,43,1,1,,
"30 Dec 2023, 6:06 PM",25,169,164,120,150,100,94,NaN,28.5,94,43,1,1,,
"30 Dec 2023, 6:07 PM",25,169,164,120,150,100,94,NaN,28.5,94,43,1,1,,
"30 Dec 2023, 6:08 PM",25,169,164,120,150,100,94,NaN,28.5,94,43,1,1,,
"30 Dec 2023, 6:09 PM",25,169,164,120,150,100,94,NaN,28.5,94,43,1,1,,
"30 Dec 2023, 6:10 PM",25,169,164,120,150,100,94,NaN,28.5,0,43,1,1,,
"30 Dec 2023, 6:11 PM",25,169,164,120,150,100,94,NaN,28.5,0,43,1,1,,
"30 Dec 2023, 6:12 PM",25,169,164,120,150,100,94,NaN,28.5,0,43,1,1,,
"30 Dec 2023, 6:13 PM",25,169,164,120,150,100,94,NaN,28.5,0,43,1,1,,
"30 Dec 2023, 6:14 PM",25,169,164,120,150,100,94,NaN,28.5,0,43,1,1,,
"30 Dec 2023, 6:15 PM",25,169,164,120,150,100,94,NaN,28.5,0,43,1,1,,
"30 Dec 2023, 6:16 PM",25,169,164,120,150,100,94,NaN,28.5,0,43,1,1,,
"30 Dec 2023, 6:17 PM",25,169,164,120,150,100,94,NaN,28.5,0,43,1,1,,
"30 Dec 2023, 6:18 PM",25,169,164,120,150,100,94,NaN,28.5,0,43,1,1,,
"30 Dec 2023, 6:19 PM",25,169,164,120,150,100,94,NaN,28.5,0,43,1,1,,
"30 Dec 2023, 6:20 PM",25,169,164,120,150,100,94,NaN,28.5,0,43,1,1,,
"30 Dec 2023, 6:21 PM",25,169,164,120,150,100,94,NaN,28.5,0,43,1,1,,
"30 Dec 2023, 6:22 PM",25,169,164,120,150,100,94,NaN,28.5,0,43,1,1,,
"30 Dec 2023, 6:23 PM",25,169,164,120,150,100,94,NaN,28.5,0,43,1,1,,
"30 Dec 2023, 6:24 PM",25,169,164,120,150,100,94,NaN,28.5,0,43,1,1,,
"30 Dec 2023, 6:25 PM",25,169,164,120,150,100,94,NaN,28.5,0,43,1,1,,
"30 Dec 2023, 6:26 PM",25,169,164,120,150,100,94,NaN,28.5,0,43,1,1,,
"30 Dec 2023, 6:27 PM",25,169,164,120,150,100,94,NaN,28.5,0,43,1,1,,
"30 Dec 2023, 6:28 PM",25,169,164,120,150,100,94,NaN,28.5,0,43,1,1,,
"30 Dec 2023, 6:29 PM",25,169,164,120,150,100,94,NaN,28.5,0,43,1,1,,
"30 Dec 2023, 6:30 PM",25,169,164,120,150,100,94,NaN,28.5,0,43,1,1,,
"30 Dec 2023, 6:31 PM",25,169,164,120,150,100,94,NaN,28.5,0,43,1,1,,
"30 Dec 2023, 6:32 PM",25,169,164,120,150,100,94,NaN,28.5,0,43,1,1,,
"30 Dec 2023, 6:33 PM",25,169,164,120,150,100,94,NaN,28.5,0,43,1,1,,
"30 Dec 2023, 6:34 PM",25,169,164,120,150,100,94,NaN,28.5,0,43,1,1,,
"30 Dec 2023, 6:35 PM",25,169,164,120,150,100,94,NaN,28.5,0,43,1,1,,
"30 Dec 2023, 6:36 PM",25,169,164,120,150,100,94,NaN,28.5,0,43,1,1,,
"30 Dec 2023, 6:37 PM",25,169,164,120,150,100,94,NaN,28.5,0,43,1,1,,
"30 Dec 2023, 6:38 PM",25,169,164,120,150,100,94,NaN,28.5,0,43,1,1,,
"30 Dec 2023, 6:39 PM",25,169,164,120,150,100,94,NaN,28.5,0,43,1,1,,
"30 Dec 2023, 6:40 PM",25,169,164,120,150,100,94,NaN,28.5,0,43,1,1,,
"30 Dec 2023, 6:41 PM",25,169,164,120,150,100,94,NaN,28.5,0,43,1,1,,
"30 Dec 2023, 6:42 PM",25,169,164,120,150,100,94,NaN,28.5,0,43,1,1,,
"30 Dec 2023, 6:43 PM",25,169,167,120,150,100,94,NaN,28.5,0,43,1,1,,
"30 Dec 2023, 6:44 PM",25,169,164,120,150,100,94,NaN,28.5,0,43,1,1,,
"30 Dec 2023, 6:45 PM",25,169,164,120,150,100,94,NaN,28.5,0,43,1,1,,
"30 Dec 2023, 6:46 PM",25,169,164,120,150,100,94,NaN,28.5,0,43,1,1,,
"30 Dec 2023, 6:47 PM",25,169,164,120,150,100,94,NaN,28.5,0,43,1,1,,
"30 Dec 2023, 6:48 PM",25,169,164,120,150,100,94,NaN,28.5,0,43,1,1,,
"30 Dec 2023, 6:49 PM",25,169,164,120,150,100,94,NaN,28.5,0,43,1,1,,
"30 Dec 2023, 6:50 PM",25,169,164,120,150,100,94,NaN,28.5,0,43,1,1,,
"30 Dec 2023, 6:51 PM",25,169,164,120,150,100,94,NaN,28.5,0,43,1,1,,
"30 Dec 2023, 6:52 PM",25,169,164,120,150,100,94,NaN,28.5,0,43,1,1,,
"30 Dec 2023, 6:53 PM",25,169,164,120,150,100,94,NaN,28.5,0,43,1,1,,
"30 Dec 2023, 6:54 PM",25,169,164,120,150,100,94,NaN,28.5,0,43,1,1,,
"30 Dec 2023, 6:55 PM",25,169,164,120,150,100,94,NaN,28.5,0,43,1,1,,
"30 Dec 2023, 6:56 PM",25,169,164,120,150,100,94,NaN,28.5,0,43,1,1,,
"30 Dec 2023, 6:57 PM",25,169,164,120,150,100,94,NaN,28.5,0,43,1,1,,
"30 Dec 2023, 6:58 PM",25,169,164,120,150,100,94,NaN,28.5,0,43,1,1,,
"30 Dec 2023, 6:59 PM",25,169,164,120,150,100,94,NaN,28.5,0,43,1,1,,
"30 Dec 2023, 7:00 PM",25,169,164,120,150,100,94,NaN,28.5,0,43,1,1,,
"30 Dec 2023, 7:01 PM",25,169,164,120,150,100,94,NaN,28.5,0,43,1,1,,
"30 Dec 2023, 7:02 PM",25,169,164,120,150,100,94,NaN,28.5,0,43,1,1,,
"30 Dec 2023, 7:03 PM",25,169,164,120,150,100,94,NaN,28.5,0,43,1,1,,
"30 Dec 2023, 7:04 PM",25,169,164,120,150,100,94,NaN,28.5,0,43,1,1,,
"30 Dec 2023, 7:05 PM",25,173,164,120,150,100,94,NaN,28.5,0,43,1,1,,
"30 Dec 2023, 7:06 PM",25,173,164,120,150,100,94,NaN,28.5,0,43,1,1,,
"30 Dec 2023, 7:07 PM",25,173,164,120,150,100,94,NaN,28.5,0,43,1,1,,
"30 Dec 2023, 7:08 PM",25,173,164,120,150,100,94,NaN,28.5,0,43,1,1,,
"30 Dec 2023, 7:09 PM",25,173,164,120,150,100,94,NaN,28.5,0,43,1,1,,
"30 Dec 2023, 7:10 PM",25,173,164,120,150,100,94,NaN,28.5,0,42,1,1,,
"30 Dec 2023, 7:11 PM",25,173,164,120,150,100,94,NaN,28.5,0,44,1,1,,
"30 Dec 2023, 7:12 PM",25,173,164,120,150,100,94,NaN,28.5,0,42,1,1,,
"30 Dec 2023, 7:13 PM",25,173,164,120,150,100,94,NaN,28.5,0,43,1,1,,
"30 Dec 2023, 7:14 PM",25,173,164,120,150,100,94,NaN,28.5,0,43,1,1,,
"30 Dec 2023, 7:15 PM",25,173,164,120,150,100,94,NaN,28.5,0,43,1,1,,
"30 Dec 2023, 7:16 PM",25,173,164,120,150,100,94,NaN,28.5,0,43,1,1,,
"30 Dec 2023, 7:17 PM",25,173,164,120,150,100,94,NaN,28.5,0,44,1,1,,
"30 Dec 2023, 7:18 PM",25,173,164,120,150,100,94,NaN,28.5,0,44,1,1,,
"30 Dec 2023, 7:19 PM",25,173,164,120,150,100,94,NaN,28.5,0,44,1,1,,
"30 Dec 2023, 7:20 PM",25,173,164,120,150,100,94,NaN,28.5,0,43,1,1,,
"30 Dec 2023, 7:21 PM",25,173,164,120,150,100,94,NaN,28.5,0,43,1,1,,
"30 Dec 2023, 7:22 PM",25,173,164,120,150,100,94,NaN,28.5,0,43,1,1,,
"30 Dec 2023, 7:23 PM",25,173,164,120,150,100,94,NaN,28.5,0,43,0,1,,
"30 Dec 2023, 7:24 PM",25,173,164,120,150,100,94,NaN,28.5,0,43,0,1,,
"30 Dec 2023, 7:25 PM",25,173,164,120,150,100,94,NaN,28.5,0,42,0,1,,
"30 Dec 2023, 7:26 PM",25,173,164,120,150,100,94,NaN,28.5,0,42,0,1,,
"30 Dec 2023, 7:27 PM",25,173,164,120,150,100,94,NaN,28.5,0,43,0,1,,
"30 Dec 2023, 7:28 PM",25,173,164,120,150,100,94,NaN,28.5,0,43,0,1,,
"30 Dec 2023, 7:29 PM",25,173,164,120,150,100,94,NaN,28.5,0,43,0,1,,
"30 Dec 2023, 7:30 PM",25,173,164,120,150,100,94,NaN,28.5,0,1,0,1,,
"30 Dec 2023, 7:31 PM",25,173,164,120,150,100,94,NaN,28.5,0,1,0,1,,
"30 Dec 2023, 7:32 PM",25,173,164,120,150,100,94,NaN,28.5,0,1,0,1,,
"30 Dec 2023, 7:33 PM",25,173,164,120,150,100,94,NaN,28.5,0,1,0,1,,
"30 Dec 2023, 7:34 PM",25,173,164,120,150,100,94,NaN,28.5,0,1,0,1,,
"30 Dec 2023, 7:35 PM",25,173,164,120,150,100,94,NaN,28.5,0,42,0,1,,
"30 Dec 2023, 7:36 PM",25,173,164,120,150,100,94,NaN,28.5,0,42,0,1,,
"30 Dec 2023, 7:37 PM",25,173,164,120,150,100,94,NaN,28.5,0,42,0,1,,
"30 Dec 2023, 7:38 PM",25,173,164,120,150,100,94,NaN,28.5,0,42,0,1,,
"30 Dec 2023, 7:39 PM",25,173,164,120,150,100,94,NaN,28.5,0,42,0,1,,
"30 Dec 2023, 7:40 PM",25,173,164,120,150,100,94,NaN,28.5,0,42,0,1,,
"30 Dec 2023, 7:41 PM",25,173,164,120,150,100,94,NaN,28.5,0,42,0,1,,
"30 Dec 2023, 7:42 PM",25,173,164,120,150,100,94,NaN,28.5,0,42,0,1,,
"30 Dec 2023, 7:43 PM",25,173,164,120,150,100,94,NaN,28.5,0,42,0,1,,
"30 Dec 2023, 7:44 PM",25,173,164,120,150,100,94,NaN,28.5,0,42,0,1,,
"30 Dec 2023, 7:45 PM",25,173,164,120,150,100,94,NaN,28.5,0,42,0,1,,
"30 Dec 2023, 7:46 PM",25,173,164,120,150,100,94,NaN,28.5,0,42,0,1,,
"30 Dec 2023, 7:47 PM",25,173,164,120,150,100,94,NaN,28.5,0,42,0,1,,
"30 Dec 2023, 7:48 PM",25,173,164,120,150,100,94,NaN,28.5,0,32,0,1,,
"30 Dec 2023, 7:49 PM",25,173,164,120,150,100,94,NaN,28.5,0,42,0,1,,
"30 Dec 2023, 7:50 PM",25,173,164,120,150,100,94,NaN,28.5,0,42,0,1,,
"30 Dec 2023, 7:51 PM",25,173,164,120,150,100,94,NaN,28.5,0,42,0,1,,
"30 Dec 2023, 7:52 PM",25,173,164,120,150,100,94,NaN,28.5,0,42,0,1,,
"30 Dec 2023, 7:53 PM",25,173,164,120,150,100,94,NaN,28.5,0,0,0,1,,
"30 Dec 2023, 7:54 PM",25,173,164,120,150,100,94,NaN,28.5,0,0,0,1,,
"30 Dec 2023, 7:55 PM",25,173,164,120,150,100,94,NaN,28.5,0,0,0,1,,
"30 Dec 2023, 7:56 PM",25,173,164,120,150,100,94,NaN,28.5,0,0,0,1,,
"30 Dec 2023, 7:57 PM",25,173,164,120,150,100,94,NaN,28.5,0,0,0,1,,
"30 Dec 2023, 7:58 PM",25,173,164,120,150,100,94,NaN,28.5,0,0,0,1,,
"30 Dec 2023, 7:59 PM",25,173,164,120,150,100,94,NaN,28.5,0,0,0,1,,
"30 Dec 2023, 8:00 PM",25,173,164,120,150,100,94,NaN,28.5,0,0,0,1,,
"30 Dec 2023, 8:01 PM",25,173,164,120,150,100,94,NaN,28.5,0,0,0,1,,
"30 Dec 2023, 8:02 PM",25,173,164,120,150,100,94,NaN,28.5,0,0,0,1,,
"30 Dec 2023, 8:03 PM",25,173,164,120,150,100,94,NaN,28.5,0,0,0,1,,
"30 Dec 2023, 8:04 PM",25,173,164,120,150,100,94,NaN,28.5,0,0,0,1,,
"30 Dec 2023, 8:05 PM",25,173,164,120,150,100,94,NaN,28.5,0,0,0,1,,
"30 Dec 2023, 8:06 PM",25,173,164,120,150,100,94,NaN,28.5,0,0,0,1,,
"30 Dec 2023, 8:07 PM",25,173,164,120,150,100,94,NaN,28.5,0,0,0,1,,
"30 Dec 2023, 8:08 PM",25,173,164,120,150,100,94,NaN,28.5,0,0,0,1,,
"30 Dec 2023, 8:09 PM",25,173,164,120,150,100,94,NaN,28.5,0,0,0,1,,
"30 Dec 2023, 8:10 PM",25,173,164,120,150,100,94,NaN,28.5,0,0,0,1,,
"30 Dec 2023, 8:11 PM",25,173,164,120,150,100,94,NaN,28.5,0,0,0,1,,
"30 Dec 2023, 8:12 PM",25,173,164,120,150,100,94,NaN,28.5,0,0,0,1,,
"30 Dec 2023, 8:13 PM",25,173,164,120,150,100,94,NaN,28.5,0,0,0,1,,
"30 Dec 2023, 8:14 PM",25,173,164,120,150,100,94,NaN,28.5,0,0,0,1,,
"30 Dec 2023, 8:15 PM",25,173,164,120,150,100,94,NaN,28.5,0,0,0,1,,
"30 Dec 2023, 8:16 PM",25,173,164,120,150,100,94,NaN,28.5,0,0,0,1,,
"30 Dec 2023, 8:17 PM",25,173,164,120,150,100,94,NaN,28.5,0,0,0,1,,
"30 Dec 2023, 8:18 PM",25,173,164,120,150,100,94,NaN,28.5,0,0,0,1,,
"30 Dec 2023, 8:19 PM",25,173,164,120,150,100,94,NaN,28.5,0,0,0,1,,
"30 Dec 2023, 8:20 PM",25,173,164,120,150,100,94,NaN,28.5,0,0,0,1,,
"30 Dec 2023, 8:21 PM",25,173,164,120,150,100,94,NaN,28.5,0,0,0,1,,
"30 Dec 2023, 8:22 PM",25,173,164,120,150,100,94,NaN,28.5,0,0,0,1,,
"30 Dec 2023, 8:23 PM",25,173,164,120,150,100,94,NaN,28.5,0,0,0,1,,
"30 Dec 2023, 8:24 PM",25,173,164,120,150,100,94,NaN,28.5,0,0,0,1,,
"30 Dec 2023, 8:25 PM",25,173,164,120,150,100,94,NaN,28.5,0,0,0,1,,
"30 Dec 2023, 8:26 PM",25,173,164,120,150,100,94,NaN,28.5,0,0,0,1,,
"30 Dec 2023, 8:27 PM",25,173,164,120,150,100,94,NaN,28.5,0,0,0,1,,
"30 Dec 2023, 8:28 PM",25,173,164,120,150,100,94,NaN,28.5,0,0,0,1,,
"30 Dec 2023, 8:29 PM",25,173,164,120,150,100,94,NaN,28.5,0,0,0,1,,
"30 Dec 2023, 8:30 PM",25,173,164,120,150,100,94,NaN,28.5,0,0,0,1,,
"30 Dec 2023, 8:31 PM",25,173,164,120,150,100,94,NaN,28.5,0,0,0,1,,
"30 Dec 2023, 8:32 PM",25,173,164,120,150,100,94,NaN,,,,0,1,,
"30 Dec 2023, 8:33 PM",25,173,164,120,150,100,94,NaN,,,,0,1,,
"30 Dec 2023, 8:34 PM",25,173,164,120,150,100,94,NaN,,,,0,1,,
"30 Dec 2023, 8:35 PM",25,173,164,120,150,100,94,NaN,,,,0,1,,
"30 Dec 2023, 8:36 PM",25,173,164,120,150,100,94,NaN,,,,0,1,,
"30 Dec 2023, 8:37 PM",25,173,164,120,150,100,94,NaN,,,,0,1,,
"30 Dec 2023, 8:38 PM",25,173,164,120,150,100,94,NaN,,,,0,1,,
"30 Dec 2023, 8:39 PM",25,173,164,120,150,100,94,NaN,,,,0,1,,
"30 Dec 2023, 8:40 PM",25,173,164,120,150,100,94,NaN,,,,0,1,,
"30 Dec 2023, 8:41 PM",25,173,164,120,150,100,94,NaN,,,,0,1,,
"30 Dec 2023, 8:42 PM",25,173,164,120,150,100,94,NaN,,,,0,1,,
"30 Dec 2023, 8:43 PM",25,173,164,120,150,100,94,NaN,,,,0,1,,
"30 Dec 2023, 8:44 PM",25,173,164,120,150,100,94,NaN,,,,0,1,,
"30 Dec 2023, 8:45 PM",25,173,164,120,150,100,94,NaN,,,,0,1,,
"30 Dec 2023, 8:46 PM",25,173,164,120,150,100,94,NaN,,,,0,1,,
"30 Dec 2023, 8:47 PM",25,173,164,120,150,100,94,NaN,,,,0,1,,
"30 Dec 2023, 8:48 PM",25,173,164,120,150,100,94,NaN,,,,0,1,,
"30 Dec 2023, 8:49 PM",25,175,164,120,150,100,94,NaN,,,,0,1,,
"30 Dec 2023, 8:50 PM",25,175,164,120,150,100,94,NaN,,,,0,1,,
"30 Dec 2023, 8:51 PM",25,175,164,120,150,100,94,NaN,,,,0,1,,
"30 Dec 2023, 8:52 PM",25,175,164,120,150,100,94,NaN,,,,0,1,,
"30 Dec 2023, 8:53 PM",25,175,167,120,150,100,94,NaN,,,,0,1,,
"30 Dec 2023, 8:54 PM",25,175,167,120,150,100,94,NaN,,,,0,1,,
"30 Dec 2023, 8:55 PM",25,175,167,120,150,100,94,NaN,,,,0,1,,
"30 Dec 2023, 8:56 PM",25,175,167,120,150,100,94,NaN,,,,0,1,,
"30 Dec 2023, 8:57 PM",25,175,167,120,150,100,94,NaN,,,,0,1,,
"30 Dec 2023, 8:58 PM",25,175,167,120,150,100,94,NaN,,,,0,1,,
"30 Dec 2023, 8:59 PM",25,175,167,120,150,100,94,NaN,,,,0,1,,
"30 Dec 2023, 9:00 PM",25,175,167,120,150,100,94,NaN,,,,0,1,,
"30 Dec 2023, 9:01 PM",25,175,167,120,150,100,94,NaN,,,,0,1,,
"30 Dec 2023, 9:02 PM",25,175,167,120,150,100,94,NaN,,,,0,1,,
"30 Dec 2023, 9:03 PM",25,175,167,120,150,100,94,NaN,,,,0,1,,
"30 Dec 2023, 9:04 PM",25,175,167,120,150,100,94,NaN,,,,0,1,,
"30 Dec 2023, 9:05 PM",25,175,167,120,150,100,94,NaN,,,,0,1,,
"30 Dec 2023, 9:06 PM",25,175,167,120,150,100,94,NaN,,,,0,0,,
"30 Dec 2023, 9:07 PM",25,175,167,?,?,?,?,NaN,,,,,,,
"30 Dec 2023, 9:08 PM",25,175,167,?,?,?,?,NaN,,,,,,,
"30 Dec 2023, 9:09 PM",25,175,167,?,?,?,?,NaN,,,,,,,
"30 Dec 2023, 9:10 PM",25,175,167,?,?,?,?,NaN,,,,,,,
"30 Dec 2023, 9:11 PM",25,175,167,?,?,?,?,NaN,,,,,,,
"30 Dec 2023, 9:12 PM",25,175,167,?,?,?,?,NaN,,,,,,,
"30 Dec 2023, 9:13 PM",25,175,167,?,?,?,?,NaN,,,,,,,
"30 Dec 2023, 9:14 PM",25,175,167,?,?,?,?,NaN,,,,,,,
"30 Dec 2023, 9:15 PM",25,175,167,?,?,?,?,NaN,,,,,,,
"30 Dec 2023, 9:16 PM",25,175,167,?,?,?,?,NaN,,,,,,,
"30 Dec 2023, 9:17 PM",25,175,167,?,?,?,?,NaN,,,,,,,
"30 Dec 2023, 9:18 PM",25,175,167,?,?,?,?,NaN,,,,,,,
"30 Dec 2023, 9:19 PM",25,175,167,?,?,?,?,NaN,,,,,,,
"30 Dec 2023, 9:20 PM",25,175,167,?,?,?,?,NaN,,,,,,,
"30 Dec 2023, 9:21 PM",25,178,170,?,?,?,?,NaN,,,,,,,
"30 Dec 2023, 9:22 PM",25,178,170,?,?,?,?,NaN,,,,,,,
"30 Dec 2023, 9:23 PM",25,178,170,?,?,?,?,NaN,,,,,,,
"30 Dec 2023, 9:24 PM",25,178,170,?,?,?,?,NaN,,,,,,,
"30 Dec 2023, 9:25 PM",25,178,170,?,?,?,?,NaN,,,,,,,
"30 Dec 2023, 9:26 PM",25,178,170,?,?,?,?,NaN,,,,,,,
"30 Dec 2023, 9:27 PM",25,178,170,?,?,?,?,NaN,,,,,,,
"30 Dec 2023, 9:28 PM",25,178,170,?,?,?,?,NaN,,,,,,,
"30 Dec 2023, 9:29 PM",25,178,170,?,?,?,?,NaN,,,,,,,
"30 Dec 2023, 9:30 PM",25,178,170,?,?,?,?,NaN,,,,,,,
"30 Dec 2023, 9:31 PM",25,178,170,?,?,?,?,NaN,,,,,,,
"30 Dec 2023, 9:32 PM",25,178,170,?,?,?,?,NaN,,,,,,,
"30 Dec 2023, 9:33 PM",25,178,170,?,?,?,?,NaN,,,,,,,
"30 Dec 2023, 9:34 PM",25,178,170,?,?,?,?,NaN,,,,,,,
"30 Dec 2023, 9:35 PM",25,178,170,?,?,?,?,NaN,,,,,,,
"30 Dec 2023, 9:36 PM",25,178,170,?,?,?,?,NaN,,,,,,,
"30 Dec 2023, 9:37 PM",25,178,170,?,?,?,?,NaN,,,,,,,
"30 Dec 2023, 9:38 PM",25,178,170,?,?,?,?,NaN,,,,,,,
"30 Dec 2023, 9:39 PM",25,178,170,?,?,?,?,NaN,,,,,,,
"30 Dec 2023, 9:40 PM",25,178,170,?,?,?,?,NaN,,,,,,,
"30 Dec 2023, 9:41 PM",25,178,170,?,?,?,?,NaN,,,,,,,
"30 Dec 2023, 9:42 PM",25,178,170,?,?,?,?,NaN,,,,,,,
"30 Dec 2023, 9:43 PM",25,178,170,?,?,?,?,NaN,,,,,,,
"30 Dec 2023, 9:44 PM",25,178,170,?,?,?,?,NaN,,,,,,,
"30 Dec 2023, 9:45 PM",25,178,170,?,?,?,?,NaN,,,,,,,
"30 Dec 2023, 9:46 PM",25,178,170,?,?,?,?,NaN,,,,,,,
"30 Dec 2023, 9:47 PM",25,178,170,?,?,?,?,NaN,,,,,,,
"30 Dec 2023, 9:48 PM",25,178,170,?,?,?,?,NaN,,,,,,,
"30 Dec 2023, 9:49 PM",25,178,170,?,?,?,?,NaN,,,,,,,
"30 Dec 2023, 9:50 PM",25,178,170,?,?,?,?,NaN,,,,,,,
"30 Dec 2023, 9:51 PM",25,178,170,?,?,?,?,NaN,,,,,,,
"30 Dec 2023, 9:52 PM",25,178,170,?,?,?,?,NaN,,,,,,,
"30 Dec 2023, 9:53 PM",25,178,170,?,?,?,?,NaN,,,,,,,
"30 Dec 2023, 9:54 PM",25,178,171,?,?,?,?,NaN,,,,,,,
"30 Dec 2023, 9:55 PM",25,178,171,?,?,?,?,NaN,,,,,,,
"30 Dec 2023, 9:56 PM",25,178,171,?,?,?,?,NaN,,,,,,,
"30 Dec 2023, 9:57 PM",25,178,171,?,?,?,?,NaN,,,,,,,
"30 Dec 2023, 9:58 PM",25,178,171,?,?,?,?,NaN,,,,,,,
"30 Dec 2023, 9:59 PM",25,178,171,?,?,?,?,NaN,,,,,,,
"30 Dec 2023, 10:00 PM",25,178,171,?,?,?,?,NaN,,,,,,,
"30 Dec 2023, 10:01 PM",25,178,171,?,?,?,?,NaN,,,,,,,
"30 Dec 2023, 10:02 PM",25,178,171,?,?,?,?,NaN,,,,,,,
"30 Dec 2023, 10:03 PM",25,178,171,?,?,?,?,NaN,,,,,,,
"30 Dec 2023, 10:04 PM",25,178,171,?,?,?,?,NaN,,,,,,,
"30 Dec 2023, 10:05 PM",25,178,171,?,?,?,?,NaN,,,,,,,
"30 Dec 2023, 10:06 PM",25,178,171,?,?,?,?,NaN,,,,,,,
"30 Dec 2023, 10:07 PM",25,178,171,?,?,?,?,NaN,,,,,,,
"30 Dec 2023, 10:08 PM",25,178,171,?,?,?,?,NaN,,,,,,,
"30 Dec 2023, 10:09 PM",25,178,171,?,?,?,?,NaN,,,,,,,
"30 Dec 2023, 10:10 PM",25,178,171,?,?,?,?,NaN,,,,,,,
"30 Dec 2023, 10:11 PM",25,178,171,?,?,?,?,NaN,,,,,,,
"30 Dec 2023, 10:12 PM",25,178,171,?,?,?,?,NaN,,,,,,,
"30 Dec 2023, 10:13 PM",25,178,171,?,?,?,?,NaN,,,,,,,
"30 Dec 2023, 10:14 PM",25,178,171,?,?,?,?,NaN,,,,,,,
"30 Dec 2023, 10:15 PM",25,178,171,?,?,?,?,NaN,,,,,,,
"30 Dec 2023, 10:16 PM",25,178,171,?,?,?,?,NaN,,,,,,,
"30 Dec 2023, 10:17 PM",25,178,171,?,?,?,?,NaN,,,,,,,
"30 Dec 2023, 10:18 PM",25,178,171,?,?,?,?,NaN,,,,,,,
"30 Dec 2023, 10:19 PM",25,178,171,?,?,?,?,NaN,,,,,,,
"30 Dec 2023, 10:20 PM",25,180,171,?,?,?,?,NaN,,,,,,,
"30 Dec 2023, 10:21 PM",25,180,171,?,?,?,?,NaN,,,,,,,
"30 Dec 2023, 10:22 PM",25,180,171,?,?,?,?,NaN,,,,,,,
"30 Dec 2023, 10:23 PM",25,180,171,?,?,?,?,NaN,,,,,,,
"30 Dec 2023, 10:24 PM",25,180,171,?,?,?,?,NaN,,,,,,,
"30 Dec 2023, 10:25 PM",25,180,171,?,?,?,?,NaN,,,,,,,
"30 Dec 2023, 10:26 PM",25,180,171,?,?,?,?,NaN,,,,,,,
"30 Dec 2023, 10:27 PM",25,180,171,?,?,?,?,NaN,,,,,,,
"30 Dec 2023, 10:28 PM",25,180,171,?,?,?,?,NaN,,,,,,,
"30 Dec 2023, 10:29 PM",25,180,171,?,?,?,?,NaN,,,,,,,
"30 Dec 2023, 10:30 PM",25,180,171,?,?,?,?,NaN,,,,,,,
"30 Dec 2023, 10:31 PM",25,180,171,?,?,?,?,NaN,,,,,,,
"30 Dec 2023, 10:32 PM",25,180,171,?,?,?,?,NaN,,,,,,,
"30 Dec 2023, 10:33 PM",25,180,171,?,?,?,?,NaN,,,,,,,
"30 Dec 2023, 10:34 PM",25,180,171,?,?,?,?,NaN,,,,,,,
"30 Dec 2023, 10:35 PM",25,180,171,?,?,?,?,NaN,,,,,,,
"30 Dec 2023, 10:36 PM",25,180,171,?,?,?,?,NaN,,,,,,,
"30 Dec 2023, 10:37 PM",25,180,171,?,?,?,?,NaN,,,,,,,
"30 Dec 2023, 10:38 PM",25,181,171,?,?,?,?,NaN,,,,,,,
"30 Dec 2023, 10:39 PM",25,181,171,?,?,?,?,NaN,,,,,,,
"30 Dec 2023, 10:40 PM",25,181,171,?,?,?,?,NaN,,,,,,,
"30 Dec 2023, 10:41 PM",25,181,171,?,?,?,?,NaN,,,,,,,
"30 Dec 2023, 10:42 PM",25,181,171,?,?,?,?,NaN,,,,,,,
"30 Dec 2023, 10:43 PM",25,181,171,?,?,?,?,NaN,,,,,,,
"30 Dec 2023, 10:44 PM",25,181,171,?,?,?,?,NaN,,,,,,,
"30 Dec 2023, 10:45 PM",25,181,171,?,?,?,?,NaN,,,,,,,
"30 Dec 2023, 10:46 PM",25,180,171,?,?,?,?,NaN,,,,,,,
"30 Dec 2023, 10:47 PM",25,180,171,?,?,?,?,NaN,,,,,,,
"30 Dec 2023, 10:48 PM",25,180,171,?,?,?,?,NaN,,,,,,,
"30 Dec 2023, 10:49 PM",25,180,171,?,?,?,?,NaN,,,,,,,
"30 Dec 2023, 10:50 PM",25,?,171,?,?,?,?,NaN,,,,,,,
"30 Dec 2023, 10:51 PM",25,180,171,?,?,?,?,NaN,,,,,,,
"30 Dec 2023, 10:52 PM",25,180,171,?,?,?,?,NaN,,,,,,,
"30 Dec 2023, 10:53 PM",25,180,171,?,?,?,?,NaN,,,,,,,
"30 Dec 2023, 10:54 PM",25,180,171,?,?,?,?,NaN,,,,,,,
"30 Dec 2023, 10:55 PM",25,180,171,?,?,?,?,NaN,,,,,,,
"30 Dec 2023, 10:56 PM",25,180,171,?,?,?,?,NaN,,,,,,,
"30 Dec 2023, 10:57 PM",25,180,171,?,?,?,?,NaN,,,,,,,
"30 Dec 2023, 10:58 PM",25,180,171,?,?,?,?,NaN,,,,,,,
"30 Dec 2023, 10:59 PM",25,180,171,?,?,?,?,NaN,,,,,,,
"30 Dec 2023, 11:00 PM",25,180,171,?,?,?,?,NaN,,,,,,,
"30 Dec 2023, 11:01 PM",25,180,171,?,?,?,?,NaN,,,,,,,
"30 Dec 2023, 11:02 PM",25,180,171,?,?,?,?,NaN,,,,,,,
"30 Dec 2023, 11:03 PM",25,180,171,?,?,?,?,NaN,,,,,,,
"30 Dec 2023, 11:04 PM",25,180,171,?,?,?,?,NaN,,,,,,,
"30 Dec 2023, 11:05 PM",25,180,171,?,?,?,?,NaN,,,,,,,
"30 Dec 2023, 11:06 PM",25,180,171,?,?,?,?,NaN,,,,,,,
"30 Dec 2023, 11:07 PM",25,180,171,?,?,?,?,NaN,,,,,,,
"30 Dec 2023, 11:08 PM",25,180,171,?,?,?,?,NaN,,,,,,,
"30 Dec 2023, 11:09 PM",25,180,171,?,?,?,?,NaN,,,,,,,
"30 Dec 2023, 11:10 PM",25,180,171,?,?,?,?,NaN,,,,,,,
"30 Dec 2023, 11:11 PM",25,180,171,?,?,?,?,NaN,,,,,,,
"30 Dec 2023, 11:12 PM",25,180,171,?,?,?,?,NaN,,,,,,,
"30 Dec 2023, 11:13 PM",25,180,171,?,?,?,?,NaN,,,,,,,
"30 Dec 2023, 11:14 PM",25,180,171,?,?,?,?,NaN,,,,,,,
"30 Dec 2023, 11:15 PM",25,180,171,?,?,?,?,NaN,,,,,,,
"30 Dec 2023, 11:16 PM",25,180,171,?,?,?,?,NaN,,,,,,,
"30 Dec 2023, 11:17 PM",25,180,171,?,?,?,?,NaN,,,,,,,
"30 Dec 2023, 11:18 PM",25,180,171,?,?,?,?,NaN,,,,,,,
"30 Dec 2023, 11:19 PM",25,180,171,?,?,?,?,NaN,,,,,,,