Timestamp,Number of Worms (non-counted),Phosphorous01,Phosphorous02,Nitrogen01,Nitrogen02,Potassium01,Potassium02,Light Intensity,Temp01,Hum01,Heat01,SoilM01,SoilM02,Grams of Compost Harvested,Buzzer,pH Rod 1,pH Rod 2
"10 Apr 2024, 10:00 AM",14,135,146,193,193,193,193,NaN,27.4,99,42,1,1,,Off,187.72,188.35
"10 Apr 2024, 10:01 AM",14,133,131,172,145,156,145,NaN,27.4,93,42,1,1,,Off,187.72,184.07
"10 Apr 2024, 10:02 AM",14,133,149,160,145,142,140,NaN,27.4,97,42,1,1,,Off,183.96,185.05
"10 Apr 2024, 10:03 AM",14,178,185,162,143,193,173,NaN,27.4,98,42,1,1,,Off,183.54,184.48
"10 Apr 2024, 10:04 AM",14,149,135,185,162,181,187,NaN,27.4,95,42,1,1,,Off,189.22,189.89
"10 Apr 2024, 10:05 AM",14,135,163,152,192,145,167,NaN,27.4,95,42,1,1,,Off,184.00,189.42
"10 Apr 2024, 10:06 AM",14,154,173,199,190,184,189,NaN,27.4,97,42,1,1,,Off,188.75,186.54
"10 Apr 2024, 10:07 AM",14,190,162,188,150,166,147,NaN,27.4,96,42,1,1,,Off,189.06,183.13
"10 Apr 2024, 10:08 AM",14,145,169,161,175,179,172,NaN,27.4,96,42,1,1,,Off,186.82,184.67
"10 Apr 2024, 10:09 AM",14,174,134,170,162,194,163,NaN,27.4,96,42,1,1,,Off,188.35,187.67
"10 Apr 2024, 10:10 AM",14,131,185,179,201,176,176,NaN,27.4,99,42,1,1,,Off,185.31,190.23
"10 Apr 2024, 10:11 AM",14,135,144,197,157,185,201,NaN,27.4,96,42,1,1,,Off,189.17,183.61
"10 Apr 2024, 10:12 AM",14,170,167,164,153,150,159,NaN,27.4,95,42,1,1,,Off,192.68,186.61
"10 Apr 2024, 10:13 AM",14,141,140,152,173,146,161,NaN,27.4,98,42,1,1,,Off,189.08,191.90
"10 Apr 2024, 10:14 AM",14,160,131,140,172,150,173,NaN,27.4,99,42,1,1,,Off,192.56,185.70
"10 Apr 2024, 10:15 AM",14,173,150,170,194,140,192,NaN,27.4,98,42,1,1,,Off,185.80,184.97
"10 Apr 2024, 10:16 AM",14,148,164,158,180,163,166,NaN,27.4,96,42,1,1,,Off,191.58,192.41
"10 Apr 2024, 10:17 AM",14,139,172,150,145,151,191,NaN,27.4,94,42,1,1,,Off,184.65,192.52
"10 Apr 2024, 10:18 AM",14,131,182,200,201,142,180,NaN,27.4,97,42,1,1,,Off,187.01,184.85
"10 Apr 2024, 10:19 AM",14,157,181,151,185,175,195,NaN,27.4,94,42,1,1,,Off,192.13,188.74
"10 Apr 2024, 10:20 AM",14,147,164,158,168,188,148,NaN,27.4,93,42,1,1,,Off,191.22,183.13
"10 Apr 2024, 10:21 AM",14,164,131,147,149,173,160,NaN,27.4,96,42,1,1,,Off,188.40,187.39
"10 Apr 2024, 10:22 AM",14,153,160,174,176,156,162,NaN,27.4,94,42,1,1,,Off,184.51,187.77
"10 Apr 2024, 10:23 AM",14,133,168,199,184,147,162,NaN,27.4,95,42,1,1,,Off,192.35,192.53
"10 Apr 2024, 10:24 AM",14,153,151,162,149,169,187,NaN,27.4,96,42,1,1,,Off,188.71,184.35
"10 Apr 2024, 10:25 AM",14,154,189,148,141,149,166,NaN,27.4,95,42,1,1,,Off,188.63,190.44
"10 Apr 2024, 10:26 AM",14,170,158,192,156,196,140,NaN,27.4,99,42,1,1,,Off,189.98,190.82
"10 Apr 2024, 10:27 AM",14,182,170,141,157,166,184,NaN,27.4,98,42,1,1,,Off,183.25,189.51
"10 Apr 2024, 10:28 AM",14,130,180,195,181,198,142,NaN,27.4,98,42,1,1,,Off,192.24,188.01
"10 Apr 2024, 10:29 AM",14,188,155,144,143,190,183,NaN,27.4,93,42,1,1,,Off,184.73,192.51
"10 Apr 2024, 10:30 AM",14,179,132,151,184,183,172,NaN,27.4,98,42,1,1,,Off,191.99,184.71
"10 Apr 2024, 10:31 AM",14,163,147,140,180,153,156,NaN,27.4,94,42,1,1,,Off,189.75,189.79
"10 Apr 2024, 10:32 AM",14,152,158,180,181,146,182,NaN,27.4,97,42,1,1,,Off,189.57,190.92
"10 Apr 2024, 10:33 AM",14,172,170,146,169,179,171,NaN,27.4,95,42,1,1,,Off,183.20,188.01
"10 Apr 2024, 10:34 AM",14,165,140,164,181,180,159,NaN,27.4,98,42,1,1,,Off,190.44,190.87
"10 Apr 2024, 10:35 AM",14,146,136,184,177,150,181,NaN,27.4,94,42,1,1,,Off,189.66,189.80
"10 Apr 2024, 10:36 AM",14,155,157,189,150,171,188,NaN,27.4,94,42,1,1,,Off,188.93,189.27
"10 Apr 2024, 10:37 AM",14,175,183,164,180,175,154,NaN,27.4,96,42,1,1,,Off,186.58,183.16
"10 Apr 2024, 10:38 AM",14,130,161,163,155,153,150,NaN,27.4,98,42,1,1,,Off,189.90,188.76
"10 Apr 2024, 10:39 AM",14,149,163,154,163,174,143,NaN,27.4,98,42,1,1,,Off,190.68,188.08
"10 Apr 2024, 10:40 AM",14,131,137,188,150,145,182,NaN,27.4,95,42,1,1,,Off,184.78,184.31
"10 Apr 2024, 10:41 AM",14,160,179,183,161,171,154,NaN,27.4,95,42,1,1,,Off,191.25,190.16
"10 Apr 2024, 10:42 AM",14,146,151,145,193,163,189,NaN,27.4,95,42,1,1,,Off,188.70,188.32
"10 Apr 2024, 10:43 AM",14,135,174,190,165,165,158,NaN,27.4,98,42,1,1,,Off,183.88,185.01
"10 Apr 2024, 10:44 AM",14,130,149,165,184,187,165,NaN,27.4,98,42,1,1,,Off,192.12,188.76
"10 Apr 2024, 10:45 AM",14,142,150,199,164,187,145,NaN,27.4,96,42,1,1,,Off,183.55,190.47
"10 Apr 2024, 10:46 AM",14,133,140,180,167,174,195,NaN,27.4,93,42,1,1,,Off,185.61,191.70
"10 Apr 2024, 10:47 AM",14,180,176,144,184,140,162,NaN,27.4,96,42,1,1,,Off,187.23,184.83
"10 Apr 2024, 10:48 AM",14,194,194,169,156,190,195,NaN,27.4,94,42,1,1,,Off,188.86,184.55
"10 Apr 2024, 10:49 AM",14,179,179,160,163,181,146,NaN,27.4,99,42,1,1,,Off,189.08,186.53
"10 Apr 2024, 10:50 AM",14,184,184,173,175,143,155,NaN,27.4,98,42,1,1,,Off,192.70,183.01
"10 Apr 2024, 10:51 AM",14,146,146,193,156,142,201,NaN,27.4,98,42,1,1,,Off,185.99,184.81
"10 Apr 2024, 10:52 AM",14,199,199,183,141,199,190,NaN,27.4,98,42,1,1,,Off,184.05,187.97
"10 Apr 2024, 10:53 AM",14,141,141,190,198,146,186,NaN,27.4,99,42,1,1,,Off,188.75,190.36
"10 Apr 2024, 10:54 AM",14,143,143,179,162,192,192,NaN,27.4,94,42,0,0,,On,183.47,184.64
"10 Apr 2024, 10:55 AM",14,164,156,159,190,162,196,NaN,27.4,98,42,0,0,,On,190.09,185.54
"10 Apr 2024, 10:56 AM",14,156,140,167,175,155,198,NaN,27.4,93,42,0,0,,On,184.71,185.08
"10 Apr 2024, 10:57 AM",14,147,150,185,192,175,199,NaN,27.4,94,42,0,0,,On,189.98,191.44
"10 Apr 2024, 10:58 AM",14,146,162,185,154,150,198,NaN,27.4,98,42,0,0,,On,187.29,191.56
"10 Apr 2024, 10:59 AM",14,179,146,162,188,172,197,NaN,27.4,98,42,0,0,,On,185.19,191.11
"10 Apr 2024, 11:00 AM",14,146,174,149,193,178,184,NaN,27.4,99,42,0,0,,On,191.15,186.85
"10 Apr 2024, 11:01 AM",14,130,190,180,158,149,190,NaN,27.4,97,42,0,0,,On,185.85,190.65
"10 Apr 2024, 11:02 AM",14,159,181,175,147,162,168,NaN,27.4,94,42,0,0,,On,184.30,183.92
"10 Apr 2024, 11:03 AM",14,142,174,165,163,195,169,NaN,27.4,94,42,0,0,,On,190.25,185.46
"10 Apr 2024, 11:04 AM",14,168,139,148,190,160,168,NaN,27.4,98,42,0,0,,On,190.92,183.81
"10 Apr 2024, 11:05 AM",14,154,174,185,199,162,152,NaN,27.4,99,42,0,0,,On,183.47,192.31
"10 Apr 2024, 11:06 AM",14,184,133,141,166,147,150,NaN,27.4,93,42,0,0,,On,191.00,184.22
"10 Apr 2024, 11:07 AM",14,131,141,193,187,145,178,NaN,27.4,97,42,0,0,,On,184.35,192.79
"10 Apr 2024, 11:08 AM",14,174,138,174,152,170,177,NaN,27.4,94,42,0,0,,On,189.18,190.33
"10 Apr 2024, 11:09 AM",14,180,190,164,186,175,148,NaN,27.4,93,42,0,0,,On,188.04,188.51
"10 Apr 2024, 11:10 AM",14,162,148,172,176,156,196,NaN,27.4,95,42,0,0,,On,188.87,189.37
"10 Apr 2024, 11:11 AM",14,166,160,188,141,195,178,NaN,27.4,97,42,0,0,,On,190.82,183.74
"10 Apr 2024, 11:12 AM",14,163,152,187,153,175,146,NaN,27.4,97,42,0,0,,On,186.27,183.71
"10 Apr 2024, 11:13 AM",14,179,163,184,172,189,146,NaN,27.4,97,42,0,0,,On,188.78,188.06
"10 Apr 2024, 11:14 AM",14,169,155,182,172,196,151,NaN,27.4,99,42,0,0,,On,183.13,186.27
"10 Apr 2024, 11:15 AM",14,138,181,159,154,175,197,NaN,27.4,93,42,0,0,,On,185.80,183.23
"10 Apr 2024, 11:16 AM",14,180,140,159,174,167,152,NaN,27.4,94,42,0,0,,On,185.29,188.21
"10 Apr 2024, 11:17 AM",14,142,176,179,193,187,174,NaN,27.4,95,42,0,0,,On,191.17,187.83
"10 Apr 2024, 11:18 AM",14,167,157,166,174,171,149,NaN,27.4,98,42,0,0,,On,190.22,187.23
"10 Apr 2024, 11:19 AM",14,156,134,147,174,186,192,NaN,27.4,97,42,0,0,,On,184.13,192.75
"10 Apr 2024, 11:20 AM",14,133,178,175,170,198,178,NaN,27.4,93,42,0,0,,On,191.39,187.94
"10 Apr 2024, 11:21 AM",14,168,188,177,185,169,158,NaN,27.4,99,42,0,0,,On,185.26,189.97
"10 Apr 2024, 11:22 AM",14,136,130,196,181,184,192,NaN,27.4,97,42,0,0,,On,183.87,189.55
"10 Apr 2024, 11:23 AM",14,156,171,143,151,180,163,NaN,27.4,94,42,0,0,,On,185.49,185.43
"10 Apr 2024, 11:24 AM",14,149,152,160,161,140,191,NaN,27.4,94,42,0,0,,On,189.63,188.31
"10 Apr 2024, 11:25 AM",14,169,141,179,201,172,153,NaN,27.4,93,42,0,0,,On,191.26,185.34
"10 Apr 2024, 11:26 AM",14,133,153,196,149,173,141,NaN,27.4,99,42,0,0,,On,189.82,183.44
"10 Apr 2024, 11:27 AM",14,176,135,172,168,172,162,NaN,27.4,98,42,0,0,,On,187.18,188.25
"10 Apr 2024, 11:28 AM",14,157,143,180,174,192,172,NaN,27.4,99,42,0,0,,On,189.67,189.67
"10 Apr 2024, 11:29 AM",14,145,168,154,156,143,193,NaN,27.4,95,42,0,0,,On,190.63,190.66
"10 Apr 2024, 11:30 AM",14,146,148,168,194,180,162,NaN,27.4,93,42,0,0,,On,192.30,190.49
"10 Apr 2024, 11:31 AM",14,180,160,189,145,160,157,NaN,27.4,93,42,0,0,,On,183.81,183.94
"10 Apr 2024, 11:32 AM",14,174,176,176,147,161,164,NaN,27.4,96,42,0,0,,On,185.26,190.72
"10 Apr 2024, 11:33 AM",14,158,152,168,201,166,163,NaN,27.4,96,42,0,0,,On,184.38,192.26
"10 Apr 2024, 11:34 AM",14,161,166,141,199,143,185,NaN,27.4,94,42,0,0,,On,192.53,183.14
"10 Apr 2024, 11:35 AM",14,151,141,181,155,140,186,NaN,27.4,96,42,0,0,,On,185.88,183.11
"10 Apr 2024, 11:36 AM",14,176,156,156,178,151,156,NaN,27.4,98,42,0,0,,On,192.02,190.27
"10 Apr 2024, 11:37 AM",14,139,184,180,184,172,182,NaN,27.4,96,42,1,0,,On,188.00,191.04
"10 Apr 2024, 11:38 AM",14,136,139,160,143,189,186,NaN,27.4,95,42,1,0,,On,187.29,189.44
"10 Apr 2024, 11:39 AM",14,160,144,198,198,157,172,NaN,27.4,94,42,1,0,,On,191.11,186.25
"10 Apr 2024, 11:40 AM",14,146,146,149,198,182,196,NaN,27.4,96,42,1,0,,On,188.89,187.23
"10 Apr 2024, 11:41 AM",14,146,146,146,154,163,141,NaN,27.4,96,42,1,0,,Off,191.88,188.26
"10 Apr 2024, 11:42 AM",14,146,146,195,140,146,194,NaN,27.4,96,42,1,1,,Off,186.05,189.54
"10 Apr 2024, 11:43 AM",14,146,146,174,160,153,147,NaN,28.1,94,42,1,1,,Off,188.92,188.49
"10 Apr 2024, 11:44 AM",14,146,146,190,165,183,199,NaN,28.1,95,42,1,1,,Off,184.31,184.33
"10 Apr 2024, 11:45 AM",14,146,146,181,166,183,197,NaN,28.1,94,42,1,1,,Off,191.31,183.89
"10 Apr 2024, 11:46 AM",14,146,146,157,143,197,201,NaN,28.1,99,42,1,1,,Off,183.74,192.27
"10 Apr 2024, 11:47 AM",14,146,146,183,184,164,172,NaN,28.1,94,42,1,1,,Off,191.23,188.86
"10 Apr 2024, 11:48 AM",14,146,146,147,154,182,148,NaN,28.1,93,42,1,1,,Off,189.48,185.50
"10 Apr 2024, 11:49 AM",14,146,146,189,183,164,188,NaN,28.1,97,42,1,1,,Off,187.75,189.00
"10 Apr 2024, 11:50 AM",14,146,146,175,196,164,171,NaN,28.1,98,42,1,1,,Off,186.18,189.95
"10 Apr 2024, 11:51 AM",14,146,146,175,167,151,176,NaN,28.1,93,42,1,1,,Off,185.99,186.97
"10 Apr 2024, 11:52 AM",14,146,146,195,172,140,148,NaN,28.1,95,42,1,1,,Off,183.15,188.02
"10 Apr 2024, 11:53 AM",14,146,146,174,200,175,191,NaN,28.1,98,42,1,1,,Off,185.72,191.28
"10 Apr 2024, 11:54 AM",14,146,146,143,144,201,148,NaN,28.1,94,42,1,1,,Off,187.17,189.59
"10 Apr 2024, 11:55 AM",14,146,146,141,162,164,176,NaN,28.1,96,42,1,1,,Off,184.33,189.00
"10 Apr 2024, 11:56 AM",14,146,146,179,187,145,152,NaN,28.1,93,42,1,1,,Off,183.32,183.08
"10 Apr 2024, 11:57 AM",14,146,146,140,162,163,193,NaN,28.1,98,42,1,1,,Off,189.78,187.21
"10 Apr 2024, 11:58 AM",14,146,146,177,164,157,156,NaN,28.1,95,42,1,1,,Off,185.43,191.59
"10 Apr 2024, 11:59 AM",14,146,146,185,199,196,149,NaN,28.1,93,42,1,1,,Off,190.28,187.81
"10 Apr 2024, 12:00 PM",14,146,146,192,163,144,196,NaN,28.1,95,42,1,1,,Off,190.91,189.88
"10 Apr 2024, 12:01 PM",14,146,146,193,142,194,152,NaN,28.1,96,42,1,1,,Off,188.46,190.06
"10 Apr 2024, 12:02 PM",14,146,146,170,149,152,175,NaN,28.1,94,42,1,1,,Off,186.45,190.63
"10 Apr 2024, 12:03 PM",14,146,146,154,183,175,161,NaN,28.1,94,42,1,1,,Off,190.83,189.51
"10 Apr 2024, 12:04 PM",14,146,146,161,193,185,183,NaN,30.1,95,42,1,1,,Off,182.95,190.31
"10 Apr 2024, 12:05 PM",14,146,146,175,177,184,158,NaN,30.1,93,42,1,1,,Off,184.73,188.23
"10 Apr 2024, 12:06 PM",14,146,146,161,150,152,159,NaN,30.1,95,42,1,1,,Off,192.59,183.06
"10 Apr 2024, 12:07 PM",14,146,146,164,165,181,160,NaN,30.1,94,42,1,1,,Off,183.39,185.71
"10 Apr 2024, 12:08 PM",14,146,146,143,146,146,185,NaN,30.1,97,42,1,1,,Off,189.19,188.42
"10 Apr 2024, 12:09 PM",14,146,146,190,154,171,150,NaN,30.1,98,42,1,1,,Off,189.22,184.35
"10 Apr 2024, 12:10 PM",14,146,146,198,167,194,158,NaN,30.1,96,42,1,1,,Off,188.50,187.83
"10 Apr 2024, 12:11 PM",14,146,146,201,141,193,168,NaN,30.1,99,42,1,1,,Off,192.53,190.66
"10 Apr 2024, 12:12 PM",14,146,146,167,186,191,173,NaN,30.1,99,42,1,1,,Off,192.53,190.54
"10 Apr 2024, 12:13 PM",14,146,146,148,181,187,154,NaN,30.1,95,42,1,1,,Off,187.96,186.80
"10 Apr 2024, 12:14 PM",14,146,146,185,151,154,185,NaN,30.1,95,42,1,1,,Off,185.52,185.95
"10 Apr 2024, 12:15 PM",14,146,146,140,163,147,145,NaN,30.1,95,42,1,1,,Off,189.58,183.29
"10 Apr 2024, 12:16 PM",14,146,146,183,162,201,180,NaN,30.1,93,42,1,1,,Off,191.93,188.19
"10 Apr 2024, 12:17 PM",14,146,146,165,158,155,152,NaN,30.1,95,42,1,1,,Off,184.15,184.18
"10 Apr 2024, 12:18 PM",14,146,146,196,179,189,152,NaN,30.1,98,42,1,1,,Off,192.08,192.32
"10 Apr 2024, 12:19 PM",14,146,146,194,200,141,174,NaN,30.1,96,42,1,1,,Off,183.43,185.60
"10 Apr 2024, 12:20 PM",14,146,146,169,188,141,164,NaN,30.1,93,42,1,1,,Off,183.41,192.47
"10 Apr 2024, 12:21 PM",14,146,146,187,159,181,164,NaN,30.1,93,42,1,1,,Off,185.20,184.94
"10 Apr 2024, 12:22 PM",14,146,146,159,155,145,172,NaN,30.1,93,42,1,1,,Off,190.67,192.41
"10 Apr 2024, 12:23 PM",14,146,146,161,159,193,199,NaN,30.1,96,42,1,1,,Off,188.21,188.18
"10 Apr 2024, 12:24 PM",14,146,146,182,201,189,162,NaN,30.1,97,42,1,1,,Off,182.92,192.76
"10 Apr 2024, 12:25 PM",14,146,146,173,185,142,170,NaN,30.1,97,42,1,1,,Off,190.07,190.88
"10 Apr 2024, 12:26 PM",14,146,146,163,167,184,151,NaN,30.1,96,42,1,1,,Off,192.16,190.63
"10 Apr 2024, 12:27 PM",14,146,146,183,158,168,196,NaN,30.1,96,42,1,1,,Off,192.54,186.54
"10 Apr 2024, 12:28 PM",14,146,146,177,196,171,183,NaN,30.1,99,42,1,1,,Off,184.58,187.5
"10 Apr 2024, 12:29 PM",14,146,146,173,145,148,144,NaN,34.6,97,42,1,1,,Off,187.28,190.62
"10 Apr 2024, 12:30 PM",14,146,146,170,181,196,166,NaN,34.6,93,42,1,1,,Off,187.52,185.28
"10 Apr 2024, 12:31 PM",14,146,146,175,193,159,158,NaN,34.6,96,42,1,1,,Off,184.64,187.08
"10 Apr 2024, 12:32 PM",14,146,146,144,193,146,199,NaN,34.6,99,42,1,1,,Off,185.28,187.05
"10 Apr 2024, 12:33 PM",14,146,146,186,176,194,148,NaN,34.6,99,42,1,1,,Off,186.15,190.26
"10 Apr 2024, 12:34 PM",14,146,146,179,166,144,201,NaN,34.6,97,42,1,1,,Off,189.99,187.11
"10 Apr 2024, 12:35 PM",14,146,146,170,162,196,189,NaN,34.6,95,42,1,1,,Off,185.62,185.64
"10 Apr 2024, 12:36 PM",14,146,146,187,173,164,164,NaN,34.6,97,42,1,1,,Off,183.84,184.53
"10 Apr 2024, 12:37 PM",14,146,146,158,144,194,189,NaN,34.6,96,42,1,1,,Off,184.06,183.23
"10 Apr 2024, 12:38 PM",14,146,146,166,189,166,159,NaN,34.6,94,42,1,1,,Off,185.94,190.92
"10 Apr 2024, 12:39 PM",14,146,146,141,150,161,158,NaN,34.6,98,42,1,1,,Off,188.56,192.74
"10 Apr 2024, 12:40 PM",14,146,146,160,171,197,195,NaN,34.6,93,42,1,1,,Off,184.34,187.63
"10 Apr 2024, 12:41 PM",14,146,146,151,150,201,180,NaN,34.6,97,42,1,1,,Off,183.83,190.77
"10 Apr 2024, 12:42 PM",14,146,146,168,158,146,145,NaN,34.6,93,42,1,1,,Off,183.37,183.63
"10 Apr 2024, 12:43 PM",14,146,146,171,177,153,145,NaN,34.6,97,42,1,1,,Off,192.47,187.56
"10 Apr 2024, 12:44 PM",14,146,146,145,193,149,142,NaN,34.6,94,42,1,1,,Off,187.62,189.99
"10 Apr 2024, 12:45 PM",14,146,146,191,194,141,200,NaN,34.6,97,42,1,1,,Off,190.68,184.79
"10 Apr 2024, 12:46 PM",14,146,146,150,142,169,175,NaN,34.6,97,42,1,1,,Off,187.59,186.94
"10 Apr 2024, 12:47 PM",14,143,179,166,187,175,193,NaN,34.6,93,42,1,1,,Off,187.94,191.50
"10 Apr 2024, 12:48 PM",14,157,154,197,155,179,176,NaN,34.6,96,42,1,1,,Off,190.50,183.12
"10 Apr 2024, 12:49 PM",14,169,152,201,189,185,192,NaN,34.6,94,42,1,1,,Off,184.86,185.96
"10 Apr 2024, 12:50 PM",14,158,176,185,166,201,182,NaN,34.6,93,42,1,1,,Off,189.93,183.44
"10 Apr 2024, 12:51 PM",14,150,158,200,155,191,179,NaN,34.6,95,42,1,1,,Off,187.39,192.02
"10 Apr 2024, 12:52 PM",14,150,134,167,145,181,198,NaN,34.6,97,42,1,1,,Off,186.37,184.62
"10 Apr 2024, 12:53 PM",14,185,166,174,155,185,140,NaN,34.6,98,42,1,1,,Off,192.36,188.53
"10 Apr 2024, 12:54 PM",14,171,176,185,141,140,201,NaN,34.6,93,42,1,1,,Off,184.21,192.83
"10 Apr 2024, 12:55 PM",14,153,163,141,159,183,187,NaN,34.6,96,42,1,1,,Off,190.19,191.43
"10 Apr 2024, 12:56 PM",14,167,133,159,200,156,188,NaN,34.6,99,42,1,1,,Off,186.55,184.72
"10 Apr 2024, 12:57 PM",14,140,154,159,197,176,143,NaN,34.6,96,42,1,1,,Off,187.30,184.21
"10 Apr 2024, 12:58 PM",14,190,154,159,168,190,200,NaN,34.6,94,42,1,1,,Off,186.22,189.78
"10 Apr 2024, 12:59 PM",14,172,166,160,141,182,187,NaN,34.6,96,42,1,1,,Off,188.60,189.29
"10 Apr 2024, 1:00 PM",14,161,131,141,156,147,148,NaN,34.6,99,42,1,1,,Off,188.44,191.65
"10 Apr 2024, 1:01 PM",14,169,175,145,172,185,177,NaN,32.1,96,42,1,1,,Off,187.82,189.97
"10 Apr 2024, 1:02 PM",14,173,168,152,153,190,142,NaN,32.1,98,42,1,1,,Off,190.77,190.86
"10 Apr 2024, 1:03 PM",14,181,153,197,155,142,181,NaN,32.1,93,42,1,1,,Off,184.42,184.79
"10 Apr 2024, 1:04 PM",14,130,135,151,188,195,164,NaN,32.1,96,42,1,1,,Off,184.25,186.34
"10 Apr 2024, 1:05 PM",14,130,141,173,154,151,163,NaN,32.1,98,42,1,1,,Off,192.49,186.32
"10 Apr 2024, 1:06 PM",14,150,161,157,201,147,146,NaN,32.1,99,42,1,1,,Off,185.18,184.68
"10 Apr 2024, 1:07 PM",14,138,140,200,179,185,166,NaN,32.1,97,42,1,1,,Off,185.71,182.95
"10 Apr 2024, 1:08 PM",14,172,167,163,181,144,194,NaN,32.1,93,42,1,1,,Off,186.88,192.83
"10 Apr 2024, 1:09 PM",14,184,168,150,142,169,165,NaN,32.1,93,42,1,1,,Off,186.57,190.41
"10 Apr 2024, 1:10 PM",14,138,152,156,178,199,170,NaN,32.1,94,42,1,1,,Off,189.66,187.98
"10 Apr 2024, 1:11 PM",14,150,190,173,200,153,176,NaN,32.1,95,42,1,1,,Off,189.60,184.06
"10 Apr 2024, 1:12 PM",14,168,144,188,142,144,187,NaN,32.1,95,42,1,1,,Off,190.95,185.35
"10 Apr 2024, 1:13 PM",14,177,148,167,164,199,153,NaN,32.1,97,42,1,1,,Off,188.07,186.12
"10 Apr 2024, 1:14 PM",14,188,151,145,197,184,175,NaN,32.1,97,42,1,1,,Off,189.96,185.05
"10 Apr 2024, 1:15 PM",14,163,151,149,166,144,167,NaN,32.1,94,42,1,1,,Off,189.79,190.14
"10 Apr 2024, 1:16 PM",14,174,159,149,190,160,178,NaN,32.1,98,42,1,1,,Off,185.37,190.37
"10 Apr 2024, 1:17 PM",14,159,181,163,198,155,146,NaN,32.1,94,42,1,1,,Off,184.78,186.69
"10 Apr 2024, 1:18 PM",14,147,153,185,183,162,182,NaN,32.1,95,42,1,1,,Off,183.28,190.68
"10 Apr 2024, 1:19 PM",14,133,158,188,163,177,162,NaN,32.1,99,42,1,1,,Off,187.55,186.68
"10 Apr 2024, 1:20 PM",14,131,145,166,187,166,155,NaN,32.1,99,42,1,1,,Off,184.57,191.72
"10 Apr 2024, 1:21 PM",14,173,146,163,190,150,158,NaN,32.1,97,42,1,1,,Off,191.81,192.14
"10 Apr 2024, 1:22 PM",14,153,136,163,191,193,189,NaN,32.1,93,42,1,1,,Off,183.85,184.51
"10 Apr 2024, 1:23 PM",14,149,145,152,151,183,163,NaN,32.1,99,42,1,1,,Off,191.19,189.56
"10 Apr 2024, 1:24 PM",14,189,160,170,175,159,177,NaN,32.1,96,42,1,1,,Off,183.46,186.47
"10 Apr 2024, 1:25 PM",14,171,158,149,145,166,175,NaN,32.1,96,42,1,1,,Off,186.66,186.17
"10 Apr 2024, 1:26 PM",14,188,182,186,191,154,143,NaN,32.1,99,42,1,1,,Off,189.64,189.94
"10 Apr 2024, 1:27 PM",14,131,149,187,173,148,194,NaN,32.1,95,42,1,1,,Off,191.87,191.22
"10 Apr 2024, 1:28 PM",14,176,184,168,156,148,186,NaN,31.7,98,42,1,1,,Off,187.14,190.52
"10 Apr 2024, 1:29 PM",14,168,134,186,172,164,155,NaN,31.7,95,42,1,1,,Off,188.98,188.97
"10 Apr 2024, 1:30 PM",14,179,143,146,163,196,156,NaN,31.7,97,42,1,1,,Off,191.66,192.35
"10 Apr 2024, 1:31 PM",14,164,151,157,148,157,148,NaN,31.7,99,42,1,1,,Off,191.92,188.15
"10 Apr 2024, 1:32 PM",14,150,179,144,153,141,196,NaN,31.7,93,42,1,1,,Off,184.56,190.01
"10 Apr 2024, 1:33 PM",14,163,136,142,140,174,194,NaN,31.7,98,42,1,1,,Off,183.74,188.00
"10 Apr 2024, 1:34 PM",14,163,136,190,168,144,184,NaN,31.7,93,42,1,1,,Off,182.94,189.52
"10 Apr 2024, 1:35 PM",14,163,136,195,146,162,156,NaN,31.7,94,42,1,1,,Off,189.54,184.32
"10 Apr 2024, 1:36 PM",14,163,136,182,162,180,172,NaN,31.7,93,42,1,1,,Off,188.76,183.44
"10 Apr 2024, 1:37 PM",14,163,136,156,188,163,197,NaN,31.7,98,42,1,1,,Off,189.13,183.74
"10 Apr 2024, 1:38 PM",14,186,136,177,196,152,173,NaN,31.7,97,42,1,1,,Off,192.18,190.51
"10 Apr 2024, 1:39 PM",14,186,-14,184,190,149,174,NaN,31.7,98,42,1,1,,Off,184.64,183.16
"10 Apr 2024, 1:40 PM",14,186,165,197,141,152,146,NaN,31.7,94,42,1,1,,Off,,
"10 Apr 2024, 1:41 PM",14,130,136,168,156,145,143,NaN,31.7,99,42,1,1,,Off,pH Rod 1,pH Rod 2
"10 Apr 2024, 1:42 PM",14,181,139,142,147,174,142,NaN,31.7,97,42,1,1,,Off,mV,mV
"10 Apr 2024, 1:43 PM",14,150,140,172,187,200,153,NaN,31.7,95,42,1,1,,Off,187.72,183.41
"10 Apr 2024, 1:44 PM",14,179,141,170,186,194,166,NaN,31.7,96,42,1,1,,Off,182.98,183.17
"10 Apr 2024, 1:45 PM",14,189,179,196,166,151,171,NaN,31.7,95,42,1,1,,Off,185.01,184.07
"10 Apr 2024, 1:46 PM",14,181,170,179,168,184,190,NaN,31.7,96,42,1,1,,Off,191.45,188.87
"10 Apr 2024, 1:47 PM",14,131,146,195,141,193,149,NaN,31.7,93,42,1,1,,Off,190.30,188.97
"10 Apr 2024, 1:48 PM",14,174,144,181,192,192,156,NaN,31.7,96,42,1,1,,Off,192.47,188.40
"10 Apr 2024, 1:49 PM",14,169,144,158,165,197,143,NaN,31.7,94,42,1,1,,Off,184.13,189.46
"10 Apr 2024, 1:50 PM",14,147,144,142,195,185,185,NaN,31.7,97,42,1,1,,Off,189.99,185.67
"10 Apr 2024, 1:51 PM",14,182,164,189,172,160,148,NaN,31.7,94,42,1,1,,Off,190.51,183.89
"10 Apr 2024, 1:52 PM",14,167,178,173,165,199,169,NaN,31.7,94,42,1,1,,Off,188.31,188.75
"10 Apr 2024, 1:53 PM",14,167,179,166,185,141,197,NaN,31.7,99,42,1,1,,Off,185.37,184.66
"10 Apr 2024, 1:54 PM",14,189,169,159,191,181,142,NaN,31.7,99,42,1,1,,Off,192.57,188.44
"10 Apr 2024, 1:55 PM",14,132,171,197,153,190,149,NaN,31.7,94,42,1,1,,Off,184.98,183.11
"10 Apr 2024, 1:56 PM",14,142,130,189,140,155,181,NaN,31.7,99,42,1,1,,Off,186.13,188.90
"10 Apr 2024, 1:57 PM",14,148,142,200,167,151,159,NaN,31.7,93,42,1,1,,Off,188.81,188.85
"10 Apr 2024, 1:58 PM",14,159,187,166,194,197,185,NaN,31.7,98,42,1,1,,Off,191.39,186.37
"10 Apr 2024, 1:59 PM",14,169,133,165,193,160,142,NaN,31.7,96,42,1,1,,Off,183.23,188.50
"10 Apr 2024, 2:00 PM",14,149,165,188,199,141,147,NaN,31.7,94,42,1,1,,Off,188.85,185.41
"10 Apr 2024, 2:01 PM",14,185,155,192,167,201,196,NaN,31.7,93,1,1,1,,Off,190.46,183.32
"10 Apr 2024, 2:02 PM",14,134,157,195,186,150,179,NaN,31.7,95,1,1,1,,Off,191.00,191.99
"10 Apr 2024, 2:03 PM",14,132,136,165,144,189,163,NaN,31.7,96,1,1,1,,Off,183.62,192.63
"10 Apr 2024, 2:04 PM",14,149,138,151,150,167,182,NaN,31.7,94,1,1,1,,Off,187.71,185.08
"10 Apr 2024, 2:05 PM",14,131,154,196,184,179,177,NaN,31.7,96,1,1,1,,Off,190.71,188.94
"10 Apr 2024, 2:06 PM",14,161,143,186,199,171,198,NaN,32.1,95,1,1,1,,Off,189.40,185.03
"10 Apr 2024, 2:07 PM",14,173,135,197,146,141,201,NaN,32.1,99,1,1,1,,Off,185.20,191.57
"10 Apr 2024, 2:08 PM",14,170,147,194,151,181,145,NaN,32.1,95,1,1,1,,Off,186.97,186.89
"10 Apr 2024, 2:09 PM",14,172,180,162,156,187,146,NaN,32.1,94,1,1,1,,Off,190.00,188.94
"10 Apr 2024, 2:10 PM",14,156,184,162,141,189,166,NaN,32.1,97,42,1,1,,Off,184.30,189.65
"10 Apr 2024, 2:11 PM",14,146,146,174,199,160,171,NaN,32.1,98,42,1,1,,Off,188.87,190.26
"10 Apr 2024, 2:12 PM",14,183,134,193,150,175,175,NaN,32.1,93,42,1,1,,Off,185.31,188.78
"10 Apr 2024, 2:13 PM",14,174,165,184,161,186,166,NaN,32.1,97,42,1,1,,Off,185.28,183.00
"10 Apr 2024, 2:14 PM",14,189,147,175,183,170,178,NaN,32.1,95,42,1,1,,Off,185.36,189.24
"10 Apr 2024, 2:15 PM",14,159,176,163,165,182,181,NaN,32.1,99,42,1,1,,Off,189.47,188.07
"10 Apr 2024, 2:16 PM",14,177,178,175,181,156,155,NaN,32.1,94,42,1,1,,Off,183.26,186.42
"10 Apr 2024, 2:17 PM",14,139,157,177,199,191,180,NaN,32.1,96,42,1,1,,Off,192.83,191.49
"10 Apr 2024, 2:18 PM",14,132,167,180,145,154,151,NaN,32.1,99,42,1,1,,Off,188.73,188.91
"10 Apr 2024, 2:19 PM",14,171,179,153,178,158,188,NaN,32.1,97,42,1,1,,Off,191.26,187.60
"10 Apr 2024, 2:20 PM",14,173,189,182,195,169,147,NaN,32.1,96,42,1,1,,Off,192.41,189.36
"10 Apr 2024, 2:21 PM",14,183,170,143,193,181,142,NaN,32.1,95,45,1,1,,Off,187.55,192.10
"10 Apr 2024, 2:22 PM",14,157,135,189,158,178,140,NaN,32.1,99,35,1,1,,Off,188.36,189.91
"10 Apr 2024, 2:23 PM",14,168,189,158,152,150,179,NaN,32.1,96,44,1,1,,Off,188.48,187.66
"10 Apr 2024, 2:24 PM",14,174,165,159,195,143,199,NaN,32.1,94,43,1,1,,Off,187.55,183.99
"10 Apr 2024, 2:25 PM",14,159,185,141,188,146,173,NaN,32.1,96,23,,,,Off,191.17,191.74
"10 Apr 2024, 2:26 PM",14,134,140,187,181,191,144,NaN,32.1,95,48,,,,Off,183.11,186.27
"10 Apr 2024, 2:27 PM",14,140,172,147,166,167,167,NaN,32.1,99,44,,,,Off,185.80,189.71
"10 Apr 2024, 2:28 PM",14,181,144,184,182,187,168,NaN,32.1,95,43,,,,Off,185.21,187.73
"10 Apr 2024, 2:29 PM",14,162,168,179,163,145,179,NaN,32.1,99,43,,,,Off,183.34,188.24
"10 Apr 2024, 2:30 PM",14,145,171,169,192,143,166,NaN,32.1,93,43,,,,Off,185.28,192.52
"10 Apr 2024, 2:31 PM",14,163,147,191,146,190,200,NaN,32.1,96,49,,,,Off,186.47,187.85
"10 Apr 2024, 2:32 PM",14,173,175,174,148,177,146,NaN,32.1,94,48,,,,Off,188.54,183.44
"10 Apr 2024, 2:33 PM",14,173,170,142,193,179,167,NaN,32.1,97,43,,,,Off,191.76,188.15
"10 Apr 2024, 2:34 PM",14,149,177,142,163,166,186,NaN,32.1,94,43,,,,Off,188.41,189.40
"10 Apr 2024, 2:35 PM",14,131,149,155,184,161,152,NaN,32.1,93,48,,,,Off,192.16,184.23
"10 Apr 2024, 2:36 PM",14,143,157,145,141,197,170,NaN,32.1,99,48,,,,Off,187.31,183.84
"10 Apr 2024, 2:37 PM",14,165,181,149,188,198,179,NaN,32.1,99,48,,,,Off,183.80,190.57
"10 Apr 2024, 2:38 PM",14,179,134,189,171,161,140,NaN,32.1,96,49,1,1,,Off,186.42,187.72
"10 Apr 2024, 2:39 PM",14,184,168,157,172,156,168,NaN,33.3,98,48,1,1,,Off,183.97,185.50
"10 Apr 2024, 2:40 PM",14,175,181,150,156,167,169,NaN,33.3,98,43,1,1,,Off,184.82,189.53
"10 Apr 2024, 2:41 PM",14,165,131,145,141,199,186,NaN,33.3,93,43,1,1,,Off,186.57,183.86
"10 Apr 2024, 2:42 PM",14,167,147,182,155,195,142,NaN,33.3,97,43,1,1,,Off,187.03,189.33
"10 Apr 2024, 2:43 PM",14,165,190,180,162,198,168,NaN,33.3,95,43,1,1,,Off,183.74,191.01
"10 Apr 2024, 2:44 PM",14,165,135,195,152,158,183,NaN,33.3,94,49,1,1,,Off,184.04,184.06
"10 Apr 2024, 2:45 PM",14,175,137,176,180,183,185,NaN,33.3,96,43,1,1,,Off,192.51,186.98
"10 Apr 2024, 2:46 PM",14,155,162,198,148,195,180,NaN,33.3,97,43,1,1,,Off,185.75,184.91
"10 Apr 2024, 2:47 PM",14,153,153,196,172,141,184,NaN,33.3,95,43,1,1,,Off,184.63,189.94
"10 Apr 2024, 2:48 PM",14,147,162,143,154,176,159,NaN,33.3,95,43,1,1,,Off,184.07,188.14
"10 Apr 2024, 2:49 PM",14,141,184,186,186,161,154,NaN,33.3,93,43,1,1,,Off,185.85,189.64
"10 Apr 2024, 2:50 PM",14,159,161,197,188,159,160,NaN,33.3,94,43,1,1,,Off,183.72,182.99
"10 Apr 2024, 2:51 PM",14,180,181,184,165,154,168,NaN,33.3,93,43,1,1,,Off,190.61,192.72
"10 Apr 2024, 2:52 PM",14,165,183,168,170,146,148,NaN,33.3,94,43,1,1,,Off,186.44,187.91
"10 Apr 2024, 2:53 PM",14,172,170,144,177,159,170,NaN,33.3,94,43,1,1,,Off,184.64,190.76
"10 Apr 2024, 2:54 PM",14,154,142,140,166,159,144,NaN,33.3,97,43,,,,Off,,
"10 Apr 2024, 2:55 PM",14,165,136,182,188,164,186,NaN,33.3,94,43,,,,Off,pH Rod 1,pH Rod 2
"10 Apr 2024, 2:56 PM",14,138,149,199,193,166,148,NaN,33.3,93,43,,,,Off,mV,mV
"10 Apr 2024, 2:57 PM",14,184,160,181,183,188,163,NaN,33.3,99,43,,,,Off,187.72,187.36
"10 Apr 2024, 2:58 PM",14,130,179,172,191,167,140,NaN,33.3,93,43,,,,Off,185.25,183.10
"10 Apr 2024, 2:59 PM",14,165,147,190,166,149,151,NaN,33.3,95,43,,,,Off,188.27,184.61
"10 Apr 2024, 3:00 PM",14,185,175,174,186,181,162,NaN,33.3,94,43,,,,Off,189.10,191.49
"10 Apr 2024, 3:01 PM",14,148,164,196,193,156,167,NaN,33.3,95,43,,,,Off,191.14,190.06
"10 Apr 2024, 3:02 PM",14,178,167,145,140,158,197,NaN,33.3,94,43,,,,Off,186.63,186.04
"10 Apr 2024, 3:03 PM",14,161,135,178,168,153,184,NaN,33.3,95,43,,,,Off,188.98,185.66
"10 Apr 2024, 3:04 PM",14,173,149,193,201,152,163,NaN,33.3,95,43,,,,Off,191.62,188.78
"10 Apr 2024, 3:05 PM",14,163,190,186,180,185,167,NaN,33.3,99,43,,,,Off,190.04,188.00
"10 Apr 2024, 3:06 PM",14,138,179,180,173,164,201,NaN,33.3,98,43,,,,Off,187.03,183.31
"10 Apr 2024, 3:07 PM",14,149,165,193,147,140,193,NaN,33.3,97,43,,,,Off,185.64,189.04
"10 Apr 2024, 3:08 PM",14,150,173,147,189,184,199,NaN,33.3,93,43,,,,Off,191.51,192.79
"10 Apr 2024, 3:09 PM",14,159,167,150,185,153,198,NaN,33.3,95,43,,,,Off,186.38,191.12
"10 Apr 2024, 3:10 PM",14,159,155,172,175,192,153,NaN,33.3,99,43,,,,Off,187.13,188.59
"10 Apr 2024, 3:11 PM",14,159,175,188,168,190,156,NaN,33.3,97,43,,,,Off,185.91,190.96
"10 Apr 2024, 3:12 PM",14,159,172,183,164,199,149,NaN,33.3,94,43,,,,Off,185.90,186.65
"10 Apr 2024, 3:13 PM",14,159,161,144,197,186,186,NaN,33.3,97,43,,,,Off,187.78,188.31
"10 Apr 2024, 3:14 PM",14,159,155,151,147,151,183,NaN,33.3,95,43,,,,Off,188.57,184.59
"10 Apr 2024, 3:15 PM",14,181,153,151,146,142,174,NaN,33.3,93,43,,,,Off,183.00,188.67
"10 Apr 2024, 3:16 PM",14,185,143,200,186,146,160,NaN,33.3,95,43,,,,Off,186.64,185.46
"10 Apr 2024, 3:17 PM",14,174,154,144,169,162,168,NaN,33.3,94,43,,,,Off,188.28,183.85
"10 Apr 2024, 3:18 PM",14,139,151,166,153,157,191,NaN,33.3,95,43,,,,Off,189.71,188.20
"10 Apr 2024, 3:19 PM",14,173,137,200,170,180,163,NaN,33.3,97,43,,,,Off,186.56,186.09
"10 Apr 2024, 3:20 PM",14,187,186,147,199,188,152,NaN,33.3,99,43,,,,Off,190.40,191.67
"10 Apr 2024, 3:21 PM",14,153,150,163,182,176,177,NaN,33.3,99,43,,,,Off,186.91,185.54
"10 Apr 2024, 3:22 PM",14,156,182,148,141,190,157,NaN,33.3,93,43,,,,Off,188.88,192.51
"10 Apr 2024, 3:23 PM",14,157,182,193,194,184,188,NaN,33.3,97,43,,,,Off,188.05,189.89
"10 Apr 2024, 3:24 PM",14,157,182,192,149,185,200,NaN,33.3,94,43,,,,Off,186.01,184.90
"10 Apr 2024, 3:25 PM",14,157,182,189,185,150,190,NaN,33.3,98,43,,,,Off,191.35,189.94
"10 Apr 2024, 3:26 PM",14,156,182,164,177,189,178,NaN,33.3,98,43,,,,Off,187.14,192.21
"10 Apr 2024, 3:27 PM",14,159,182,193,184,190,175,NaN,33.3,96,43,,,,Off,189.58,187.55
"10 Apr 2024, 3:28 PM",14,160,182,174,195,183,149,NaN,33.3,96,43,,,,Off,183.02,185.26
"10 Apr 2024, 3:29 PM",14,159,182,144,180,171,147,NaN,31.9,93,43,,,,Off,186.06,185.32
"10 Apr 2024, 3:30 PM",14,159,182,164,146,148,193,NaN,31.9,99,43,,,,Off,186.32,183.13
"10 Apr 2024, 3:31 PM",14,159,182,144,183,151,170,NaN,31.9,94,43,,,,Off,190.01,186.32
"10 Apr 2024, 3:32 PM",14,159,182,181,194,150,199,NaN,31.9,97,43,1,1,,Off,186.34,188.18
"10 Apr 2024, 3:33 PM",14,159,182,143,179,168,178,NaN,31.9,97,43,1,1,,Off,192.34,186.49
"10 Apr 2024, 3:34 PM",14,159,182,197,169,150,172,NaN,31.9,98,43,1,1,,Off,186.69,189.73
"10 Apr 2024, 3:35 PM",14,159,182,199,143,166,156,NaN,31.9,99,43,1,1,,Off,190.63,185.63
"10 Apr 2024, 3:36 PM",14,159,182,191,143,169,167,NaN,31.9,94,43,1,1,,Off,189.12,188.59
"10 Apr 2024, 3:37 PM",14,159,182,144,145,183,180,NaN,31.9,93,43,1,1,,Off,183.20,189.82
"10 Apr 2024, 3:38 PM",14,159,182,166,171,164,151,NaN,31.9,98,43,1,1,,Off,190.91,191.04
"10 Apr 2024, 3:39 PM",14,159,182,179,179,181,189,NaN,31.9,99,43,1,1,,Off,189.51,189.94
"10 Apr 2024, 3:40 PM",14,159,182,193,180,164,187,NaN,31.9,99,43,1,1,,Off,185.46,185.16
"10 Apr 2024, 3:41 PM",14,159,182,177,143,187,144,NaN,31.9,96,43,1,1,,Off,184.09,186.33
"10 Apr 2024, 3:42 PM",14,159,182,190,195,162,163,NaN,31.9,99,43,,,,Off,187.53,189.47
"10 Apr 2024, 3:43 PM",14,159,182,182,158,160,160,NaN,31.9,97,43,,,,Off,186.07,190.40
"10 Apr 2024, 3:44 PM",14,159,182,155,184,155,157,NaN,31.9,97,43,,,,Off,191.31,190.36
"10 Apr 2024, 3:45 PM",14,159,182,147,200,147,183,NaN,31.9,93,43,,,,Off,191.10,183.75
"10 Apr 2024, 3:46 PM",14,159,182,164,176,164,191,NaN,31.9,97,43,,,,Off,187.16,189.53
"10 Apr 2024, 3:47 PM",14,159,182,163,195,140,149,NaN,31.9,93,43,,,,Off,187.08,187.04
"10 Apr 2024, 3:48 PM",14,159,182,162,152,185,183,NaN,31.9,97,43,,,,Off,189.22,186.36
"10 Apr 2024, 3:49 PM",14,159,182,187,173,172,178,NaN,31.9,93,43,,,,Off,189.58,187.89
"10 Apr 2024, 3:50 PM",14,159,182,180,189,159,193,NaN,31.9,99,43,,,,Off,190.50,190.81
"10 Apr 2024, 3:51 PM",14,186,182,158,183,197,144,NaN,31.9,94,43,,,,Off,191.15,192.49
"10 Apr 2024, 3:52 PM",14,164,182,158,156,186,198,NaN,31.9,97,43,,,,Off,185.44,184.27
"10 Apr 2024, 3:53 PM",14,167,182,158,150,154,169,NaN,31.9,97,43,,,,Off,186.75,192.42
"10 Apr 2024, 3:54 PM",14,160,182,158,143,180,200,NaN,31.9,99,43,,,,Off,184.29,191.95
"10 Apr 2024, 3:55 PM",14,160,182,158,172,165,196,NaN,31.9,98,43,,,,Off,190.79,190.35
"10 Apr 2024, 3:56 PM",14,160,182,158,199,189,146,NaN,31.9,94,43,,,,Off,185.70,183.72
"10 Apr 2024, 3:57 PM",14,160,182,163,163,177,159,NaN,31.9,96,43,,,,Off,191.33,184.55
"10 Apr 2024, 3:58 PM",14,160,182,163,151,161,171,NaN,31.9,93,43,,,,Off,184.72,186.18
"10 Apr 2024, 3:59 PM",14,160,182,163,185,191,170,NaN,31.9,96,43,,,,Off,190.71,186.52
"10 Apr 2024, 4:00 PM",14,160,181,163,180,173,151,NaN,31.9,99,43,,,,Off,186.79,189.27
"10 Apr 2024, 4:01 PM",14,160,182,158,166,165,160,NaN,31.9,97,43,,,,Off,183.54,191.04
"10 Apr 2024, 4:02 PM",14,160,181,158,147,197,161,NaN,31.9,99,43,,,,Off,185.66,192.67
"10 Apr 2024, 4:03 PM",14,159,182,158,141,147,179,NaN,31.9,93,43,,,,Off,186.63,184.69
"10 Apr 2024, 4:04 PM",14,160,182,158,144,200,173,NaN,31.9,97,43,,,,Off,184.68,191.85
"10 Apr 2024, 4:05 PM",14,159,182,158,160,197,195,NaN,31.9,98,43,,,,Off,190.63,187.22
"10 Apr 2024, 4:06 PM",14,160,182,166,192,173,164,NaN,31.9,98,43,,,,Off,187.49,186.36
"10 Apr 2024, 4:07 PM",14,160,182,163,197,188,164,NaN,31.9,94,43,,,,Off,190.33,189.70
"10 Apr 2024, 4:08 PM",14,160,182,163,185,168,150,NaN,31.9,94,43,,,,Off,,
"10 Apr 2024, 4:09 PM",14,160,182,163,189,194,150,NaN,31.9,93,43,,,,Off,pH Rod 1,pH Rod 2
"10 Apr 2024, 4:10 PM",14,160,182,163,157,144,185,NaN,31.9,95,43,,,,Off,mV,mV
"10 Apr 2024, 4:11 PM",14,160,181,163,150,193,157,NaN,31.9,93,43,,,,Off,187.72,187.80
"10 Apr 2024, 4:12 PM",14,160,182,163,141,193,173,NaN,31.9,96,43,,,,Off,191.41,192.58
"10 Apr 2024, 4:13 PM",14,161,182,163,145,182,180,NaN,31.9,96,43,,,,Off,190.59,183.37
"10 Apr 2024, 4:14 PM",14,160,182,163,162,171,170,NaN,31.9,96,43,,,,Off,189.68,192.25
"10 Apr 2024, 4:15 PM",14,160,182,161,165,201,173,NaN,31.9,96,43,,,,Off,186.68,191.56
"10 Apr 2024, 4:16 PM",14,159,182,162,177,153,181,NaN,31.9,98,43,,,,Off,184.41,187.01
,,,,,,,,,,,,,,,,187.41,183.14
,,,,,,,,,,,,,,,,187.62,190.28
,,,,,,,,,,,,,,,,191.58,187.20
,,,,,,,,,,,,,,,,189.04,189.03
,,,,,,,,,,,,,,,,183.58,185.37
,,,,,,,,,,,,,,,,187.78,190.22
,,,,,,,,,,,,,,,,184.67,187.63
,,,,,,,,,,,,,,,,188.55,185.52
,,,,,,,,,,,,,,,,191.02,185.01
,,,,,,,,,,,,,,,,192.64,191.29
,,,,,,,,,,,,,,,,185.14,185.90
,,,,,,,,,,,,,,,,187.91,189.18
,,,,,,,,,,,,,,,,183.92,191.54
,,,,,,,,,,,,,,,,187.39,191.16
,,,,,,,,,,,,,,,,188.38,188.00
,,,,,,,,,,,,,,,,189.86,184.81
,,,,,,,,,,,,,,,,186.81,185.64
,,,,,,,,,,,,,,,,185.48,190.07
,,,,,,,,,,,,,,,,188.62,185.09
,,,,,,,,,,,,,,,,184.40,191.46
,,,,,,,,,,,,,,,,188.59,191.52
,,,,,,,,,,,,,,,,190.83,184.17
,,,,,,,,,,,,,,,,183.45,192.09
,,,,,,,,,,,,,,,,188.93,190.22
,,,,,,,,,,,,,,,,183.65,185.77
,,,,,,,,,,,,,,,,185.92,184.73
,,,,,,,,,,,,,,,,189.84,191.04
,,,,,,,,,,,,,,,,191.37,190.95
,,,,,,,,,,,,,,,,191.34,188.84
,,,,,,,,,,,,,,,,192.83,192.76
,,,,,,,,,,,,,,,,183.12,188.97
,,,,,,,,,,,,,,,,189.43,192.45
,,,,,,,,,,,,,,,,192.75,183.22
,,,,,,,,,,,,,,,,187.92,191.79
,,,,,,,,,,,,,,,,186.07,185.25
,,,,,,,,,,,,,,,,183.85,183.31
,,,,,,,,,,,,,,,,191.33,190.09
,,,,,,,,,,,,,,,,191.99,191.98
,,,,,,,,,,,,,,,,183.62,188.67
,,,,,,,,,,,,,,,,183.37,187.05
,,,,,,,,,,,,,,,,188.64,186.79
,,,,,,,,,,,,,,,,192.70,192.51
,,,,,,,,,,,,,,,,184.77,190.93
,,,,,,,,,,,,,,,,189.97,190.24
,,,,,,,,,,,,,,,,186.86,188.86
,,,,,,,,,,,,,,,,184.61,185.42
,,,,,,,,,,,,,,,,184.89,183.07
,,,,,,,,,,,,,,,,192.17,192.82
,,,,,,,,,,,,,,,,185.37,183.83
,,,,,,,,,,,,,,,,183.28,185.72
,,,,,,,,,,,,,,,,183.03,190.02
,,,,,,,,,,,,,,,,192.42,184.86
,,,,,,,,,,,,,,,,184.31,189.10
,,,,,,,,,,,,,,,,190.93,189.66
,,,,,,,,,,,,,,,,190.49,183.74
,,,,,,,,,,,,,,,,183.35,183.37
,,,,,,,,,,,,,,,,186.15,191.61
,,,,,,,,,,,,,,,,185.80,190.11
,,,,,,,,,,,,,,,,184.54,192.67
,,,,,,,,,,,,,,,,192.21,184.75
,,,,,,,,,,,,,,,,185.00,186.39
,,,,,,,,,,,,,,,,187.81,183.60
,,,,,,,,,,,,,,,,192.59,188.50
,,,,,,,,,,,,,,,,191.56,185.97
,,,,,,,,,,,,,,,,184.12,188.32
,,,,,,,,,,,,,,,,,
,,,,,,,,,,,,,,,,pH Rod 1,pH Rod 2
,,,,,,,,,,,,,,,,mV,mV
,,,,,,,,,,,,,,,,187.72,190.43
,,,,,,,,,,,,,,,,188.97,188.59
,,,,,,,,,,,,,,,,186.79,187.63
,,,,,,,,,,,,,,,,184.43,186.61
,,,,,,,,,,,,,,,,185.19,191.97
,,,,,,,,,,,,,,,,191.37,189.34
,,,,,,,,,,,,,,,,189.85,189.17
,,,,,,,,,,,,,,,,191.10,187.88
,,,,,,,,,,,,,,,,185.67,192.80
,,,,,,,,,,,,,,,,191.07,188.11
,,,,,,,,,,,,,,,,192.76,192.62
,,,,,,,,,,,,,,,,184.53,185.32
,,,,,,,,,,,,,,,,186.73,188.39
,,,,,,,,,,,,,,,,190.08,187.63
,,,,,,,,,,,,,,,,189.61,187.79
,,,,,,,,,,,,,,,,192.31,189.67
,,,,,,,,,,,,,,,,191.11,190.27
,,,,,,,,,,,,,,,,190.32,186.40
,,,,,,,,,,,,,,,,184.46,185.42
,,,,,,,,,,,,,,,,188.60,192.40
,,,,,,,,,,,,,,,,188.84,190.68
,,,,,,,,,,,,,,,,186.64,185.29
,,,,,,,,,,,,,,,,187.48,190.12
,,,,,,,,,,,,,,,,183.44,183.19
,,,,,,,,,,,,,,,,188.39,188.88
,,,,,,,,,,,,,,,,184.84,184.20
,,,,,,,,,,,,,,,,186.99,186.51
,,,,,,,,,,,,,,,,191.46,190.49
,,,,,,,,,,,,,,,,183.63,189.11
,,,,,,,,,,,,,,,,183.11,192.35
,,,,,,,,,,,,,,,,189.88,183.71
,,,,,,,,,,,,,,,,187.14,191.88
,,,,,,,,,,,,,,,,188.78,189.60
,,,,,,,,,,,,,,,,191.32,183.07
,,,,,,,,,,,,,,,,187.10,186.23
,,,,,,,,,,,,,,,,190.50,186.22
,,,,,,,,,,,,,,,,190.05,186.08
,,,,,,,,,,,,,,,,183.98,184.81
,,,,,,,,,,,,,,,,188.44,187.19
,,,,,,,,,,,,,,,,186.90,183.55
,,,,,,,,,,,,,,,,186.79,192.13
,,,,,,,,,,,,,,,,185.07,184.17
,,,,,,,,,,,,,,,,188.47,189.67
,,,,,,,,,,,,,,,,185.24,188.20
,,,,,,,,,,,,,,,,185.42,191.23
,,,,,,,,,,,,,,,,185.76,187.15
,,,,,,,,,,,,,,,,186.35,190.97
,,,,,,,,,,,,,,,,187.72,184.18
,,,,,,,,,,,,,,,,187.17,190.31
,,,,,,,,,,,,,,,,183.70,182.98
,,,,,,,,,,,,,,,,192.50,190.40
,,,,,,,,,,,,,,,,184.59,186.37
,,,,,,,,,,,,,,,,192.35,187.68
,,,,,,,,,,,,,,,,183.05,190.22
,,,,,,,,,,,,,,,,190.53,188.71
,,,,,,,,,,,,,,,,191.23,189.24
,,,,,,,,,,,,,,,,186.36,190.34
,,,,,,,,,,,,,,,,183.87,184.16
,,,,,,,,,,,,,,,,183.63,191.82
,,,,,,,,,,,,,,,,187.30,189.96
,,,,,,,,,,,,,,,,186.64,186.12
,,,,,,,,,,,,,,,,184.30,183.01
,,,,,,,,,,,,,,,,185.60,186.69
,,,,,,,,,,,,,,,,185.68,184.50
,,,,,,,,,,,,,,,,186.66,186.96
,,,,,,,,,,,,,,,,188.05,184.10
,,,,,,,,,,,,,,,,190.55,189.29
,,,,,,,,,,,,,,,,192.33,185.40
,,,,,,,,,,,,,,,,188.34,189.02
,,,,,,,,,,,,,,,,183.25,192.55
,,,,,,,,,,,,,,,,186.83,189.66