Timestamp,Phosphorous01,Phosphorous02,Nitrogen01,Nitrogen02,Potassium01,Potassium02,Temp01,Hum01,SoilM01,SoilM02,pH Rod 1,pH Rod 2,Time,Day
"10 Apr 2024, 10:00 AM",135.0,146.0,193.0,193.0,193.0,193.0,27.4,99.0,1.0,1.0,187.72,188.35,,
"10 Apr 2024, 10:01 AM",133.0,131.0,172.0,145.0,156.0,145.0,27.4,93.0,1.0,1.0,187.72,184.07,,
"10 Apr 2024, 10:02 AM",133.0,149.0,160.0,145.0,142.0,140.0,27.4,97.0,1.0,1.0,183.96,185.05,,
"10 Apr 2024, 10:03 AM",178.0,185.0,162.0,143.0,193.0,173.0,27.4,98.0,1.0,1.0,183.54,184.48,,
"10 Apr 2024, 10:04 AM",149.0,135.0,185.0,162.0,181.0,187.0,27.4,95.0,1.0,1.0,189.22,189.89,,
"10 Apr 2024, 10:05 AM",135.0,163.0,152.0,192.0,145.0,167.0,27.4,95.0,1.0,1.0,184.0,189.42,,
"10 Apr 2024, 10:06 AM",154.0,173.0,199.0,190.0,184.0,189.0,27.4,97.0,1.0,1.0,188.75,186.54,,
"10 Apr 2024, 10:07 AM",190.0,162.0,188.0,150.0,166.0,147.0,27.4,96.0,1.0,1.0,189.06,183.13,,
"10 Apr 2024, 10:08 AM",145.0,169.0,161.0,175.0,179.0,172.0,27.4,96.0,1.0,1.0,186.82,184.67,,
"10 Apr 2024, 10:09 AM",174.0,134.0,170.0,162.0,194.0,163.0,27.4,96.0,1.0,1.0,188.35,187.67,,
"10 Apr 2024, 10:10 AM",131.0,185.0,179.0,201.0,176.0,176.0,27.4,99.0,1.0,1.0,185.31,190.23,,
"10 Apr 2024, 10:11 AM",135.0,144.0,197.0,157.0,185.0,201.0,27.4,96.0,1.0,1.0,189.17,183.61,,
"10 Apr 2024, 10:12 AM",170.0,167.0,164.0,153.0,150.0,159.0,27.4,95.0,1.0,1.0,192.68,186.61,,
"10 Apr 2024, 10:13 AM",141.0,140.0,152.0,173.0,146.0,161.0,27.4,98.0,1.0,1.0,189.08,191.9,,
"10 Apr 2024, 10:14 AM",160.0,131.0,140.0,172.0,150.0,173.0,27.4,99.0,1.0,1.0,192.56,185.7,,
"10 Apr 2024, 10:15 AM",173.0,150.0,170.0,194.0,140.0,192.0,27.4,98.0,1.0,1.0,185.8,184.97,,
"10 Apr 2024, 10:16 AM",148.0,164.0,158.0,180.0,163.0,166.0,27.4,96.0,1.0,1.0,191.58,192.41,,
"10 Apr 2024, 10:17 AM",139.0,172.0,150.0,145.0,151.0,191.0,27.4,94.0,1.0,1.0,184.65,192.52,,
"10 Apr 2024, 10:18 AM",131.0,182.0,200.0,201.0,142.0,180.0,27.4,97.0,1.0,1.0,187.01,184.85,,
"10 Apr 2024, 10:19 AM",157.0,181.0,151.0,185.0,175.0,195.0,27.4,94.0,1.0,1.0,192.13,188.74,,
"10 Apr 2024, 10:20 AM",147.0,164.0,158.0,168.0,188.0,148.0,27.4,93.0,1.0,1.0,191.22,183.13,,
"10 Apr 2024, 10:21 AM",164.0,131.0,147.0,149.0,173.0,160.0,27.4,96.0,1.0,1.0,188.4,187.39,,
"10 Apr 2024, 10:22 AM",153.0,160.0,174.0,176.0,156.0,162.0,27.4,94.0,1.0,1.0,184.51,187.77,,
"10 Apr 2024, 10:23 AM",133.0,168.0,199.0,184.0,147.0,162.0,27.4,95.0,1.0,1.0,192.35,192.53,,
"10 Apr 2024, 10:24 AM",153.0,151.0,162.0,149.0,169.0,187.0,27.4,96.0,1.0,1.0,188.71,184.35,,
"10 Apr 2024, 10:25 AM",154.0,189.0,148.0,141.0,149.0,166.0,27.4,95.0,1.0,1.0,188.63,190.44,,
"10 Apr 2024, 10:26 AM",170.0,158.0,192.0,156.0,196.0,140.0,27.4,99.0,1.0,1.0,189.98,190.82,,
"10 Apr 2024, 10:27 AM",182.0,170.0,141.0,157.0,166.0,184.0,27.4,98.0,1.0,1.0,183.25,189.51,,
"10 Apr 2024, 10:28 AM",130.0,180.0,195.0,181.0,198.0,142.0,27.4,98.0,1.0,1.0,192.24,188.01,,
"10 Apr 2024, 10:29 AM",188.0,155.0,144.0,143.0,190.0,183.0,27.4,93.0,1.0,1.0,184.73,192.51,,
"10 Apr 2024, 10:30 AM",179.0,132.0,151.0,184.0,183.0,172.0,27.4,98.0,1.0,1.0,191.99,184.71,,
"10 Apr 2024, 10:31 AM",163.0,147.0,140.0,180.0,153.0,156.0,27.4,94.0,1.0,1.0,189.75,189.79,,
"10 Apr 2024, 10:32 AM",152.0,158.0,180.0,181.0,146.0,182.0,27.4,97.0,1.0,1.0,189.57,190.92,,
"10 Apr 2024, 10:33 AM",172.0,170.0,146.0,169.0,179.0,171.0,27.4,95.0,1.0,1.0,183.2,188.01,,
"10 Apr 2024, 10:34 AM",165.0,140.0,164.0,181.0,180.0,159.0,27.4,98.0,1.0,1.0,190.44,190.87,,
"10 Apr 2024, 10:35 AM",146.0,136.0,184.0,177.0,150.0,181.0,27.4,94.0,1.0,1.0,189.66,189.8,,
"10 Apr 2024, 10:36 AM",155.0,157.0,189.0,150.0,171.0,188.0,27.4,94.0,1.0,1.0,188.93,189.27,,
"10 Apr 2024, 10:37 AM",175.0,183.0,164.0,180.0,175.0,154.0,27.4,96.0,1.0,1.0,186.58,183.16,,
"10 Apr 2024, 10:38 AM",130.0,161.0,163.0,155.0,153.0,150.0,27.4,98.0,1.0,1.0,189.9,188.76,,
"10 Apr 2024, 10:39 AM",149.0,163.0,154.0,163.0,174.0,143.0,27.4,98.0,1.0,1.0,190.68,188.08,,
"10 Apr 2024, 10:40 AM",131.0,137.0,188.0,150.0,145.0,182.0,27.4,95.0,1.0,1.0,184.78,184.31,,
"10 Apr 2024, 10:41 AM",160.0,179.0,183.0,161.0,171.0,154.0,27.4,95.0,1.0,1.0,191.25,190.16,,
"10 Apr 2024, 10:42 AM",146.0,151.0,145.0,193.0,163.0,189.0,27.4,95.0,1.0,1.0,188.7,188.32,,
"10 Apr 2024, 10:43 AM",135.0,174.0,190.0,165.0,165.0,158.0,27.4,98.0,1.0,1.0,183.88,185.01,,
"10 Apr 2024, 10:44 AM",130.0,149.0,165.0,184.0,187.0,165.0,27.4,98.0,1.0,1.0,192.12,188.76,,
"10 Apr 2024, 10:45 AM",142.0,150.0,199.0,164.0,187.0,145.0,27.4,96.0,1.0,1.0,183.55,190.47,,
"10 Apr 2024, 10:46 AM",133.0,140.0,180.0,167.0,174.0,195.0,27.4,93.0,1.0,1.0,185.61,191.7,,
"10 Apr 2024, 10:47 AM",180.0,176.0,144.0,184.0,140.0,162.0,27.4,96.0,1.0,1.0,187.23,184.83,,
"10 Apr 2024, 10:48 AM",194.0,194.0,169.0,156.0,190.0,195.0,27.4,94.0,1.0,1.0,188.86,184.55,,
"10 Apr 2024, 10:49 AM",179.0,179.0,160.0,163.0,181.0,146.0,27.4,99.0,1.0,1.0,189.08,186.53,,
"10 Apr 2024, 10:50 AM",184.0,184.0,173.0,175.0,143.0,155.0,27.4,98.0,1.0,1.0,192.7,183.01,,
"10 Apr 2024, 10:51 AM",146.0,146.0,193.0,156.0,142.0,201.0,27.4,98.0,1.0,1.0,185.99,184.81,,
"10 Apr 2024, 10:52 AM",199.0,199.0,183.0,141.0,199.0,190.0,27.4,98.0,1.0,1.0,184.05,187.97,,
"10 Apr 2024, 10:53 AM",141.0,141.0,190.0,198.0,146.0,186.0,27.4,99.0,1.0,1.0,188.75,190.36,,
"10 Apr 2024, 10:54 AM",143.0,143.0,179.0,162.0,192.0,192.0,27.4,94.0,1.0,1.0,183.47,184.64,,
"10 Apr 2024, 10:55 AM",164.0,156.0,159.0,190.0,162.0,196.0,27.4,98.0,1.0,1.0,190.09,185.54,,
"10 Apr 2024, 10:56 AM",156.0,140.0,167.0,175.0,155.0,198.0,27.4,93.0,1.0,1.0,184.71,185.08,,
"10 Apr 2024, 10:57 AM",147.0,150.0,185.0,192.0,175.0,199.0,27.4,94.0,1.0,1.0,189.98,191.44,,
"10 Apr 2024, 10:58 AM",146.0,162.0,185.0,154.0,150.0,198.0,27.4,98.0,1.0,1.0,187.29,191.56,,
"10 Apr 2024, 10:59 AM",179.0,146.0,162.0,188.0,172.0,197.0,27.4,98.0,1.0,1.0,185.19,191.11,,
"10 Apr 2024, 11:00 AM",146.0,174.0,149.0,193.0,178.0,184.0,27.4,99.0,1.0,1.0,191.15,186.85,,
"10 Apr 2024, 11:01 AM",130.0,190.0,180.0,158.0,149.0,190.0,27.4,97.0,1.0,1.0,185.85,190.65,,
"10 Apr 2024, 11:02 AM",159.0,181.0,175.0,147.0,162.0,168.0,27.4,94.0,1.0,1.0,184.3,183.92,,
"10 Apr 2024, 11:03 AM",142.0,174.0,165.0,163.0,195.0,169.0,27.4,94.0,1.0,1.0,190.25,185.46,,
"10 Apr 2024, 11:04 AM",168.0,139.0,148.0,190.0,160.0,168.0,27.4,98.0,1.0,1.0,190.92,183.81,,
"10 Apr 2024, 11:05 AM",154.0,174.0,185.0,199.0,162.0,152.0,27.4,99.0,1.0,1.0,183.47,192.31,,
"10 Apr 2024, 11:06 AM",184.0,133.0,141.0,166.0,147.0,150.0,27.4,93.0,1.0,1.0,191.0,184.22,,
"10 Apr 2024, 11:07 AM",131.0,141.0,193.0,187.0,145.0,178.0,27.4,97.0,1.0,1.0,184.35,192.79,,
"10 Apr 2024, 11:08 AM",174.0,138.0,174.0,152.0,170.0,177.0,27.4,94.0,1.0,1.0,189.18,190.33,,
"10 Apr 2024, 11:09 AM",180.0,190.0,164.0,186.0,175.0,148.0,27.4,93.0,1.0,1.0,188.04,188.51,,
"10 Apr 2024, 11:10 AM",162.0,148.0,172.0,176.0,156.0,196.0,27.4,95.0,1.0,1.0,188.87,189.37,,
"10 Apr 2024, 11:11 AM",166.0,160.0,188.0,141.0,195.0,178.0,27.4,97.0,1.0,1.0,190.82,183.74,,
"10 Apr 2024, 11:12 AM",163.0,152.0,187.0,153.0,175.0,146.0,27.4,97.0,1.0,1.0,186.27,183.71,,
"10 Apr 2024, 11:13 AM",179.0,163.0,184.0,172.0,189.0,146.0,27.4,97.0,1.0,1.0,188.78,188.06,,
"10 Apr 2024, 11:14 AM",169.0,155.0,182.0,172.0,196.0,151.0,27.4,99.0,1.0,1.0,183.13,186.27,,
"10 Apr 2024, 11:15 AM",138.0,181.0,159.0,154.0,175.0,197.0,27.4,93.0,1.0,1.0,185.8,183.23,,
"10 Apr 2024, 11:16 AM",180.0,140.0,159.0,174.0,167.0,152.0,27.4,94.0,1.0,1.0,185.29,188.21,,
"10 Apr 2024, 11:17 AM",142.0,176.0,179.0,193.0,187.0,174.0,27.4,95.0,1.0,1.0,191.17,187.83,,
"10 Apr 2024, 11:18 AM",167.0,157.0,166.0,174.0,171.0,149.0,27.4,98.0,1.0,1.0,190.22,187.23,,
"10 Apr 2024, 11:19 AM",156.0,134.0,147.0,174.0,186.0,192.0,27.4,97.0,1.0,1.0,184.13,192.75,,
"10 Apr 2024, 11:20 AM",133.0,178.0,175.0,170.0,198.0,178.0,27.4,93.0,1.0,1.0,191.39,187.94,,
"10 Apr 2024, 11:21 AM",168.0,188.0,177.0,185.0,169.0,158.0,27.4,99.0,1.0,1.0,185.26,189.97,,
"10 Apr 2024, 11:22 AM",136.0,130.0,196.0,181.0,184.0,192.0,27.4,97.0,1.0,1.0,183.87,189.55,,
"10 Apr 2024, 11:23 AM",156.0,171.0,143.0,151.0,180.0,163.0,27.4,94.0,1.0,1.0,185.49,185.43,,
"10 Apr 2024, 11:24 AM",149.0,152.0,160.0,161.0,140.0,191.0,27.4,94.0,1.0,1.0,189.63,188.31,,
"10 Apr 2024, 11:25 AM",169.0,141.0,179.0,201.0,172.0,153.0,27.4,93.0,1.0,1.0,191.26,185.34,,
"10 Apr 2024, 11:26 AM",133.0,153.0,196.0,149.0,173.0,141.0,27.4,99.0,1.0,1.0,189.82,183.44,,
"10 Apr 2024, 11:27 AM",176.0,135.0,172.0,168.0,172.0,162.0,27.4,98.0,1.0,1.0,187.18,188.25,,
"10 Apr 2024, 11:28 AM",157.0,143.0,180.0,174.0,192.0,172.0,27.4,99.0,1.0,1.0,189.67,189.67,,
"10 Apr 2024, 11:29 AM",145.0,168.0,154.0,156.0,143.0,193.0,27.4,95.0,1.0,1.0,190.63,190.66,,
"10 Apr 2024, 11:30 AM",146.0,148.0,168.0,194.0,180.0,162.0,27.4,93.0,1.0,1.0,192.3,190.49,,
"10 Apr 2024, 11:31 AM",180.0,160.0,189.0,145.0,160.0,157.0,27.4,93.0,1.0,1.0,183.81,183.94,,
"10 Apr 2024, 11:32 AM",174.0,176.0,176.0,147.0,161.0,164.0,27.4,96.0,1.0,1.0,185.26,190.72,,
"10 Apr 2024, 11:33 AM",158.0,152.0,168.0,201.0,166.0,163.0,27.4,96.0,1.0,1.0,184.38,192.26,,
"10 Apr 2024, 11:34 AM",161.0,166.0,141.0,199.0,143.0,185.0,27.4,94.0,1.0,1.0,192.53,183.14,,
"10 Apr 2024, 11:35 AM",151.0,141.0,181.0,155.0,140.0,186.0,27.4,96.0,1.0,1.0,185.88,183.11,,
"10 Apr 2024, 11:36 AM",176.0,156.0,156.0,178.0,151.0,156.0,27.4,98.0,1.0,1.0,192.02,190.27,,
"10 Apr 2024, 11:37 AM",139.0,184.0,180.0,184.0,172.0,182.0,27.4,96.0,1.0,1.0,188.0,191.04,,
"10 Apr 2024, 11:38 AM",136.0,139.0,160.0,143.0,189.0,186.0,27.4,95.0,1.0,1.0,187.29,189.44,,
"10 Apr 2024, 11:39 AM",160.0,144.0,198.0,198.0,157.0,172.0,27.4,94.0,1.0,1.0,191.11,186.25,,
"10 Apr 2024, 11:40 AM",146.0,146.0,149.0,198.0,182.0,196.0,27.4,96.0,1.0,1.0,188.89,187.23,,
"10 Apr 2024, 11:41 AM",146.0,146.0,146.0,154.0,163.0,141.0,27.4,96.0,1.0,1.0,191.88,188.26,,
"10 Apr 2024, 11:42 AM",146.0,146.0,195.0,140.0,146.0,194.0,27.4,96.0,1.0,1.0,186.05,189.54,,
"10 Apr 2024, 11:43 AM",146.0,146.0,174.0,160.0,153.0,147.0,28.1,94.0,1.0,1.0,188.92,188.49,,
"10 Apr 2024, 11:44 AM",146.0,146.0,190.0,165.0,183.0,199.0,28.1,95.0,1.0,1.0,184.31,184.33,,
"10 Apr 2024, 11:45 AM",146.0,146.0,181.0,166.0,183.0,197.0,28.1,94.0,1.0,1.0,191.31,183.89,,
"10 Apr 2024, 11:46 AM",146.0,146.0,157.0,143.0,197.0,201.0,28.1,99.0,1.0,1.0,183.74,192.27,,
"10 Apr 2024, 11:47 AM",146.0,146.0,183.0,184.0,164.0,172.0,28.1,94.0,1.0,1.0,191.23,188.86,,
"10 Apr 2024, 11:48 AM",146.0,146.0,147.0,154.0,182.0,148.0,28.1,93.0,1.0,1.0,189.48,185.5,,
"10 Apr 2024, 11:49 AM",146.0,146.0,189.0,183.0,164.0,188.0,28.1,97.0,1.0,1.0,187.75,189.0,,
"10 Apr 2024, 11:50 AM",146.0,146.0,175.0,196.0,164.0,171.0,28.1,98.0,1.0,1.0,186.18,189.95,,
"10 Apr 2024, 11:51 AM",146.0,146.0,175.0,167.0,151.0,176.0,28.1,93.0,1.0,1.0,185.99,186.97,,
"10 Apr 2024, 11:52 AM",146.0,146.0,195.0,172.0,140.0,148.0,28.1,95.0,1.0,1.0,183.15,188.02,,
"10 Apr 2024, 11:53 AM",146.0,146.0,174.0,200.0,175.0,191.0,28.1,98.0,1.0,1.0,185.72,191.28,,
"10 Apr 2024, 11:54 AM",146.0,146.0,143.0,144.0,201.0,148.0,28.1,94.0,1.0,1.0,187.17,189.59,,
"10 Apr 2024, 11:55 AM",146.0,146.0,141.0,162.0,164.0,176.0,28.1,96.0,1.0,1.0,184.33,189.0,,
"10 Apr 2024, 11:56 AM",146.0,146.0,179.0,187.0,145.0,152.0,28.1,93.0,1.0,1.0,183.32,183.08,,
"10 Apr 2024, 11:57 AM",146.0,146.0,140.0,162.0,163.0,193.0,28.1,98.0,1.0,1.0,189.78,187.21,,
"10 Apr 2024, 11:58 AM",146.0,146.0,177.0,164.0,157.0,156.0,28.1,95.0,1.0,1.0,185.43,191.59,,
"10 Apr 2024, 11:59 AM",146.0,146.0,185.0,199.0,196.0,149.0,28.1,93.0,1.0,1.0,190.28,187.81,,
"10 Apr 2024, 12:00 PM",146.0,146.0,192.0,163.0,144.0,196.0,28.1,95.0,1.0,1.0,190.91,189.88,,
"10 Apr 2024, 12:01 PM",146.0,146.0,193.0,142.0,194.0,152.0,28.1,96.0,1.0,1.0,188.46,190.06,,
"10 Apr 2024, 12:02 PM",146.0,146.0,170.0,149.0,152.0,175.0,28.1,94.0,1.0,1.0,186.45,190.63,,
"10 Apr 2024, 12:03 PM",146.0,146.0,154.0,183.0,175.0,161.0,28.1,94.0,1.0,1.0,190.83,189.51,,
"10 Apr 2024, 12:04 PM",146.0,146.0,161.0,193.0,185.0,183.0,30.1,95.0,1.0,1.0,182.95,190.31,,
"10 Apr 2024, 12:05 PM",146.0,146.0,175.0,177.0,184.0,158.0,30.1,93.0,1.0,1.0,184.73,188.23,,
"10 Apr 2024, 12:06 PM",146.0,146.0,161.0,150.0,152.0,159.0,30.1,95.0,1.0,1.0,192.59,183.06,,
"10 Apr 2024, 12:07 PM",146.0,146.0,164.0,165.0,181.0,160.0,30.1,94.0,1.0,1.0,183.39,185.71,,
"10 Apr 2024, 12:08 PM",146.0,146.0,143.0,146.0,146.0,185.0,30.1,97.0,1.0,1.0,189.19,188.42,,
"10 Apr 2024, 12:09 PM",146.0,146.0,190.0,154.0,171.0,150.0,30.1,98.0,1.0,1.0,189.22,184.35,,
"10 Apr 2024, 12:10 PM",146.0,146.0,198.0,167.0,194.0,158.0,30.1,96.0,1.0,1.0,188.5,187.83,,
"10 Apr 2024, 12:11 PM",146.0,146.0,201.0,141.0,193.0,168.0,30.1,99.0,1.0,1.0,192.53,190.66,,
"10 Apr 2024, 12:12 PM",146.0,146.0,167.0,186.0,191.0,173.0,30.1,99.0,1.0,1.0,192.53,190.54,,
"10 Apr 2024, 12:13 PM",146.0,146.0,148.0,181.0,187.0,154.0,30.1,95.0,1.0,1.0,187.96,186.8,,
"10 Apr 2024, 12:14 PM",146.0,146.0,185.0,151.0,154.0,185.0,30.1,95.0,1.0,1.0,185.52,185.95,,
"10 Apr 2024, 12:15 PM",146.0,146.0,140.0,163.0,147.0,145.0,30.1,95.0,1.0,1.0,189.58,183.29,,
"10 Apr 2024, 12:16 PM",146.0,146.0,183.0,162.0,201.0,180.0,30.1,93.0,1.0,1.0,191.93,188.19,,
"10 Apr 2024, 12:17 PM",146.0,146.0,165.0,158.0,155.0,152.0,30.1,95.0,1.0,1.0,184.15,184.18,,
"10 Apr 2024, 12:18 PM",146.0,146.0,196.0,179.0,189.0,152.0,30.1,98.0,1.0,1.0,192.08,192.32,,
"10 Apr 2024, 12:19 PM",146.0,146.0,194.0,200.0,141.0,174.0,30.1,96.0,1.0,1.0,183.43,185.6,,
"10 Apr 2024, 12:20 PM",146.0,146.0,169.0,188.0,141.0,164.0,30.1,93.0,1.0,1.0,183.41,192.47,,
"10 Apr 2024, 12:21 PM",146.0,146.0,187.0,159.0,181.0,164.0,30.1,93.0,1.0,1.0,185.2,184.94,,
"10 Apr 2024, 12:22 PM",146.0,146.0,159.0,155.0,145.0,172.0,30.1,93.0,1.0,1.0,190.67,192.41,,
"10 Apr 2024, 12:23 PM",146.0,146.0,161.0,159.0,193.0,199.0,30.1,96.0,1.0,1.0,188.21,188.18,,
"10 Apr 2024, 12:24 PM",146.0,146.0,182.0,201.0,189.0,162.0,30.1,97.0,1.0,1.0,182.92,192.76,,
"10 Apr 2024, 12:25 PM",146.0,146.0,173.0,185.0,142.0,170.0,30.1,97.0,1.0,1.0,190.07,190.88,,
"10 Apr 2024, 12:26 PM",146.0,146.0,163.0,167.0,184.0,151.0,30.1,96.0,1.0,1.0,192.16,190.63,,
"10 Apr 2024, 12:27 PM",146.0,146.0,183.0,158.0,168.0,196.0,30.1,96.0,1.0,1.0,192.54,186.54,,
"10 Apr 2024, 12:28 PM",146.0,146.0,177.0,196.0,171.0,183.0,30.1,99.0,1.0,1.0,184.58,187.5,,
"10 Apr 2024, 12:29 PM",146.0,146.0,173.0,145.0,148.0,144.0,34.6,97.0,1.0,1.0,187.28,190.62,,
"10 Apr 2024, 12:30 PM",146.0,146.0,170.0,181.0,196.0,166.0,34.6,93.0,1.0,1.0,187.52,185.28,,
"10 Apr 2024, 12:31 PM",146.0,146.0,175.0,193.0,159.0,158.0,34.6,96.0,1.0,1.0,184.64,187.08,,
"10 Apr 2024, 12:32 PM",146.0,146.0,144.0,193.0,146.0,199.0,34.6,99.0,1.0,1.0,185.28,187.05,,
"10 Apr 2024, 12:33 PM",146.0,146.0,186.0,176.0,194.0,148.0,34.6,99.0,1.0,1.0,186.15,190.26,,
"10 Apr 2024, 12:34 PM",146.0,146.0,179.0,166.0,144.0,201.0,34.6,97.0,1.0,1.0,189.99,187.11,,
"10 Apr 2024, 12:35 PM",146.0,146.0,170.0,162.0,196.0,189.0,34.6,95.0,1.0,1.0,185.62,185.64,,
"10 Apr 2024, 12:36 PM",146.0,146.0,187.0,173.0,164.0,164.0,34.6,97.0,1.0,1.0,183.84,184.53,,
"10 Apr 2024, 12:37 PM",146.0,146.0,158.0,144.0,194.0,189.0,34.6,96.0,1.0,1.0,184.06,183.23,,
"10 Apr 2024, 12:38 PM",146.0,146.0,166.0,189.0,166.0,159.0,34.6,94.0,1.0,1.0,185.94,190.92,,
"10 Apr 2024, 12:39 PM",146.0,146.0,141.0,150.0,161.0,158.0,34.6,98.0,1.0,1.0,188.56,192.74,,
"10 Apr 2024, 12:40 PM",146.0,146.0,160.0,171.0,197.0,195.0,34.6,93.0,1.0,1.0,184.34,187.63,,
"10 Apr 2024, 12:41 PM",146.0,146.0,151.0,150.0,201.0,180.0,34.6,97.0,1.0,1.0,183.83,190.77,,
"10 Apr 2024, 12:42 PM",146.0,146.0,168.0,158.0,146.0,145.0,34.6,93.0,1.0,1.0,183.37,183.63,,
"10 Apr 2024, 12:43 PM",146.0,146.0,171.0,177.0,153.0,145.0,34.6,97.0,1.0,1.0,192.47,187.56,,
"10 Apr 2024, 12:44 PM",146.0,146.0,145.0,193.0,149.0,142.0,34.6,94.0,1.0,1.0,187.62,189.99,,
"10 Apr 2024, 12:45 PM",146.0,146.0,191.0,194.0,141.0,200.0,34.6,97.0,1.0,1.0,190.68,184.79,,
"10 Apr 2024, 12:46 PM",146.0,146.0,150.0,142.0,169.0,175.0,34.6,97.0,1.0,1.0,187.59,186.94,,
"10 Apr 2024, 12:47 PM",143.0,179.0,166.0,187.0,175.0,193.0,34.6,93.0,1.0,1.0,187.94,191.5,,
"10 Apr 2024, 12:48 PM",157.0,154.0,197.0,155.0,179.0,176.0,34.6,96.0,1.0,1.0,190.5,183.12,,
"10 Apr 2024, 12:49 PM",169.0,152.0,201.0,189.0,185.0,192.0,34.6,94.0,1.0,1.0,184.86,185.96,,
"10 Apr 2024, 12:50 PM",158.0,176.0,185.0,166.0,201.0,182.0,34.6,93.0,1.0,1.0,189.93,183.44,,
"10 Apr 2024, 12:51 PM",150.0,158.0,200.0,155.0,191.0,179.0,34.6,95.0,1.0,1.0,187.39,192.02,,
"10 Apr 2024, 12:52 PM",150.0,134.0,167.0,145.0,181.0,198.0,34.6,97.0,1.0,1.0,186.37,184.62,,
"10 Apr 2024, 12:53 PM",185.0,166.0,174.0,155.0,185.0,140.0,34.6,98.0,1.0,1.0,192.36,188.53,,
"10 Apr 2024, 12:54 PM",171.0,176.0,185.0,141.0,140.0,201.0,34.6,93.0,1.0,1.0,184.21,192.83,,
"10 Apr 2024, 12:55 PM",153.0,163.0,141.0,159.0,183.0,187.0,34.6,96.0,1.0,1.0,190.19,191.43,,
"10 Apr 2024, 12:56 PM",167.0,133.0,159.0,200.0,156.0,188.0,34.6,99.0,1.0,1.0,186.55,184.72,,
"10 Apr 2024, 12:57 PM",140.0,154.0,159.0,197.0,176.0,143.0,34.6,96.0,1.0,1.0,187.3,184.21,,
"10 Apr 2024, 12:58 PM",190.0,154.0,159.0,168.0,190.0,200.0,34.6,94.0,1.0,1.0,186.22,189.78,,
"10 Apr 2024, 12:59 PM",172.0,166.0,160.0,141.0,182.0,187.0,34.6,96.0,1.0,1.0,188.6,189.29,,
"10 Apr 2024, 1:00 PM",161.0,131.0,141.0,156.0,147.0,148.0,34.6,99.0,1.0,1.0,188.44,191.65,,
"10 Apr 2024, 1:01 PM",169.0,175.0,145.0,172.0,185.0,177.0,32.1,96.0,1.0,1.0,187.82,189.97,,
"10 Apr 2024, 1:02 PM",173.0,168.0,152.0,153.0,190.0,142.0,32.1,98.0,1.0,1.0,190.77,190.86,,
"10 Apr 2024, 1:03 PM",181.0,153.0,197.0,155.0,142.0,181.0,32.1,93.0,1.0,1.0,184.42,184.79,,
"10 Apr 2024, 1:04 PM",130.0,135.0,151.0,188.0,195.0,164.0,32.1,96.0,1.0,1.0,184.25,186.34,,
"10 Apr 2024, 1:05 PM",130.0,141.0,173.0,154.0,151.0,163.0,32.1,98.0,1.0,1.0,192.49,186.32,,
"10 Apr 2024, 1:06 PM",150.0,161.0,157.0,201.0,147.0,146.0,32.1,99.0,1.0,1.0,185.18,184.68,,
"10 Apr 2024, 1:07 PM",138.0,140.0,200.0,179.0,185.0,166.0,32.1,97.0,1.0,1.0,185.71,182.95,,
"10 Apr 2024, 1:08 PM",172.0,167.0,163.0,181.0,144.0,194.0,32.1,93.0,1.0,1.0,186.88,192.83,,
"10 Apr 2024, 1:09 PM",184.0,168.0,150.0,142.0,169.0,165.0,32.1,93.0,1.0,1.0,186.57,190.41,,
"10 Apr 2024, 1:10 PM",138.0,152.0,156.0,178.0,199.0,170.0,32.1,94.0,1.0,1.0,189.66,187.98,,
"10 Apr 2024, 1:11 PM",150.0,190.0,173.0,200.0,153.0,176.0,32.1,95.0,1.0,1.0,189.6,184.06,,
"10 Apr 2024, 1:12 PM",168.0,144.0,188.0,142.0,144.0,187.0,32.1,95.0,1.0,1.0,190.95,185.35,,
"10 Apr 2024, 1:13 PM",177.0,148.0,167.0,164.0,199.0,153.0,32.1,97.0,1.0,1.0,188.07,186.12,,
"10 Apr 2024, 1:14 PM",188.0,151.0,145.0,197.0,184.0,175.0,32.1,97.0,1.0,1.0,189.96,185.05,,
"10 Apr 2024, 1:15 PM",163.0,151.0,149.0,166.0,144.0,167.0,32.1,94.0,1.0,1.0,189.79,190.14,,
"10 Apr 2024, 1:16 PM",174.0,159.0,149.0,190.0,160.0,178.0,32.1,98.0,1.0,1.0,185.37,190.37,,
"10 Apr 2024, 1:17 PM",159.0,181.0,163.0,198.0,155.0,146.0,32.1,94.0,1.0,1.0,184.78,186.69,,
"10 Apr 2024, 1:18 PM",147.0,153.0,185.0,183.0,162.0,182.0,32.1,95.0,1.0,1.0,183.28,190.68,,
"10 Apr 2024, 1:19 PM",133.0,158.0,188.0,163.0,177.0,162.0,32.1,99.0,1.0,1.0,187.55,186.68,,
"10 Apr 2024, 1:20 PM",131.0,145.0,166.0,187.0,166.0,155.0,32.1,99.0,1.0,1.0,184.57,191.72,,
"10 Apr 2024, 1:21 PM",173.0,146.0,163.0,190.0,150.0,158.0,32.1,97.0,1.0,1.0,191.81,192.14,,
"10 Apr 2024, 1:22 PM",153.0,136.0,163.0,191.0,193.0,189.0,32.1,93.0,1.0,1.0,183.85,184.51,,
"10 Apr 2024, 1:23 PM",149.0,145.0,152.0,151.0,183.0,163.0,32.1,99.0,1.0,1.0,191.19,189.56,,
"10 Apr 2024, 1:24 PM",189.0,160.0,170.0,175.0,159.0,177.0,32.1,96.0,1.0,1.0,183.46,186.47,,
"10 Apr 2024, 1:25 PM",171.0,158.0,149.0,145.0,166.0,175.0,32.1,96.0,1.0,1.0,186.66,186.17,,
"10 Apr 2024, 1:26 PM",188.0,182.0,186.0,191.0,154.0,143.0,32.1,99.0,1.0,1.0,189.64,189.94,,
"10 Apr 2024, 1:27 PM",131.0,149.0,187.0,173.0,148.0,194.0,32.1,95.0,1.0,1.0,191.87,191.22,,
"10 Apr 2024, 1:28 PM",176.0,184.0,168.0,156.0,148.0,186.0,31.7,98.0,1.0,1.0,187.14,190.52,,
"10 Apr 2024, 1:29 PM",168.0,134.0,186.0,172.0,164.0,155.0,31.7,95.0,1.0,1.0,188.98,188.97,,
"10 Apr 2024, 1:30 PM",179.0,143.0,146.0,163.0,196.0,156.0,31.7,97.0,1.0,1.0,191.66,192.35,,
"10 Apr 2024, 1:31 PM",164.0,151.0,157.0,148.0,157.0,148.0,31.7,99.0,1.0,1.0,191.92,188.15,,
"10 Apr 2024, 1:32 PM",150.0,179.0,144.0,153.0,141.0,196.0,31.7,93.0,1.0,1.0,184.56,190.01,,
"10 Apr 2024, 1:33 PM",163.0,136.0,142.0,140.0,174.0,194.0,31.7,98.0,1.0,1.0,183.74,188.0,,
"10 Apr 2024, 1:34 PM",163.0,136.0,190.0,168.0,144.0,184.0,31.7,93.0,1.0,1.0,182.94,189.52,,
"10 Apr 2024, 1:35 PM",163.0,136.0,195.0,146.0,162.0,156.0,31.7,94.0,1.0,1.0,189.54,184.32,,
"10 Apr 2024, 1:36 PM",163.0,136.0,182.0,162.0,180.0,172.0,31.7,93.0,1.0,1.0,188.76,183.44,,
"10 Apr 2024, 1:37 PM",163.0,136.0,156.0,188.0,163.0,197.0,31.7,98.0,1.0,1.0,189.13,183.74,,
"10 Apr 2024, 1:38 PM",186.0,136.0,177.0,196.0,152.0,173.0,31.7,97.0,1.0,1.0,192.18,190.51,,
"10 Apr 2024, 1:39 PM",186.0,150.5,184.0,190.0,149.0,174.0,31.7,98.0,1.0,1.0,184.64,183.16,,
"10 Apr 2024, 1:40 PM",186.0,165.0,197.0,141.0,152.0,146.0,31.7,94.0,1.0,1.0,185.41,183.2225,,
"10 Apr 2024, 1:41 PM",130.0,136.0,168.0,156.0,145.0,143.0,31.7,99.0,1.0,1.0,186.18,183.285,,
"10 Apr 2024, 1:42 PM",181.0,139.0,142.0,147.0,174.0,142.0,31.7,97.0,1.0,1.0,186.95,183.3475,,
"10 Apr 2024, 1:43 PM",150.0,140.0,172.0,187.0,200.0,153.0,31.7,95.0,1.0,1.0,187.72,183.41,,
"10 Apr 2024, 1:44 PM",179.0,141.0,170.0,186.0,194.0,166.0,31.7,96.0,1.0,1.0,182.98,183.17,,
"10 Apr 2024, 1:45 PM",189.0,179.0,196.0,166.0,151.0,171.0,31.7,95.0,1.0,1.0,185.01,184.07,,
"10 Apr 2024, 1:46 PM",181.0,170.0,179.0,168.0,184.0,190.0,31.7,96.0,1.0,1.0,191.45,188.87,,
"10 Apr 2024, 1:47 PM",131.0,146.0,195.0,141.0,193.0,149.0,31.7,93.0,1.0,1.0,190.3,188.97,,
"10 Apr 2024, 1:48 PM",174.0,144.0,181.0,192.0,192.0,156.0,31.7,96.0,1.0,1.0,192.47,188.4,,
"10 Apr 2024, 1:49 PM",169.0,144.0,158.0,165.0,197.0,143.0,31.7,94.0,1.0,1.0,184.13,189.46,,
"10 Apr 2024, 1:50 PM",147.0,144.0,142.0,195.0,185.0,185.0,31.7,97.0,1.0,1.0,189.99,185.67,,
"10 Apr 2024, 1:51 PM",182.0,164.0,189.0,172.0,160.0,148.0,31.7,94.0,1.0,1.0,190.51,183.89,,
"10 Apr 2024, 1:52 PM",167.0,178.0,173.0,165.0,199.0,169.0,31.7,94.0,1.0,1.0,188.31,188.75,,
"10 Apr 2024, 1:53 PM",167.0,179.0,166.0,185.0,141.0,197.0,31.7,99.0,1.0,1.0,185.37,184.66,,
"10 Apr 2024, 1:54 PM",189.0,169.0,159.0,191.0,181.0,142.0,31.7,99.0,1.0,1.0,192.57,188.44,,
"10 Apr 2024, 1:55 PM",132.0,171.0,197.0,153.0,190.0,149.0,31.7,94.0,1.0,1.0,184.98,183.11,,
"10 Apr 2024, 1:56 PM",142.0,130.0,189.0,140.0,155.0,181.0,31.7,99.0,1.0,1.0,186.13,188.9,,
"10 Apr 2024, 1:57 PM",148.0,142.0,200.0,167.0,151.0,159.0,31.7,93.0,1.0,1.0,188.81,188.85,,
"10 Apr 2024, 1:58 PM",159.0,187.0,166.0,194.0,197.0,185.0,31.7,98.0,1.0,1.0,191.39,186.37,,
"10 Apr 2024, 1:59 PM",169.0,133.0,165.0,193.0,160.0,142.0,31.7,96.0,1.0,1.0,183.23,188.5,,
"10 Apr 2024, 2:00 PM",149.0,165.0,188.0,199.0,141.0,147.0,31.7,94.0,1.0,1.0,188.85,185.41,,
"10 Apr 2024, 2:01 PM",185.0,155.0,192.0,167.0,201.0,196.0,31.7,93.0,1.0,1.0,190.46,183.32,,
"10 Apr 2024, 2:02 PM",134.0,157.0,195.0,186.0,150.0,179.0,31.7,95.0,1.0,1.0,191.0,191.99,,
"10 Apr 2024, 2:03 PM",132.0,136.0,165.0,144.0,189.0,163.0,31.7,96.0,1.0,1.0,183.62,192.63,,
"10 Apr 2024, 2:04 PM",149.0,138.0,151.0,150.0,167.0,182.0,31.7,94.0,1.0,1.0,187.71,185.08,,
"10 Apr 2024, 2:05 PM",131.0,154.0,196.0,184.0,179.0,177.0,31.7,96.0,1.0,1.0,190.71,188.94,,
"10 Apr 2024, 2:06 PM",161.0,143.0,186.0,199.0,171.0,198.0,32.1,95.0,1.0,1.0,189.4,185.03,,
"10 Apr 2024, 2:07 PM",173.0,135.0,197.0,146.0,141.0,201.0,32.1,99.0,1.0,1.0,185.2,191.57,,
"10 Apr 2024, 2:08 PM",170.0,147.0,194.0,151.0,181.0,145.0,32.1,95.0,1.0,1.0,186.97,186.89,,
"10 Apr 2024, 2:09 PM",172.0,180.0,162.0,156.0,187.0,146.0,32.1,94.0,1.0,1.0,190.0,188.94,,
"10 Apr 2024, 2:10 PM",156.0,184.0,162.0,141.0,189.0,166.0,32.1,97.0,1.0,1.0,184.3,189.65,,
"10 Apr 2024, 2:11 PM",146.0,146.0,174.0,199.0,160.0,171.0,32.1,98.0,1.0,1.0,188.87,190.26,,
"10 Apr 2024, 2:12 PM",183.0,134.0,193.0,150.0,175.0,175.0,32.1,93.0,1.0,1.0,185.31,188.78,,
"10 Apr 2024, 2:13 PM",174.0,165.0,184.0,161.0,186.0,166.0,32.1,97.0,1.0,1.0,185.28,183.0,,
"10 Apr 2024, 2:14 PM",189.0,147.0,175.0,183.0,170.0,178.0,32.1,95.0,1.0,1.0,185.36,189.24,,
"10 Apr 2024, 2:15 PM",159.0,176.0,163.0,165.0,182.0,181.0,32.1,99.0,1.0,1.0,189.47,188.07,,
"10 Apr 2024, 2:16 PM",177.0,178.0,175.0,181.0,156.0,155.0,32.1,94.0,1.0,1.0,183.26,186.42,,
"10 Apr 2024, 2:17 PM",139.0,157.0,177.0,199.0,191.0,180.0,32.1,96.0,1.0,1.0,192.83,191.49,,
"10 Apr 2024, 2:18 PM",132.0,167.0,180.0,145.0,154.0,151.0,32.1,99.0,1.0,1.0,188.73,188.91,,
"10 Apr 2024, 2:19 PM",171.0,179.0,153.0,178.0,158.0,188.0,32.1,97.0,1.0,1.0,191.26,187.6,,
"10 Apr 2024, 2:20 PM",173.0,189.0,182.0,195.0,169.0,147.0,32.1,96.0,1.0,1.0,192.41,189.36,,
"10 Apr 2024, 2:21 PM",183.0,170.0,143.0,193.0,181.0,142.0,32.1,95.0,1.0,1.0,187.55,192.1,,
"10 Apr 2024, 2:22 PM",157.0,135.0,189.0,158.0,178.0,140.0,32.1,99.0,1.0,1.0,188.36,189.91,,
"10 Apr 2024, 2:23 PM",168.0,189.0,158.0,152.0,150.0,179.0,32.1,96.0,1.0,1.0,188.48,187.66,,
"10 Apr 2024, 2:24 PM",174.0,165.0,159.0,195.0,143.0,199.0,32.1,94.0,1.0,1.0,187.55,183.99,,
"10 Apr 2024, 2:25 PM",159.0,185.0,141.0,188.0,146.0,173.0,32.1,96.0,1.0,1.0,191.17,191.74,,
"10 Apr 2024, 2:26 PM",134.0,140.0,187.0,181.0,191.0,144.0,32.1,95.0,1.0,1.0,183.11,186.27,,
"10 Apr 2024, 2:27 PM",140.0,172.0,147.0,166.0,167.0,167.0,32.1,99.0,1.0,1.0,185.8,189.71,,
"10 Apr 2024, 2:28 PM",181.0,144.0,184.0,182.0,187.0,168.0,32.1,95.0,1.0,1.0,185.21,187.73,,
"10 Apr 2024, 2:29 PM",162.0,168.0,179.0,163.0,145.0,179.0,32.1,99.0,1.0,1.0,183.34,188.24,,
"10 Apr 2024, 2:30 PM",145.0,171.0,169.0,192.0,143.0,166.0,32.1,93.0,1.0,1.0,185.28,192.52,,
"10 Apr 2024, 2:31 PM",163.0,147.0,191.0,146.0,190.0,200.0,32.1,96.0,1.0,1.0,186.47,187.85,,
"10 Apr 2024, 2:32 PM",173.0,175.0,174.0,148.0,177.0,146.0,32.1,94.0,1.0,1.0,188.54,183.44,,
"10 Apr 2024, 2:33 PM",173.0,170.0,142.0,193.0,179.0,167.0,32.1,97.0,1.0,1.0,191.76,188.15,,
"10 Apr 2024, 2:34 PM",149.0,177.0,142.0,163.0,166.0,186.0,32.1,94.0,1.0,1.0,188.41,189.4,,
"10 Apr 2024, 2:35 PM",131.0,149.0,155.0,184.0,161.0,152.0,32.1,93.0,1.0,1.0,192.16,184.23,,
"10 Apr 2024, 2:36 PM",143.0,157.0,145.0,141.0,197.0,170.0,32.1,99.0,1.0,1.0,187.31,183.84,,
"10 Apr 2024, 2:37 PM",165.0,181.0,149.0,188.0,198.0,179.0,32.1,99.0,1.0,1.0,183.8,190.57,,
"10 Apr 2024, 2:38 PM",179.0,134.0,189.0,171.0,161.0,140.0,32.1,96.0,1.0,1.0,186.42,187.72,,
"10 Apr 2024, 2:39 PM",184.0,168.0,157.0,172.0,156.0,168.0,33.3,98.0,1.0,1.0,183.97,185.5,,
"10 Apr 2024, 2:40 PM",175.0,181.0,150.0,156.0,167.0,169.0,33.3,98.0,1.0,1.0,184.82,189.53,,
"10 Apr 2024, 2:41 PM",165.0,131.0,145.0,141.0,199.0,186.0,33.3,93.0,1.0,1.0,186.57,183.86,,
"10 Apr 2024, 2:42 PM",167.0,147.0,182.0,155.0,195.0,142.0,33.3,97.0,1.0,1.0,187.03,189.33,,
"10 Apr 2024, 2:43 PM",165.0,190.0,180.0,162.0,198.0,168.0,33.3,95.0,1.0,1.0,183.74,191.01,,
"10 Apr 2024, 2:44 PM",165.0,135.0,195.0,152.0,158.0,183.0,33.3,94.0,1.0,1.0,184.04,184.06,,
"10 Apr 2024, 2:45 PM",175.0,137.0,176.0,180.0,183.0,185.0,33.3,96.0,1.0,1.0,192.51,186.98,,
"10 Apr 2024, 2:46 PM",155.0,162.0,198.0,148.0,195.0,180.0,33.3,97.0,1.0,1.0,185.75,184.91,,
"10 Apr 2024, 2:47 PM",153.0,153.0,196.0,172.0,141.0,184.0,33.3,95.0,1.0,1.0,184.63,189.94,,
"10 Apr 2024, 2:48 PM",147.0,162.0,143.0,154.0,176.0,159.0,33.3,95.0,1.0,1.0,184.07,188.14,,
"10 Apr 2024, 2:49 PM",141.0,184.0,186.0,186.0,161.0,154.0,33.3,93.0,1.0,1.0,185.85,189.64,,
"10 Apr 2024, 2:50 PM",159.0,161.0,197.0,188.0,159.0,160.0,33.3,94.0,1.0,1.0,183.72,182.99,,
"10 Apr 2024, 2:51 PM",180.0,181.0,184.0,165.0,154.0,168.0,33.3,93.0,1.0,1.0,190.61,192.72,,
"10 Apr 2024, 2:52 PM",165.0,183.0,168.0,170.0,146.0,148.0,33.3,94.0,1.0,1.0,186.44,187.91,,
"10 Apr 2024, 2:53 PM",172.0,170.0,144.0,177.0,159.0,170.0,33.3,94.0,1.0,1.0,184.64,190.76,,
"10 Apr 2024, 2:54 PM",154.0,142.0,140.0,166.0,159.0,144.0,33.3,97.0,1.0,1.0,185.41,189.91,,
"10 Apr 2024, 2:55 PM",165.0,136.0,182.0,188.0,164.0,186.0,33.3,94.0,1.0,1.0,186.18,189.06,,
"10 Apr 2024, 2:56 PM",138.0,149.0,199.0,193.0,166.0,148.0,33.3,93.0,1.0,1.0,186.95,188.21,,
"10 Apr 2024, 2:57 PM",184.0,160.0,181.0,183.0,188.0,163.0,33.3,99.0,1.0,1.0,187.72,187.36,,
"10 Apr 2024, 2:58 PM",130.0,179.0,172.0,191.0,167.0,140.0,33.3,93.0,1.0,1.0,185.25,183.1,,
"10 Apr 2024, 2:59 PM",165.0,147.0,190.0,166.0,149.0,151.0,33.3,95.0,1.0,1.0,188.27,184.61,,
"10 Apr 2024, 3:00 PM",185.0,175.0,174.0,186.0,181.0,162.0,33.3,94.0,1.0,1.0,189.1,191.49,,
"10 Apr 2024, 3:01 PM",148.0,164.0,196.0,193.0,156.0,167.0,33.3,95.0,1.0,1.0,191.14,190.06,,
"10 Apr 2024, 3:02 PM",178.0,167.0,145.0,140.0,158.0,197.0,33.3,94.0,1.0,1.0,186.63,186.04,,
"10 Apr 2024, 3:03 PM",161.0,135.0,178.0,168.0,153.0,184.0,33.3,95.0,1.0,1.0,188.98,185.66,,
"10 Apr 2024, 3:04 PM",173.0,149.0,193.0,201.0,152.0,163.0,33.3,95.0,1.0,1.0,191.62,188.78,,
"10 Apr 2024, 3:05 PM",163.0,190.0,186.0,180.0,185.0,167.0,33.3,99.0,1.0,1.0,190.04,188.0,,
"10 Apr 2024, 3:06 PM",138.0,179.0,180.0,173.0,164.0,201.0,33.3,98.0,1.0,1.0,187.03,183.31,,
"10 Apr 2024, 3:07 PM",149.0,165.0,193.0,147.0,140.0,193.0,33.3,97.0,1.0,1.0,185.64,189.04,,
"10 Apr 2024, 3:08 PM",150.0,173.0,147.0,189.0,184.0,199.0,33.3,93.0,1.0,1.0,191.51,192.79,,
"10 Apr 2024, 3:09 PM",159.0,167.0,150.0,185.0,153.0,198.0,33.3,95.0,1.0,1.0,186.38,191.12,,
"10 Apr 2024, 3:10 PM",159.0,155.0,172.0,175.0,192.0,153.0,33.3,99.0,1.0,1.0,187.13,188.59,,
"10 Apr 2024, 3:11 PM",159.0,175.0,188.0,168.0,190.0,156.0,33.3,97.0,1.0,1.0,185.91,190.96,,
"10 Apr 2024, 3:12 PM",159.0,172.0,183.0,164.0,199.0,149.0,33.3,94.0,1.0,1.0,185.9,186.65,,
"10 Apr 2024, 3:13 PM",159.0,161.0,144.0,197.0,186.0,186.0,33.3,97.0,1.0,1.0,187.78,188.31,,
"10 Apr 2024, 3:14 PM",159.0,155.0,151.0,147.0,151.0,183.0,33.3,95.0,1.0,1.0,188.57,184.59,,
"10 Apr 2024, 3:15 PM",181.0,153.0,151.0,146.0,142.0,174.0,33.3,93.0,1.0,1.0,183.0,188.67,,
"10 Apr 2024, 3:16 PM",185.0,143.0,200.0,186.0,146.0,160.0,33.3,95.0,1.0,1.0,186.64,185.46,,
"10 Apr 2024, 3:17 PM",174.0,154.0,144.0,169.0,162.0,168.0,33.3,94.0,1.0,1.0,188.28,183.85,,
"10 Apr 2024, 3:18 PM",139.0,151.0,166.0,153.0,157.0,191.0,33.3,95.0,1.0,1.0,189.71,188.2,,
"10 Apr 2024, 3:19 PM",173.0,137.0,200.0,170.0,180.0,163.0,33.3,97.0,1.0,1.0,186.56,186.09,,
"10 Apr 2024, 3:20 PM",187.0,186.0,147.0,199.0,188.0,152.0,33.3,99.0,1.0,1.0,190.4,191.67,,
"10 Apr 2024, 3:21 PM",153.0,150.0,163.0,182.0,176.0,177.0,33.3,99.0,1.0,1.0,186.91,185.54,,
"10 Apr 2024, 3:22 PM",156.0,182.0,148.0,141.0,190.0,157.0,33.3,93.0,1.0,1.0,188.88,192.51,,
"10 Apr 2024, 3:23 PM",157.0,182.0,193.0,194.0,184.0,188.0,33.3,97.0,1.0,1.0,188.05,189.89,,
"10 Apr 2024, 3:24 PM",157.0,182.0,192.0,149.0,185.0,200.0,33.3,94.0,1.0,1.0,186.01,184.9,,
"10 Apr 2024, 3:25 PM",157.0,182.0,189.0,185.0,150.0,190.0,33.3,98.0,1.0,1.0,191.35,189.94,,
"10 Apr 2024, 3:26 PM",156.0,182.0,164.0,177.0,189.0,178.0,33.3,98.0,1.0,1.0,187.14,192.21,,
"10 Apr 2024, 3:27 PM",159.0,182.0,193.0,184.0,190.0,175.0,33.3,96.0,1.0,1.0,189.58,187.55,,
"10 Apr 2024, 3:28 PM",160.0,182.0,174.0,195.0,183.0,149.0,33.3,96.0,1.0,1.0,183.02,185.26,,
"10 Apr 2024, 3:29 PM",159.0,182.0,144.0,180.0,171.0,147.0,31.9,93.0,1.0,1.0,186.06,185.32,,
"10 Apr 2024, 3:30 PM",159.0,182.0,164.0,146.0,148.0,193.0,31.9,99.0,1.0,1.0,186.32,183.13,,
"10 Apr 2024, 3:31 PM",159.0,182.0,144.0,183.0,151.0,170.0,31.9,94.0,1.0,1.0,190.01,186.32,,
"10 Apr 2024, 3:32 PM",159.0,182.0,181.0,194.0,150.0,199.0,31.9,97.0,1.0,1.0,186.34,188.18,,
"10 Apr 2024, 3:33 PM",159.0,182.0,143.0,179.0,168.0,178.0,31.9,97.0,1.0,1.0,192.34,186.49,,
"10 Apr 2024, 3:34 PM",159.0,182.0,197.0,169.0,150.0,172.0,31.9,98.0,1.0,1.0,186.69,189.73,,
"10 Apr 2024, 3:35 PM",159.0,182.0,199.0,143.0,166.0,156.0,31.9,99.0,1.0,1.0,190.63,185.63,,
"10 Apr 2024, 3:36 PM",159.0,182.0,191.0,143.0,169.0,167.0,31.9,94.0,1.0,1.0,189.12,188.59,,
"10 Apr 2024, 3:37 PM",159.0,182.0,144.0,145.0,183.0,180.0,31.9,93.0,1.0,1.0,183.2,189.82,,
"10 Apr 2024, 3:38 PM",159.0,182.0,166.0,171.0,164.0,151.0,31.9,98.0,1.0,1.0,190.91,191.04,,
"10 Apr 2024, 3:39 PM",159.0,182.0,179.0,179.0,181.0,189.0,31.9,99.0,1.0,1.0,189.51,189.94,,
"10 Apr 2024, 3:40 PM",159.0,182.0,193.0,180.0,164.0,187.0,31.9,99.0,1.0,1.0,185.46,185.16,,
"10 Apr 2024, 3:41 PM",159.0,182.0,177.0,143.0,187.0,144.0,31.9,96.0,1.0,1.0,184.09,186.33,,
"10 Apr 2024, 3:42 PM",159.0,182.0,190.0,195.0,162.0,163.0,31.9,99.0,1.0,1.0,187.53,189.47,,
"10 Apr 2024, 3:43 PM",159.0,182.0,182.0,158.0,160.0,160.0,31.9,97.0,1.0,1.0,186.07,190.4,,
"10 Apr 2024, 3:44 PM",159.0,182.0,155.0,184.0,155.0,157.0,31.9,97.0,1.0,1.0,191.31,190.36,,
"10 Apr 2024, 3:45 PM",159.0,182.0,147.0,200.0,147.0,183.0,31.9,93.0,1.0,1.0,191.1,183.75,,
"10 Apr 2024, 3:46 PM",159.0,182.0,164.0,176.0,164.0,191.0,31.9,97.0,1.0,1.0,187.16,189.53,,
"10 Apr 2024, 3:47 PM",159.0,182.0,163.0,195.0,140.0,149.0,31.9,93.0,1.0,1.0,187.08,187.04,,
"10 Apr 2024, 3:48 PM",159.0,182.0,162.0,152.0,185.0,183.0,31.9,97.0,1.0,1.0,189.22,186.36,,
"10 Apr 2024, 3:49 PM",159.0,182.0,187.0,173.0,172.0,178.0,31.9,93.0,1.0,1.0,189.58,187.89,,
"10 Apr 2024, 3:50 PM",159.0,182.0,180.0,189.0,159.0,193.0,31.9,99.0,1.0,1.0,190.5,190.81,,
"10 Apr 2024, 3:51 PM",186.0,182.0,158.0,183.0,197.0,144.0,31.9,94.0,1.0,1.0,191.15,192.49,,
"10 Apr 2024, 3:52 PM",164.0,182.0,158.0,156.0,186.0,198.0,31.9,97.0,1.0,1.0,185.44,184.27,,
"10 Apr 2024, 3:53 PM",167.0,182.0,158.0,150.0,154.0,169.0,31.9,97.0,1.0,1.0,186.75,192.42,,
"10 Apr 2024, 3:54 PM",160.0,182.0,158.0,143.0,180.0,200.0,31.9,99.0,1.0,1.0,184.29,191.95,,
"10 Apr 2024, 3:55 PM",160.0,182.0,158.0,172.0,165.0,196.0,31.9,98.0,1.0,1.0,190.79,190.35,,
"10 Apr 2024, 3:56 PM",160.0,182.0,158.0,199.0,189.0,146.0,31.9,94.0,1.0,1.0,185.7,183.72,,
"10 Apr 2024, 3:57 PM",160.0,182.0,163.0,163.0,177.0,159.0,31.9,96.0,1.0,1.0,191.33,184.55,,
"10 Apr 2024, 3:58 PM",160.0,182.0,163.0,151.0,161.0,171.0,31.9,93.0,1.0,1.0,184.72,186.18,,
"10 Apr 2024, 3:59 PM",160.0,182.0,163.0,185.0,191.0,170.0,31.9,96.0,1.0,1.0,190.71,186.52,,
"10 Apr 2024, 4:00 PM",160.0,181.0,163.0,180.0,173.0,151.0,31.9,99.0,1.0,1.0,186.79,189.27,,
"10 Apr 2024, 4:01 PM",160.0,182.0,158.0,166.0,165.0,160.0,31.9,97.0,1.0,1.0,183.54,191.04,,
"10 Apr 2024, 4:02 PM",160.0,181.0,158.0,147.0,197.0,161.0,31.9,99.0,1.0,1.0,185.66,192.67,,
"10 Apr 2024, 4:03 PM",159.0,182.0,158.0,141.0,147.0,179.0,31.9,93.0,1.0,1.0,186.63,184.69,,
"10 Apr 2024, 4:04 PM",160.0,182.0,158.0,144.0,200.0,173.0,31.9,97.0,1.0,1.0,184.68,191.85,,
"10 Apr 2024, 4:05 PM",159.0,182.0,158.0,160.0,197.0,195.0,31.9,98.0,1.0,1.0,190.63,187.22,,
"10 Apr 2024, 4:06 PM",160.0,182.0,166.0,192.0,173.0,164.0,31.9,98.0,1.0,1.0,187.49,186.36,,
"10 Apr 2024, 4:07 PM",160.0,182.0,163.0,197.0,188.0,164.0,31.9,94.0,1.0,1.0,190.33,189.7,,
"10 Apr 2024, 4:08 PM",160.0,182.0,163.0,185.0,168.0,150.0,31.9,94.0,1.0,1.0,189.6775,189.225,,
"10 Apr 2024, 4:09 PM",160.0,182.0,163.0,189.0,194.0,150.0,31.9,93.0,1.0,1.0,189.025,188.75,,
"10 Apr 2024, 4:10 PM",160.0,182.0,163.0,157.0,144.0,185.0,31.9,95.0,1.0,1.0,188.3725,188.275,,
"10 Apr 2024, 4:11 PM",160.0,181.0,163.0,150.0,193.0,157.0,31.9,93.0,1.0,1.0,187.72,187.8,,
"10 Apr 2024, 4:12 PM",160.0,182.0,163.0,141.0,193.0,173.0,31.9,96.0,1.0,1.0,191.41,192.58,,
"10 Apr 2024, 4:13 PM",161.0,182.0,163.0,145.0,182.0,180.0,31.9,96.0,1.0,1.0,190.59,183.37,,
"10 Apr 2024, 4:14 PM",160.0,182.0,163.0,162.0,171.0,170.0,31.9,96.0,1.0,1.0,189.68,192.25,,
"10 Apr 2024, 4:15 PM",160.0,182.0,161.0,165.0,201.0,173.0,31.9,96.0,1.0,1.0,186.68,191.56,,
"10 Apr 2024, 4:16 PM",159.0,182.0,162.0,177.0,153.0,181.0,31.9,98.0,1.0,1.0,184.41,187.01,,
"14 Apr 2024, 10:00 AM",146.0,169.0,131.0,156.0,169.0,160.0,28.5,0.0,1.0,1.0,187.72,183.8,,
"14 Apr 2024, 10:01 AM",146.0,149.0,131.0,159.0,183.0,184.0,27.4,0.0,1.0,1.0,186.7,190.95,,
"14 Apr 2024, 10:02 AM",146.0,147.0,131.0,159.0,136.0,175.0,27.4,0.0,1.0,1.0,190.55,192.65,,
"14 Apr 2024, 10:03 AM",146.0,130.0,132.0,157.0,145.0,165.0,27.4,0.0,1.0,1.0,192.13,185.87,,
"14 Apr 2024, 10:04 AM",146.0,153.0,132.0,157.0,133.0,138.0,29.1,0.0,1.0,1.0,183.36,183.44,,
"14 Apr 2024, 10:05 AM",146.0,181.0,131.0,157.0,156.0,155.0,29.1,0.0,1.0,1.0,190.42,191.02,,
"14 Apr 2024, 10:06 AM",146.0,132.0,132.0,157.0,171.0,142.0,29.2,0.0,1.0,1.0,186.7,187.72,,
"14 Apr 2024, 10:07 AM",146.0,170.0,132.0,159.0,141.0,148.0,33.2,0.0,1.0,1.0,190.92,192.48,,
"14 Apr 2024, 10:08 AM",146.0,187.0,131.0,159.0,163.0,130.0,33.1,0.0,1.0,1.0,184.96,185.38,,
"14 Apr 2024, 10:09 AM",146.0,147.0,132.0,159.0,130.0,185.0,33.1,0.0,1.0,1.0,188.87,186.88,,
"14 Apr 2024, 10:10 AM",146.0,180.0,132.0,159.0,153.0,142.0,33.1,0.0,1.0,1.0,192.79,183.87,,
"14 Apr 2024, 10:11 AM",146.0,149.0,132.0,159.0,181.0,135.0,33.1,0.0,1.0,1.0,187.67,186.47,,
"14 Apr 2024, 10:12 AM",167.0,147.0,132.0,159.0,188.0,152.0,33.4,0.0,1.0,1.0,187.58,187.1,,
"14 Apr 2024, 10:13 AM",186.0,159.0,131.0,159.0,172.0,164.0,33.4,0.0,1.0,1.0,188.89,191.79,,
"14 Apr 2024, 10:14 AM",156.0,134.0,131.0,159.0,151.0,157.0,33.2,0.0,1.0,1.0,189.48,185.28,,
"14 Apr 2024, 10:15 AM",141.0,131.0,132.0,159.0,145.0,145.0,33.4,0.0,1.0,1.0,186.73,190.85,,
"14 Apr 2024, 10:16 AM",171.0,170.0,132.0,159.0,163.0,169.0,33.4,0.0,1.0,1.0,186.84,185.44,,
"14 Apr 2024, 10:17 AM",143.0,163.0,132.0,159.0,152.0,155.0,33.4,0.0,1.0,1.0,186.46,192.57,,
"14 Apr 2024, 10:18 AM",189.0,148.0,132.0,159.0,160.0,146.0,33.1,0.0,1.0,1.0,191.9,187.45,,
"14 Apr 2024, 10:19 AM",131.0,170.0,131.0,159.0,150.0,185.0,33.1,100.0,1.0,1.0,189.72,192.79,,
"14 Apr 2024, 10:20 AM",148.0,174.0,132.0,159.0,155.0,162.0,33.1,100.0,1.0,1.0,187.11,191.08,,
"14 Apr 2024, 10:21 AM",171.0,131.0,132.0,159.0,162.0,174.0,32.5,100.0,1.0,1.0,184.19,188.86,,
"14 Apr 2024, 10:22 AM",146.0,142.0,132.0,159.0,174.0,174.0,33.1,100.0,1.0,1.0,188.62,187.03,,
"14 Apr 2024, 10:23 AM",172.0,189.0,132.0,160.0,142.0,147.0,33.1,100.0,1.0,1.0,188.21,188.84,,
"14 Apr 2024, 10:24 AM",170.0,134.0,132.0,159.0,142.0,133.0,33.1,100.0,1.0,1.0,192.01,185.95,,
"14 Apr 2024, 10:25 AM",174.0,166.0,134.0,159.0,134.0,187.0,33.1,100.0,1.0,1.0,192.82,188.92,,
"14 Apr 2024, 10:26 AM",172.0,159.0,134.0,159.0,186.0,134.0,33.1,100.0,1.0,1.0,188.37,189.15,,
"14 Apr 2024, 10:27 AM",177.0,147.0,134.0,159.0,184.0,177.0,33.1,100.0,1.0,1.0,191.98,185.58,,
"14 Apr 2024, 10:28 AM",138.0,172.0,132.0,157.0,170.0,179.0,33.2,100.0,1.0,1.0,187.89,190.7,,
"14 Apr 2024, 10:29 AM",147.0,146.0,134.0,159.0,188.0,183.0,33.1,100.0,1.0,1.0,191.27,183.67,,
"14 Apr 2024, 10:30 AM",168.0,174.0,134.0,160.0,179.0,168.0,33.2,100.0,1.0,1.0,190.48,184.33,,
"14 Apr 2024, 10:31 AM",169.0,173.0,134.0,159.0,163.0,147.0,33.1,100.0,1.0,1.0,192.65,188.73,,
"14 Apr 2024, 10:32 AM",143.0,160.0,134.0,157.0,178.0,189.0,32.5,100.0,1.0,1.0,191.12,187.99,,
"14 Apr 2024, 10:33 AM",154.0,156.0,133.0,159.0,167.0,153.0,33.1,100.0,1.0,1.0,190.49,189.65,,
"14 Apr 2024, 10:34 AM",180.0,187.0,133.0,159.0,142.0,135.0,33.2,100.0,1.0,1.0,187.39,189.83,,
"14 Apr 2024, 10:35 AM",132.0,145.0,133.0,159.0,159.0,136.0,33.2,100.0,1.0,1.0,189.01,188.24,,
"14 Apr 2024, 10:36 AM",143.0,190.0,133.0,159.0,175.0,153.0,33.1,100.0,1.0,1.0,189.55,188.27,,
"14 Apr 2024, 10:37 AM",149.0,164.0,133.0,159.0,185.0,184.0,32.9,100.0,1.0,1.0,186.27,185.61,,
"14 Apr 2024, 10:38 AM",177.0,154.0,133.0,160.0,161.0,160.0,32.9,91.0,1.0,1.0,191.03,191.69,,
"14 Apr 2024, 10:39 AM",187.0,150.0,133.0,159.0,149.0,132.0,32.9,91.0,1.0,1.0,190.67,188.66,,
"14 Apr 2024, 10:40 AM",189.0,156.0,133.0,159.0,185.0,132.0,32.9,91.0,1.0,1.0,185.43,185.01,,
"14 Apr 2024, 10:41 AM",136.0,172.0,133.0,159.0,163.0,137.0,35.6,92.0,1.0,1.0,185.35,188.95,,
"14 Apr 2024, 10:42 AM",166.0,181.0,133.0,159.0,160.0,134.0,35.9,93.0,1.0,1.0,186.04,185.57,,
"14 Apr 2024, 10:43 AM",171.0,160.0,133.0,159.0,163.0,150.0,35.6,92.0,1.0,1.0,184.69,185.45,,
"14 Apr 2024, 10:44 AM",162.0,185.0,133.0,159.0,185.0,167.0,35.9,91.0,1.0,1.0,183.26,188.39,,
"14 Apr 2024, 10:45 AM",165.0,161.0,133.0,160.0,145.0,180.0,35.9,93.0,1.0,1.0,189.47,190.12,,
"14 Apr 2024, 10:46 AM",137.0,166.0,133.0,159.0,181.0,138.0,35.9,92.0,1.0,1.0,188.46,186.88,,
"14 Apr 2024, 10:47 AM",154.0,149.0,133.0,159.0,158.0,179.0,35.4,92.0,1.0,1.0,188.26,184.13,,
"14 Apr 2024, 10:48 AM",194.0,194.0,133.0,159.0,194.0,194.0,35.6,91.0,1.0,1.0,189.62,186.06,,
"14 Apr 2024, 10:49 AM",179.0,179.0,133.0,159.0,179.0,179.0,35.6,91.0,1.0,1.0,183.46,189.4,,
"14 Apr 2024, 10:50 AM",184.0,184.0,133.0,159.0,184.0,184.0,35.9,92.0,1.0,1.0,187.88,185.34,,
"14 Apr 2024, 10:51 AM",146.0,146.0,167.0,159.0,146.0,146.0,35.9,93.0,1.0,1.0,192.17,185.98,,
"14 Apr 2024, 10:52 AM",199.0,199.0,167.0,159.0,199.0,199.0,35.6,92.0,1.0,1.0,191.94,183.3,,
"14 Apr 2024, 10:53 AM",141.0,141.0,167.0,159.0,141.0,141.0,35.9,93.0,1.0,1.0,192.17,186.75,,
"14 Apr 2024, 10:54 AM",143.0,143.0,167.0,159.0,143.0,143.0,35.9,91.0,0.0,0.0,191.3,187.92,,
"14 Apr 2024, 10:55 AM",171.0,188.0,167.0,159.0,148.0,146.0,35.9,93.0,0.0,0.0,186.63,186.79,,
"14 Apr 2024, 10:56 AM",178.0,187.0,167.0,159.0,186.0,175.0,35.6,91.0,0.0,0.0,183.26,184.57,,
"14 Apr 2024, 10:57 AM",170.0,184.0,167.0,159.0,151.0,144.0,35.9,93.0,0.0,0.0,186.48,190.2,,
"14 Apr 2024, 10:58 AM",146.0,132.0,167.0,159.0,165.0,152.0,35.9,92.0,0.0,0.0,191.42,182.94,,
"14 Apr 2024, 10:59 AM",166.0,150.0,167.0,159.0,160.0,174.0,35.6,93.0,0.0,0.0,183.42,186.54,,
"14 Apr 2024, 11:00 AM",169.0,181.0,167.0,159.0,171.0,164.0,35.8,93.0,0.0,0.0,185.73,183.85,,
"14 Apr 2024, 11:01 AM",159.0,153.0,167.0,159.0,177.0,181.0,36.0,91.0,0.0,0.0,183.45,187.53,,
"14 Apr 2024, 11:02 AM",186.0,189.0,167.0,159.0,161.0,183.0,35.9,93.0,0.0,0.0,189.37,186.27,,
"14 Apr 2024, 11:03 AM",180.0,185.0,167.0,159.0,141.0,175.0,35.8,97.0,0.0,0.0,188.17,187.21,,
"14 Apr 2024, 11:04 AM",163.0,146.0,167.0,159.0,178.0,162.0,35.7,99.0,0.0,0.0,192.25,189.25,,
"14 Apr 2024, 11:05 AM",167.0,188.0,167.0,160.0,159.0,169.0,35.7,98.0,0.0,0.0,185.48,187.01,,
"14 Apr 2024, 11:06 AM",144.0,136.0,167.0,160.0,157.0,175.0,35.8,98.0,0.0,0.0,190.57,190.08,,
"14 Apr 2024, 11:07 AM",166.0,153.0,167.0,160.0,130.0,132.0,35.9,99.0,0.0,0.0,186.67,192.61,,
"14 Apr 2024, 11:08 AM",157.0,160.0,167.0,160.0,151.0,140.0,35.9,99.0,0.0,0.0,184.36,185.99,,
"14 Apr 2024, 11:09 AM",167.0,186.0,167.0,160.0,133.0,184.0,36.0,99.0,0.0,0.0,188.26,189.22,,
"14 Apr 2024, 11:10 AM",151.0,188.0,166.0,159.0,135.0,162.0,36.1,98.0,0.0,0.0,186.52,183.39,,
"14 Apr 2024, 11:11 AM",162.0,134.0,168.0,159.0,162.0,186.0,35.7,97.0,0.0,0.0,190.13,188.96,,
"14 Apr 2024, 11:12 AM",181.0,181.0,167.0,159.0,160.0,177.0,35.7,99.0,0.0,0.0,188.01,188.43,,
"14 Apr 2024, 11:13 AM",167.0,139.0,159.0,159.0,142.0,161.0,36.1,97.0,0.0,0.0,184.63,187.25,,
"14 Apr 2024, 11:14 AM",155.0,189.0,167.0,159.0,139.0,164.0,35.9,97.0,0.0,0.0,188.18,192.71,,
"14 Apr 2024, 11:15 AM",160.0,167.0,134.0,159.0,174.0,182.0,35.9,97.0,0.0,0.0,187.18,186.73,,
"14 Apr 2024, 11:16 AM",190.0,132.0,170.0,159.0,155.0,149.0,36.0,98.0,0.0,0.0,185.9,182.96,,
"14 Apr 2024, 11:17 AM",172.0,140.0,162.0,159.0,155.0,166.0,36.1,99.0,0.0,0.0,191.04,183.99,,
"14 Apr 2024, 11:18 AM",165.0,149.0,190.0,159.0,146.0,176.0,35.9,98.0,0.0,0.0,188.23,184.15,,
"14 Apr 2024, 11:19 AM",187.0,190.0,182.0,159.0,133.0,165.0,35.6,99.0,0.0,0.0,189.59,186.21,,
"14 Apr 2024, 11:20 AM",146.0,179.0,138.0,159.0,150.0,159.0,35.8,98.0,0.0,0.0,189.4,188.86,,
"14 Apr 2024, 11:21 AM",139.0,152.0,168.0,159.0,179.0,176.0,35.9,97.0,0.0,0.0,189.75,188.16,,
"14 Apr 2024, 11:22 AM",189.0,153.0,182.0,159.0,144.0,145.0,35.8,97.0,0.0,0.0,186.22,192.31,,
"14 Apr 2024, 11:23 AM",173.0,185.0,159.0,159.0,145.0,180.0,27.4,98.0,0.0,0.0,183.34,185.57,,
"14 Apr 2024, 11:24 AM",183.0,176.0,144.0,159.0,183.0,185.0,27.4,99.0,0.0,0.0,188.78,187.53,,
"14 Apr 2024, 11:25 AM",167.0,134.0,136.0,160.0,175.0,131.0,27.4,97.0,0.0,0.0,188.49,186.35,,
"14 Apr 2024, 11:26 AM",163.0,174.0,171.0,159.0,146.0,134.0,27.4,98.0,0.0,0.0,188.53,190.66,,
"14 Apr 2024, 11:27 AM",180.0,179.0,171.0,159.0,135.0,165.0,27.4,99.0,0.0,0.0,186.04,187.24,,
"14 Apr 2024, 11:28 AM",150.0,133.0,185.0,160.0,177.0,185.0,27.4,99.0,0.0,0.0,190.47,185.54,,
"14 Apr 2024, 11:29 AM",180.0,157.0,150.0,159.0,187.0,150.0,27.4,99.0,0.0,0.0,188.52,185.97,,
"14 Apr 2024, 11:30 AM",144.0,135.0,139.0,159.0,135.0,133.0,27.4,99.0,0.0,0.0,188.47,188.97,,
"14 Apr 2024, 11:31 AM",187.0,187.0,184.0,159.0,152.0,140.0,27.4,99.0,0.0,0.0,187.61,191.86,,
"14 Apr 2024, 11:32 AM",167.0,185.0,186.0,159.0,157.0,144.0,27.4,99.0,0.0,0.0,189.78,190.84,,
"14 Apr 2024, 11:33 AM",152.0,162.0,153.0,159.0,161.0,142.0,27.4,99.0,0.0,0.0,191.21,187.74,,
"14 Apr 2024, 11:34 AM",147.0,185.0,140.0,159.0,162.0,185.0,27.4,97.0,0.0,0.0,183.13,184.02,,
"14 Apr 2024, 11:35 AM",168.0,176.0,171.0,159.0,150.0,178.0,27.4,99.0,0.0,0.0,190.49,190.85,,
"14 Apr 2024, 11:36 AM",186.0,160.0,167.0,159.0,160.0,139.0,27.4,98.0,0.0,0.0,184.93,188.84,,
"14 Apr 2024, 11:37 AM",155.0,181.0,147.0,159.0,183.0,181.0,27.4,95.0,1.0,0.0,191.02,188.07,,
"14 Apr 2024, 11:38 AM",169.0,184.0,181.0,159.0,189.0,157.0,27.4,95.0,1.0,0.0,184.41,183.77,,
"14 Apr 2024, 11:39 AM",184.0,183.0,139.0,161.0,158.0,138.0,27.4,95.0,1.0,0.0,191.97,187.3,,
"14 Apr 2024, 11:40 AM",146.0,146.0,146.0,159.0,146.0,146.0,27.4,95.0,1.0,0.0,191.67,185.93,,
"14 Apr 2024, 11:41 AM",146.0,146.0,146.0,159.0,146.0,146.0,27.4,95.0,1.0,0.0,184.69,190.19,,
"14 Apr 2024, 11:42 AM",146.0,146.0,146.0,159.0,146.0,146.0,27.4,95.0,1.0,1.0,188.73,192.31,,
"14 Apr 2024, 11:43 AM",146.0,146.0,146.0,159.0,146.0,146.0,28.1,95.0,1.0,1.0,192.6,183.38,,
"14 Apr 2024, 11:44 AM",146.0,146.0,146.0,159.0,146.0,146.0,28.1,95.0,1.0,1.0,183.47,190.05,,
"14 Apr 2024, 11:45 AM",146.0,146.0,146.0,159.0,146.0,146.0,28.1,95.0,1.0,1.0,183.89,192.59,,
"14 Apr 2024, 11:46 AM",146.0,146.0,146.0,159.0,146.0,146.0,28.1,95.0,1.0,1.0,184.65,191.37,,
"14 Apr 2024, 11:47 AM",146.0,146.0,146.0,159.0,146.0,146.0,28.1,95.0,1.0,1.0,189.76,186.1,,
"14 Apr 2024, 11:48 AM",146.0,146.0,146.0,159.0,146.0,146.0,28.1,95.0,1.0,1.0,187.44,187.56,,
"14 Apr 2024, 11:49 AM",146.0,146.0,146.0,161.0,146.0,146.0,28.1,95.0,1.0,1.0,191.74,185.49,,
"14 Apr 2024, 11:50 AM",146.0,146.0,146.0,161.0,146.0,146.0,28.1,95.0,1.0,1.0,191.29,188.8,,
"14 Apr 2024, 11:51 AM",146.0,146.0,146.0,159.0,146.0,146.0,28.1,95.0,1.0,1.0,188.82,187.22,,
"14 Apr 2024, 11:52 AM",146.0,146.0,146.0,159.0,146.0,146.0,28.1,95.0,1.0,1.0,191.94,186.87,,
"14 Apr 2024, 11:53 AM",146.0,146.0,146.0,159.0,146.0,146.0,28.1,95.0,1.0,1.0,190.85,191.55,,
"14 Apr 2024, 11:54 AM",146.0,146.0,146.0,159.0,146.0,146.0,28.1,95.0,1.0,1.0,192.37,186.28,,
"14 Apr 2024, 11:55 AM",146.0,146.0,146.0,159.0,146.0,146.0,28.1,95.0,1.0,1.0,189.43,192.48,,
"14 Apr 2024, 11:56 AM",146.0,146.0,146.0,159.0,146.0,146.0,28.1,95.0,1.0,1.0,189.64,192.64,,
"14 Apr 2024, 11:57 AM",146.0,146.0,146.0,159.0,146.0,146.0,28.1,95.0,1.0,1.0,184.02,186.98,,
"14 Apr 2024, 11:58 AM",146.0,146.0,146.0,159.0,146.0,146.0,28.1,95.0,1.0,1.0,186.79,192.06,,
"14 Apr 2024, 11:59 AM",146.0,146.0,146.0,159.0,146.0,146.0,28.1,95.0,1.0,1.0,188.64,185.57,,
"14 Apr 2024, 12:00 PM",146.0,146.0,146.0,159.0,146.0,146.0,28.1,95.0,1.0,1.0,190.58,184.51,,
"14 Apr 2024, 12:01 PM",146.0,146.0,146.0,159.0,146.0,146.0,28.1,95.0,1.0,1.0,188.54,186.64,,
"14 Apr 2024, 12:02 PM",146.0,146.0,146.0,159.0,146.0,146.0,28.1,95.0,1.0,1.0,186.14,187.16,,
"14 Apr 2024, 12:03 PM",146.0,146.0,146.0,159.0,146.0,146.0,28.1,95.0,1.0,1.0,188.06,186.0,,
"14 Apr 2024, 12:04 PM",146.0,146.0,146.0,159.0,146.0,146.0,30.1,95.0,1.0,1.0,187.44,186.72,,
"14 Apr 2024, 12:05 PM",146.0,146.0,146.0,159.0,146.0,146.0,30.1,95.0,1.0,1.0,188.08,185.26,,
"14 Apr 2024, 12:06 PM",146.0,146.0,146.0,159.0,146.0,146.0,30.1,95.0,1.0,1.0,192.51,187.57,,
"14 Apr 2024, 12:07 PM",146.0,146.0,146.0,161.0,146.0,146.0,30.1,95.0,1.0,1.0,187.62,187.46,,
"14 Apr 2024, 12:08 PM",146.0,146.0,146.0,161.0,146.0,146.0,30.1,95.0,1.0,1.0,186.46,189.91,,
"14 Apr 2024, 12:09 PM",146.0,146.0,146.0,161.0,146.0,146.0,30.1,95.0,1.0,1.0,184.65,189.71,,
"14 Apr 2024, 12:10 PM",146.0,146.0,146.0,161.0,146.0,146.0,30.1,95.0,1.0,1.0,191.92,189.45,,
"14 Apr 2024, 12:11 PM",146.0,146.0,146.0,161.0,146.0,146.0,30.1,95.0,1.0,1.0,184.01,191.41,,
"14 Apr 2024, 12:12 PM",146.0,146.0,146.0,161.0,146.0,146.0,30.1,95.0,1.0,1.0,184.16,185.47,,
"14 Apr 2024, 12:13 PM",146.0,146.0,146.0,159.0,146.0,146.0,30.1,95.0,1.0,1.0,189.72,189.32,,
"14 Apr 2024, 12:14 PM",146.0,146.0,146.0,159.0,146.0,146.0,30.1,95.0,1.0,1.0,189.04,188.05,,
"14 Apr 2024, 12:15 PM",146.0,146.0,146.0,159.0,146.0,146.0,30.1,95.0,1.0,1.0,188.0,183.38,,
"14 Apr 2024, 12:16 PM",146.0,146.0,146.0,159.0,146.0,146.0,30.1,95.0,1.0,1.0,185.72,189.12,,
"14 Apr 2024, 12:17 PM",146.0,146.0,146.0,159.0,146.0,146.0,30.1,95.0,1.0,1.0,192.4,191.89,,
"14 Apr 2024, 12:18 PM",146.0,146.0,146.0,159.0,146.0,146.0,30.1,95.0,1.0,1.0,187.37,185.04,,
"14 Apr 2024, 12:19 PM",146.0,146.0,146.0,159.0,146.0,146.0,30.1,95.0,1.0,1.0,191.53,184.8,,
"14 Apr 2024, 12:20 PM",146.0,146.0,146.0,161.0,146.0,146.0,30.1,95.0,1.0,1.0,183.1,183.3,,
"14 Apr 2024, 12:21 PM",146.0,146.0,146.0,161.0,146.0,146.0,30.1,95.0,1.0,1.0,187.08,189.89,,
"14 Apr 2024, 12:22 PM",146.0,146.0,146.0,161.0,146.0,146.0,30.1,95.0,1.0,1.0,183.66,186.11,,
"14 Apr 2024, 12:23 PM",146.0,146.0,146.0,161.0,146.0,146.0,30.1,95.0,1.0,1.0,191.22,190.9,,
"14 Apr 2024, 12:24 PM",146.0,146.0,146.0,161.0,146.0,146.0,30.1,95.0,1.0,1.0,192.64,189.73,,
"14 Apr 2024, 12:25 PM",146.0,146.0,146.0,161.0,146.0,146.0,30.1,95.0,1.0,1.0,185.02,187.52,,
"14 Apr 2024, 12:26 PM",146.0,146.0,146.0,161.0,146.0,146.0,30.1,95.0,1.0,1.0,189.03,183.05,,
"14 Apr 2024, 12:27 PM",146.0,146.0,146.0,161.0,146.0,146.0,30.1,95.0,1.0,1.0,182.95,185.4,,
"14 Apr 2024, 12:28 PM",146.0,146.0,146.0,161.0,146.0,146.0,30.1,95.0,1.0,1.0,187.72,191.6,,
"14 Apr 2024, 12:29 PM",146.0,146.0,146.0,161.0,146.0,146.0,34.6,95.0,1.0,1.0,190.03,191.62,,
"14 Apr 2024, 12:30 PM",146.0,146.0,146.0,161.0,146.0,146.0,34.6,95.0,1.0,1.0,189.65,192.35,,
"14 Apr 2024, 12:31 PM",146.0,146.0,146.0,161.0,146.0,146.0,34.6,95.0,1.0,1.0,191.38,185.54,,
"14 Apr 2024, 12:32 PM",146.0,146.0,146.0,161.0,146.0,146.0,34.6,95.0,1.0,1.0,188.46,184.54,,
"14 Apr 2024, 12:33 PM",146.0,146.0,146.0,159.0,146.0,146.0,34.6,95.0,1.0,1.0,186.34,192.33,,
"14 Apr 2024, 12:34 PM",146.0,146.0,146.0,159.0,146.0,146.0,34.6,95.0,1.0,1.0,186.02,187.46,,
"14 Apr 2024, 12:35 PM",146.0,146.0,146.0,159.0,146.0,146.0,34.6,95.0,1.0,1.0,191.06,190.53,,
"14 Apr 2024, 12:36 PM",146.0,146.0,146.0,159.0,146.0,146.0,34.6,95.0,1.0,1.0,184.28,184.36,,
"14 Apr 2024, 12:37 PM",146.0,146.0,146.0,159.0,146.0,146.0,34.6,95.0,1.0,1.0,184.53,185.39,,
"14 Apr 2024, 12:38 PM",146.0,146.0,146.0,159.0,146.0,146.0,34.6,95.0,1.0,1.0,191.32,186.93,,
"14 Apr 2024, 12:39 PM",146.0,146.0,146.0,159.0,146.0,146.0,34.6,95.0,1.0,1.0,190.51,190.45,,
"14 Apr 2024, 12:40 PM",146.0,146.0,170.0,159.0,146.0,146.0,34.6,95.0,1.0,1.0,187.59,192.81,,
"14 Apr 2024, 12:41 PM",146.0,146.0,169.0,159.0,146.0,146.0,34.6,95.0,1.0,1.0,186.87,188.03,,
"14 Apr 2024, 12:42 PM",146.0,146.0,171.0,159.0,146.0,146.0,34.6,95.0,1.0,1.0,187.09,189.59,,
"14 Apr 2024, 12:43 PM",146.0,146.0,170.0,164.0,146.0,146.0,34.6,95.0,1.0,1.0,192.12,189.12,,
"14 Apr 2024, 12:44 PM",146.0,146.0,170.0,164.0,146.0,146.0,34.6,95.0,1.0,1.0,186.84,187.87,,
"14 Apr 2024, 12:45 PM",146.0,146.0,170.0,164.0,146.0,146.0,34.6,95.0,1.0,1.0,183.1,192.69,,
"14 Apr 2024, 12:46 PM",146.0,146.0,171.0,164.0,146.0,146.0,34.6,95.0,1.0,1.0,187.33,192.61,,
"14 Apr 2024, 12:47 PM",167.0,147.0,170.0,164.0,156.0,151.0,34.6,95.0,1.0,1.0,191.35,186.33,,
"14 Apr 2024, 12:48 PM",189.0,179.0,170.0,164.0,145.0,164.0,34.6,95.0,1.0,1.0,188.67,190.54,,
"14 Apr 2024, 12:49 PM",181.0,146.0,170.0,164.0,147.0,170.0,34.6,95.0,1.0,1.0,188.06,185.89,,
"14 Apr 2024, 12:50 PM",130.0,142.0,170.0,164.0,152.0,178.0,34.6,95.0,1.0,1.0,183.15,185.68,,
"14 Apr 2024, 12:51 PM",170.0,182.0,171.0,163.0,176.0,172.0,34.6,95.0,1.0,1.0,192.35,183.99,,
"14 Apr 2024, 12:52 PM",187.0,189.0,170.0,164.0,147.0,168.0,34.6,95.0,1.0,1.0,185.0,188.66,,
"14 Apr 2024, 12:53 PM",139.0,130.0,170.0,159.0,150.0,187.0,34.6,95.0,1.0,1.0,192.41,188.88,,
"14 Apr 2024, 12:54 PM",160.0,150.0,170.0,159.0,154.0,180.0,34.6,95.0,1.0,1.0,188.85,183.27,,
"14 Apr 2024, 12:55 PM",187.0,182.0,170.0,163.0,166.0,133.0,34.6,95.0,1.0,1.0,192.02,189.57,,
"14 Apr 2024, 12:56 PM",159.0,161.0,170.0,163.0,182.0,163.0,34.6,95.0,1.0,1.0,191.03,190.37,,
"14 Apr 2024, 12:57 PM",190.0,148.0,170.0,163.0,163.0,148.0,34.6,95.0,1.0,1.0,183.04,187.74,,
"14 Apr 2024, 12:58 PM",143.0,177.0,145.0,163.0,149.0,151.0,34.6,95.0,1.0,1.0,190.15,183.32,,
"14 Apr 2024, 12:59 PM",142.0,150.0,169.0,163.0,131.0,159.0,34.6,95.0,1.0,1.0,183.58,185.35,,
"14 Apr 2024, 01:00 PM",155.0,183.0,169.0,163.0,169.0,148.0,34.6,95.0,1.0,1.0,186.37,190.63,,
"14 Apr 2024, 01:01 PM",163.0,189.0,169.0,164.0,185.0,139.0,32.1,95.0,1.0,1.0,190.61,190.93,,
"14 Apr 2024, 01:02 PM",182.0,135.0,169.0,164.0,149.0,173.0,32.1,95.0,1.0,1.0,191.17,189.58,,
"14 Apr 2024, 01:03 PM",134.0,145.0,169.0,159.0,171.0,136.0,32.1,95.0,1.0,1.0,184.8,184.76,,
"14 Apr 2024, 01:04 PM",130.0,173.0,169.0,159.0,146.0,135.0,32.1,95.0,1.0,1.0,188.56,188.23,,
"14 Apr 2024, 01:05 PM",188.0,157.0,169.0,159.0,159.0,134.0,32.1,95.0,1.0,1.0,183.54,192.18,,
"14 Apr 2024, 01:06 PM",163.0,161.0,169.0,159.0,187.0,167.0,32.1,95.0,1.0,1.0,182.96,192.28,,
"14 Apr 2024, 01:07 PM",142.0,155.0,169.0,159.0,169.0,141.0,32.1,95.0,1.0,1.0,188.55,190.41,,
"14 Apr 2024, 01:08 PM",150.0,132.0,169.0,159.0,171.0,152.0,32.1,95.0,1.0,1.0,191.95,189.56,,
"14 Apr 2024, 01:09 PM",175.0,134.0,169.0,159.0,158.0,190.0,32.1,95.0,1.0,1.0,187.91,192.44,,
"14 Apr 2024, 01:10 PM",151.0,133.0,169.0,159.0,137.0,189.0,32.1,95.0,1.0,1.0,192.78,191.89,,
"14 Apr 2024, 01:11 PM",174.0,139.0,169.0,159.0,131.0,157.0,32.1,95.0,1.0,1.0,190.54,185.23,,
"14 Apr 2024, 01:12 PM",140.0,156.0,169.0,159.0,163.0,189.0,32.1,95.0,1.0,1.0,191.73,192.7,,
"14 Apr 2024, 01:13 PM",174.0,139.0,169.0,159.0,137.0,173.0,32.1,95.0,1.0,1.0,186.36,188.2,,
"14 Apr 2024, 01:14 PM",144.0,149.0,169.0,159.0,150.0,176.0,32.1,95.0,1.0,1.0,190.93,188.01,,
"14 Apr 2024, 01:15 PM",167.0,176.0,169.0,159.0,151.0,171.0,32.1,95.0,1.0,1.0,188.64,185.65,,
"14 Apr 2024, 01:16 PM",141.0,135.0,169.0,159.0,151.0,166.0,32.1,95.0,1.0,1.0,185.93,192.8,,
"14 Apr 2024, 01:17 PM",183.0,142.0,169.0,159.0,151.0,144.0,32.1,95.0,1.0,1.0,191.91,187.1,,
"14 Apr 2024, 01:18 PM",154.0,147.0,169.0,159.0,146.0,158.0,32.1,95.0,1.0,1.0,186.74,186.74,,
"14 Apr 2024, 01:19 PM",135.0,139.0,169.0,159.0,159.0,151.0,32.1,95.0,1.0,1.0,191.68,192.03,,
"14 Apr 2024, 01:20 PM",135.0,148.0,169.0,159.0,158.0,170.0,32.1,95.0,1.0,1.0,188.34,188.28,,
"14 Apr 2024, 01:21 PM",149.0,162.0,169.0,159.0,167.0,146.0,32.1,95.0,1.0,1.0,191.33,189.76,,
"14 Apr 2024, 01:22 PM",159.0,133.0,169.0,175.0,180.0,147.0,32.1,95.0,1.0,1.0,185.87,187.33,,
"14 Apr 2024, 01:23 PM",148.0,136.0,169.0,160.0,156.0,157.0,32.1,95.0,1.0,1.0,189.37,191.67,,
"14 Apr 2024, 01:24 PM",176.0,134.0,169.0,160.0,146.0,130.0,32.1,95.0,1.0,1.0,187.33,186.23,,
"14 Apr 2024, 01:25 PM",171.0,170.0,169.0,160.0,147.0,132.0,32.1,95.0,1.0,1.0,183.48,186.3,,
"14 Apr 2024, 01:26 PM",180.0,141.0,169.0,161.0,148.0,163.0,32.1,95.0,1.0,1.0,187.02,190.78,,
"14 Apr 2024, 01:27 PM",142.0,158.0,169.0,160.0,158.0,133.0,32.1,95.0,1.0,1.0,184.58,191.16,,
"14 Apr 2024, 01:28 PM",175.0,183.0,169.0,160.0,143.0,182.0,31.7,95.0,1.0,1.0,185.59,183.77,,
"14 Apr 2024, 01:29 PM",155.0,189.0,169.0,161.0,164.0,163.0,31.7,95.0,1.0,1.0,189.42,189.01,,
"14 Apr 2024, 01:30 PM",190.0,143.0,169.0,160.0,168.0,150.0,31.7,95.0,1.0,1.0,183.59,191.62,,
"14 Apr 2024, 01:31 PM",150.0,150.0,169.0,160.0,139.0,143.0,31.7,95.0,1.0,1.0,188.7,183.91,,
"14 Apr 2024, 01:32 PM",163.0,152.0,169.0,160.0,162.0,177.0,31.7,95.0,1.0,1.0,189.87,191.06,,
"14 Apr 2024, 01:33 PM",164.75,150.375,169.0,160.0,164.0,171.5,31.7,95.0,1.0,1.0,191.52,189.57,,
"14 Apr 2024, 01:34 PM",166.5,148.75,169.0,164.0,166.0,166.0,31.7,95.0,1.0,1.0,186.17,186.42,,
"14 Apr 2024, 01:35 PM",168.25,147.125,169.0,164.0,168.0,160.5,31.7,95.0,1.0,1.0,187.0,192.47,,
"14 Apr 2024, 01:36 PM",170.0,145.5,169.0,164.0,170.0,155.0,31.7,95.0,1.0,1.0,190.94,192.27,,
"14 Apr 2024, 01:37 PM",171.75,143.875,169.0,164.0,172.0,149.5,31.7,95.0,1.0,1.0,190.63,185.97,,
"14 Apr 2024, 01:38 PM",173.5,142.25,169.0,164.0,174.0,144.0,31.7,95.0,1.0,1.0,188.76,191.27,,
"14 Apr 2024, 01:39 PM",175.25,140.625,169.0,164.0,176.0,138.5,31.7,95.0,1.0,1.0,183.35,191.76,,
"14 Apr 2024, 01:40 PM",177.0,139.0,169.0,164.0,178.0,133.0,31.7,95.0,1.0,1.0,186.0,188.57,,
"14 Apr 2024, 01:41 PM",183.0,144.0,169.0,163.0,153.0,155.0,31.7,95.0,1.0,1.0,190.5,187.07,,
"14 Apr 2024, 01:42 PM",148.0,160.0,169.0,164.0,187.0,136.0,31.7,95.0,1.0,1.0,191.46,184.86,,
"14 Apr 2024, 01:43 PM",172.0,160.0,175.0,164.0,177.0,181.0,31.7,95.0,1.0,1.0,188.19,187.33,,
"14 Apr 2024, 01:44 PM",142.0,147.0,175.0,164.0,141.0,149.0,31.7,95.0,1.0,1.0,190.13,189.7,,
"14 Apr 2024, 01:45 PM",164.0,183.0,175.0,164.0,168.0,174.0,31.7,95.0,1.0,1.0,185.61,187.04,,
"14 Apr 2024, 01:46 PM",154.0,147.0,146.0,163.0,181.0,155.0,31.7,95.0,1.0,1.0,190.99,190.3,,
"14 Apr 2024, 01:47 PM",190.0,158.0,146.0,164.0,155.0,164.0,31.7,95.0,1.0,1.0,191.52,186.2,,
"14 Apr 2024, 01:48 PM",162.0,136.0,146.0,164.0,151.0,140.0,31.7,95.0,1.0,1.0,185.96,189.4,,
"14 Apr 2024, 01:49 PM",147.0,178.0,175.0,164.0,156.0,171.0,31.7,95.0,1.0,1.0,191.79,187.41,,
"14 Apr 2024, 01:50 PM",145.0,154.0,175.0,164.0,167.0,163.0,31.7,95.0,1.0,1.0,191.2,187.48,,
"14 Apr 2024, 01:51 PM",141.0,137.0,175.0,164.0,137.0,166.0,31.7,95.0,1.0,1.0,190.03,191.98,,
"14 Apr 2024, 01:52 PM",132.0,153.0,175.0,164.0,136.0,152.0,31.7,95.0,1.0,1.0,183.03,190.95,,
"14 Apr 2024, 01:53 PM",132.0,144.0,175.0,164.0,138.0,160.0,31.7,95.0,1.0,1.0,184.89,186.48,,
"14 Apr 2024, 01:54 PM",141.0,134.0,177.0,164.0,152.0,157.0,31.7,95.0,1.0,1.0,184.1,191.91,,
"14 Apr 2024, 01:55 PM",137.0,139.0,175.0,164.0,161.0,175.0,31.7,95.0,1.0,1.0,184.12,192.4,,
"14 Apr 2024, 01:56 PM",172.0,135.0,175.0,164.0,143.0,132.0,31.7,95.0,1.0,1.0,184.65,190.7,,
"14 Apr 2024, 01:57 PM",131.0,175.0,175.0,164.0,180.0,134.0,31.7,95.0,1.0,1.0,188.28,186.63,,
"14 Apr 2024, 01:58 PM",162.0,179.0,175.0,164.0,170.0,178.0,31.7,95.0,1.0,1.0,183.53,186.53,,
"14 Apr 2024, 01:59 PM",140.0,176.0,175.0,164.0,138.0,131.0,31.7,95.0,1.0,1.0,192.7,189.25,,
"14 Apr 2024, 02:00 PM",170.0,174.0,175.0,164.0,156.0,181.0,31.7,81.0,1.0,1.0,191.96,188.21,,
"14 Apr 2024, 02:01 PM",164.0,145.0,175.0,164.0,167.0,148.0,31.7,10.0,1.0,1.0,185.08,186.88,,
"14 Apr 2024, 02:02 PM",172.0,176.0,175.0,164.0,144.0,190.0,31.7,10.0,1.0,1.0,183.41,188.06,,
"14 Apr 2024, 02:03 PM",178.0,181.0,175.0,164.0,130.0,177.0,31.7,10.0,1.0,1.0,185.54,182.92,,
"14 Apr 2024, 02:04 PM",138.0,180.0,175.0,164.0,159.0,138.0,31.7,10.0,1.0,1.0,190.55,183.61,,
"14 Apr 2024, 02:05 PM",166.0,148.0,175.0,164.0,181.0,179.0,31.7,10.0,1.0,1.0,189.23,185.41,,
"14 Apr 2024, 02:06 PM",160.0,164.0,175.0,164.0,185.0,156.0,32.1,10.0,1.0,1.0,183.77,189.6,,
"14 Apr 2024, 02:07 PM",182.0,165.0,175.0,164.0,132.0,188.0,32.1,10.0,1.0,1.0,189.08,190.25,,
"14 Apr 2024, 02:08 PM",183.0,183.0,175.0,164.0,131.0,140.0,32.1,10.0,1.0,1.0,189.02,184.54,,
"14 Apr 2024, 02:09 PM",180.0,133.0,175.0,164.0,167.0,168.0,32.1,10.0,1.0,1.0,191.14,188.37,,
"14 Apr 2024, 02:10 PM",173.0,179.0,175.0,164.0,156.0,165.0,32.1,95.0,1.0,1.0,188.08,188.29,,
"14 Apr 2024, 02:11 PM",183.0,141.0,175.0,164.0,150.0,177.0,32.1,95.0,1.0,1.0,183.25,192.79,,
"14 Apr 2024, 02:12 PM",144.0,138.0,177.0,164.0,171.0,172.0,32.1,95.0,1.0,1.0,185.19,187.63,,
"14 Apr 2024, 02:13 PM",181.0,190.0,177.0,164.0,136.0,185.0,32.1,95.0,1.0,1.0,188.57,185.39,,
"14 Apr 2024, 02:14 PM",162.0,144.0,177.0,163.0,182.0,179.0,32.1,95.0,1.0,1.0,188.89,185.39,,
"14 Apr 2024, 02:15 PM",177.0,157.0,178.0,164.0,183.0,170.0,32.1,95.0,1.0,1.0,184.9,183.85,,
"14 Apr 2024, 02:16 PM",178.0,179.0,177.0,164.0,150.0,185.0,32.1,95.0,1.0,1.0,189.42,191.45,,
"14 Apr 2024, 02:17 PM",131.0,130.0,177.0,164.0,159.0,143.0,32.1,95.0,1.0,1.0,188.55,187.79,,
"14 Apr 2024, 02:18 PM",133.0,169.0,178.0,164.0,177.0,159.0,32.1,95.0,1.0,1.0,187.48,186.85,,
"14 Apr 2024, 02:19 PM",174.0,134.0,177.0,164.0,153.0,174.0,32.1,95.0,1.0,1.0,191.56,187.41,,
"14 Apr 2024, 02:20 PM",175.0,130.0,178.0,164.0,138.0,179.0,32.1,95.0,1.0,1.0,191.83,191.5,,
"14 Apr 2024, 02:21 PM",188.0,167.0,178.0,164.0,184.0,145.0,32.1,95.0,1.0,1.0,189.38,187.22,,
"14 Apr 2024, 02:22 PM",159.0,156.0,178.0,164.0,160.0,182.0,32.1,95.0,1.0,1.0,188.95,189.22,,
"14 Apr 2024, 02:23 PM",160.0,180.0,178.0,164.0,188.0,187.0,32.1,95.0,1.0,1.0,184.92,190.8,,
"14 Apr 2024, 02:24 PM",154.0,132.0,177.0,164.0,140.0,142.0,32.1,95.0,1.0,1.0,184.57,190.38,,
"14 Apr 2024, 02:25 PM",148.0,174.0,177.0,164.0,167.0,171.0,32.1,95.0,1.0,1.0,189.67,191.9,,
"14 Apr 2024, 02:26 PM",153.0,139.0,177.0,164.0,144.0,148.0,32.1,95.0,1.0,1.0,183.43,187.79,,
"14 Apr 2024, 02:27 PM",189.0,164.0,177.0,164.0,136.0,132.0,32.1,95.0,1.0,1.0,183.03,188.91,,
"14 Apr 2024, 02:28 PM",146.0,141.0,177.0,164.0,187.0,184.0,32.1,95.0,1.0,1.0,188.03,190.47,,
"14 Apr 2024, 02:29 PM",182.0,187.0,177.0,164.0,189.0,167.0,32.1,95.0,1.0,1.0,192.19,185.89,,
"14 Apr 2024, 02:30 PM",179.0,159.0,180.0,164.0,164.0,155.0,32.1,95.0,1.0,1.0,188.87,191.45,,
"14 Apr 2024, 02:31 PM",157.0,130.0,180.0,164.0,167.0,139.0,32.1,95.0,1.0,1.0,186.99,185.19,,
"14 Apr 2024, 02:32 PM",177.0,169.0,180.0,164.0,144.0,157.0,32.1,95.0,1.0,1.0,186.62,189.62,,
"14 Apr 2024, 02:33 PM",147.0,160.0,180.0,148.0,142.0,147.0,32.1,95.0,1.0,1.0,183.53,191.69,,
"14 Apr 2024, 02:34 PM",154.0,135.0,180.0,157.0,173.0,136.0,32.1,95.0,1.0,1.0,183.28,191.94,,
"14 Apr 2024, 02:35 PM",159.0,176.0,180.0,173.0,189.0,164.0,32.1,95.0,1.0,1.0,188.6,187.14,,
"14 Apr 2024, 02:36 PM",170.0,160.0,180.0,174.0,188.0,178.0,32.1,95.0,1.0,1.0,184.53,184.83,,
"14 Apr 2024, 02:37 PM",148.0,147.0,180.0,174.0,139.0,166.0,32.1,95.0,1.0,1.0,185.79,190.77,,
"14 Apr 2024, 02:38 PM",177.0,180.0,180.0,174.0,162.0,146.0,32.1,95.0,1.0,1.0,186.9,191.91,,
"14 Apr 2024, 02:39 PM",155.0,156.0,180.0,174.0,162.0,130.0,33.3,95.0,1.0,1.0,188.77,184.48,,
"14 Apr 2024, 02:40 PM",140.0,161.0,180.0,173.0,151.0,175.0,33.3,95.0,1.0,1.0,192.23,183.32,,
"14 Apr 2024, 02:41 PM",180.0,175.0,180.0,174.0,184.0,167.0,33.3,95.0,1.0,1.0,187.83,186.17,,
"14 Apr 2024, 02:42 PM",186.0,164.0,180.0,174.0,136.0,179.0,33.3,95.0,1.0,1.0,190.39,191.18,,
"14 Apr 2024, 02:43 PM",132.0,143.0,180.0,174.0,174.0,135.0,33.3,95.0,1.0,1.0,185.26,186.98,,
"14 Apr 2024, 02:44 PM",178.0,151.0,180.0,174.0,165.0,166.0,33.3,95.0,1.0,1.0,190.16,185.5,,
"14 Apr 2024, 02:45 PM",151.0,135.0,180.0,173.0,145.0,150.0,33.3,95.0,1.0,1.0,191.63,191.46,,
"14 Apr 2024, 02:46 PM",188.0,151.0,180.0,174.0,178.0,162.0,33.3,95.0,1.0,1.0,186.97,188.18,,
"14 Apr 2024, 02:47 PM",184.0,145.0,180.0,174.0,172.0,151.0,33.3,95.0,1.0,1.0,184.32,186.58,,
"14 Apr 2024, 02:48 PM",140.0,178.0,180.0,174.0,166.0,187.0,33.3,95.0,1.0,1.0,183.47,188.58,,
"14 Apr 2024, 02:49 PM",187.0,164.0,187.0,174.0,164.0,149.0,33.3,95.0,1.0,1.0,187.66,187.71,,
"14 Apr 2024, 02:50 PM",147.0,145.0,180.0,174.0,176.0,137.0,33.3,95.0,1.0,1.0,191.57,187.82,,
"14 Apr 2024, 02:51 PM",188.0,166.0,180.0,174.0,160.0,178.0,33.3,95.0,1.0,1.0,186.75,191.04,,
"14 Apr 2024, 02:52 PM",180.0,151.0,180.0,174.0,188.0,185.0,33.3,95.0,1.0,1.0,192.0,185.94,,
"14 Apr 2024, 02:53 PM",189.0,157.0,187.0,174.0,163.0,158.0,33.3,95.0,1.0,1.0,187.5,191.31,,
"14 Apr 2024, 02:54 PM",190.0,147.0,163.0,174.0,167.0,131.0,33.3,95.0,1.0,1.0,191.69,189.34,,
"14 Apr 2024, 02:55 PM",136.0,157.0,182.0,174.0,156.0,174.0,33.3,95.0,1.0,1.0,192.06,186.9,,
"14 Apr 2024, 02:56 PM",140.0,136.0,182.0,174.0,189.0,152.0,33.3,95.0,1.0,1.0,187.72,184.03,,
"14 Apr 2024, 02:57 PM",182.0,164.0,182.0,174.0,164.0,159.0,33.3,95.0,1.0,1.0,184.09,187.54,,
"14 Apr 2024, 02:58 PM",174.0,185.0,182.0,174.0,159.0,162.0,33.3,95.0,1.0,1.0,189.6,189.26,,
"14 Apr 2024, 02:59 PM",178.0,171.0,182.0,174.0,136.0,161.0,33.3,95.0,1.0,1.0,191.91,190.79,,
"14 Apr 2024, 03:00 PM",177.0,140.0,182.0,174.0,187.0,176.0,33.3,95.0,1.0,1.0,185.72,186.88,,
"14 Apr 2024, 03:01 PM",135.0,134.0,182.0,174.0,142.0,163.0,33.3,95.0,1.0,1.0,190.36,183.16,,
"14 Apr 2024, 03:02 PM",185.0,164.0,182.0,174.0,182.0,186.0,33.3,95.0,1.0,1.0,190.17,183.52,,
"14 Apr 2024, 03:03 PM",157.0,160.0,182.0,174.0,142.0,168.0,33.3,95.0,1.0,1.0,189.96,192.69,,
"14 Apr 2024, 03:04 PM",138.0,189.0,182.0,174.0,140.0,179.0,33.3,95.0,1.0,1.0,187.98,191.35,,
"14 Apr 2024, 03:05 PM",152.0,143.0,180.0,174.0,169.0,180.0,33.3,95.0,1.0,1.0,185.0,188.91,,
"14 Apr 2024, 03:06 PM",131.0,142.0,180.0,174.0,172.0,179.0,33.3,95.0,1.0,1.0,189.05,187.39,,
"14 Apr 2024, 03:07 PM",184.0,187.0,180.0,174.0,135.0,165.0,33.3,95.0,1.0,1.0,187.21,186.89,,
"14 Apr 2024, 03:08 PM",178.0,159.0,180.0,174.0,190.0,133.0,33.3,95.0,1.0,1.0,192.13,186.01,,
"14 Apr 2024, 03:09 PM",136.0,186.0,180.0,174.0,153.0,137.0,33.3,95.0,1.0,1.0,183.76,191.26,,
"14 Apr 2024, 03:10 PM",136.0,186.0,180.0,174.0,153.0,137.0,33.3,95.0,1.0,1.0,186.03,187.47,,
"14 Apr 2024, 03:11 PM",136.0,186.0,180.0,174.0,153.0,137.0,33.3,95.0,1.0,1.0,184.89,188.32,,
"14 Apr 2024, 03:12 PM",136.0,186.0,180.0,174.0,153.0,137.0,33.3,95.0,1.0,1.0,183.03,192.43,,
"14 Apr 2024, 03:13 PM",136.0,186.0,180.0,174.0,153.0,137.0,33.3,95.0,1.0,1.0,192.77,185.99,,
"14 Apr 2024, 03:14 PM",136.0,186.0,180.0,174.0,153.0,137.0,33.3,95.0,1.0,1.0,185.94,192.1,,
"14 Apr 2024, 03:15 PM",136.0,186.0,180.0,174.0,153.0,137.0,33.3,95.0,1.0,1.0,192.12,183.18,,
"14 Apr 2024, 03:16 PM",136.0,186.0,180.0,174.0,153.0,137.0,33.3,95.0,1.0,1.0,191.27,188.38,,
"14 Apr 2024, 03:17 PM",136.0,186.0,180.0,174.0,153.0,137.0,33.3,95.0,1.0,1.0,190.46,192.53,,
"14 Apr 2024, 03:18 PM",136.0,186.0,180.0,174.0,153.0,137.0,33.3,95.0,1.0,1.0,183.63,192.35,,
"14 Apr 2024, 03:19 PM",136.0,186.0,180.0,174.0,153.0,137.0,33.3,95.0,1.0,1.0,190.16,189.55,,
"14 Apr 2024, 03:20 PM",136.0,186.0,180.0,174.0,153.0,137.0,33.3,95.0,1.0,1.0,187.91,183.86,,
"14 Apr 2024, 03:21 PM",136.0,186.0,180.0,174.0,153.0,137.0,33.3,95.0,1.0,1.0,192.56,185.89,,
"14 Apr 2024, 03:22 PM",136.0,186.0,180.0,174.0,153.0,137.0,33.3,95.0,1.0,1.0,189.2,187.36,,
"14 Apr 2024, 03:23 PM",136.0,186.0,180.0,174.0,153.0,137.0,33.3,95.0,1.0,1.0,191.18,184.12,,
"14 Apr 2024, 03:24 PM",136.0,186.0,180.0,174.0,153.0,137.0,33.3,95.0,1.0,1.0,189.02,190.56,,
"14 Apr 2024, 03:25 PM",136.0,186.0,180.0,174.0,153.0,137.0,33.3,95.0,1.0,1.0,184.92,187.26,,
"14 Apr 2024, 03:26 PM",136.0,186.0,180.0,174.0,153.0,137.0,33.3,95.0,1.0,1.0,186.1,188.07,,
"14 Apr 2024, 03:27 PM",136.0,186.0,180.0,174.0,153.0,137.0,33.3,95.0,1.0,1.0,192.64,189.0,,
"14 Apr 2024, 03:28 PM",136.0,186.0,180.0,174.0,153.0,137.0,33.3,95.0,1.0,1.0,190.98,184.13,,
"15 Apr 2024, 10:00 AM",54.0,56.0,142.0,142.0,132.0,122.0,32.7,80.0,1.0,1.0,121.85,126.85,,
"15 Apr 2024, 10:10 AM",54.0,56.0,142.0,142.0,110.0,120.0,32.7,81.0,1.0,1.0,117.67,124.67,,
"15 Apr 2024, 10:20 AM",54.0,56.0,140.0,140.0,132.0,123.0,32.7,81.0,1.0,1.0,117.29,118.29,,
"15 Apr 2024, 10:30 AM",54.0,56.0,140.0,140.0,129.0,123.0,32.7,80.0,1.0,1.0,115.58,116.58,,
"15 Apr 2024, 10:40 AM",54.0,56.0,140.0,140.0,131.0,123.0,32.7,79.0,1.0,1.0,120.51,127.51,,
"15 Apr 2024, 10:50 AM",54.0,56.0,140.0,140.0,131.0,123.0,32.7,78.0,1.0,1.0,121.42,127.42,,
"15 Apr 2024, 12:00 PM",56.0,59.0,83.0,51.0,72.0,71.0,34.8,80.0,1.0,1.0,197.74,203.74,,
"15 Apr 2024, 12:10 PM",58.0,59.0,83.0,51.0,72.0,71.0,33.3,81.0,1.0,1.0,202.1,207.1,,
"15 Apr 2024, 12:20 PM",58.0,59.0,82.0,51.0,72.0,71.0,33.2,81.0,1.0,1.0,197.02,198.02,,
"15 Apr 2024, 12:30 PM",58.0,59.0,83.0,51.0,72.0,71.0,33.0,82.0,1.0,1.0,201.9,208.9,,
"15 Apr 2024, 12:40 PM",58.0,59.0,83.0,51.0,72.0,71.0,33.0,83.0,1.0,1.0,198.89,203.89,,
"15 Apr 2024, 12:50 PM",58.0,59.0,83.0,51.0,72.0,71.0,33.5,83.0,1.0,1.0,204.11,206.11,,
"15 Apr 2024, 1:00 PM",58.0,59.0,81.0,51.0,72.0,71.0,33.5,83.0,1.0,1.0,199.5,204.5,,
"15 Apr 2024, 1:10 PM",58.0,59.0,83.0,51.0,72.0,71.0,33.5,82.0,1.0,1.0,200.25,206.25,,
"15 Apr 2024, 1:20 PM",58.0,59.0,82.0,51.0,72.0,70.0,33.5,83.0,1.0,1.0,201.77,202.77,,
"15 Apr 2024, 1:30 PM",58.0,59.0,83.0,51.0,72.0,71.0,33.5,84.0,1.0,1.0,204.1,211.1,,
"15 Apr 2024, 1:40 PM",58.0,59.0,83.0,51.0,70.0,72.0,33.5,84.0,1.0,1.0,193.28,194.28,,
"15 Apr 2024, 1:50 PM",58.0,59.0,82.0,51.0,72.0,72.0,33.5,84.0,1.0,1.0,188.01,190.01,,
"15 Apr 2024, 2:00 PM",58.0,59.0,83.0,51.0,72.0,72.0,33.5,93.0,1.0,1.0,185.42,192.42,,
"15 Apr 2024, 2:10 PM",58.0,59.0,83.0,51.0,72.0,72.0,34.6,83.0,1.0,1.0,186.44,193.44,,
"15 Apr 2024, 2:20 PM",56.0,59.0,83.0,51.0,72.0,72.0,35.3,83.0,1.0,1.0,189.3,192.3,,
"15 Apr 2024, 2:30 PM",56.0,59.0,83.0,51.0,72.0,72.0,33.5,79.0,1.0,1.0,193.6,196.6,,
"15 Apr 2024, 2:40 PM",56.0,59.0,83.0,51.0,72.0,72.0,33.5,79.0,1.0,1.0,186.94,189.94,,
"15 Apr 2024, 2:50 PM",56.0,59.0,83.0,51.0,72.0,72.0,28.5,79.0,1.0,1.0,186.33,192.33,,
"15 Apr 2024, 3:00 PM",56.0,59.0,83.0,51.0,72.0,72.0,28.5,79.0,1.0,1.0,187.95,193.95,,
"15 Apr 2024, 3:10 PM",56.0,57.0,81.0,51.0,72.0,72.0,28.5,77.0,1.0,1.0,186.24,189.24,,
"15 Apr 2024, 3:20 PM",56.0,56.0,83.0,51.0,72.0,72.0,28.5,78.0,1.0,1.0,185.55,191.55,,
"15 Apr 2024, 3:30 PM",56.0,56.0,81.0,51.0,72.0,70.0,28.5,78.0,1.0,1.0,186.69,189.69,,
"15 Apr 2024, 3:40 PM",56.0,57.0,81.0,51.0,72.0,72.0,28.5,78.0,1.0,1.0,187.39,189.39,,
"15 Apr 2024, 3:50 PM",56.0,56.0,81.0,51.0,72.0,70.0,28.5,77.0,1.0,1.0,188.82,192.82,,
"15 Apr 2024, 4:00 PM",56.0,59.0,81.0,51.0,70.0,72.0,28.5,77.0,1.0,1.0,190.01,197.01,,
"15 Apr 2024, 4:10 PM",56.0,59.0,83.0,51.0,70.0,72.0,28.5,77.0,1.0,1.0,185.9,187.9,,
"15 Apr 2024, 4:20 PM",56.0,59.0,82.0,51.0,70.0,72.0,28.5,76.0,1.0,1.0,187.92,192.92,,
"15 Apr 2024, 4:30 PM",56.0,59.0,83.0,51.0,69.0,69.0,28.5,77.0,1.0,1.0,189.1,193.1,,
"15 Apr 2024, 4:40 PM",56.0,59.0,81.0,51.0,72.0,70.0,28.5,75.0,1.0,1.0,185.92,186.92,,
"15 Apr 2024, 4:50 PM",56.0,59.0,81.0,51.0,72.0,69.0,28.5,75.0,1.0,1.0,185.45,187.45,,
"15 Apr 2024, 5:00 PM",56.0,59.0,81.0,51.0,72.0,72.0,28.5,75.0,1.0,1.0,194.74,198.74,,
"15 Apr 2024, 5:10 PM",56.0,59.0,83.0,51.0,72.0,72.0,28.5,75.0,1.0,1.0,187.55,190.55,,
"15 Apr 2024, 5:20 PM",56.0,59.0,81.0,51.0,72.0,72.0,28.5,75.0,1.0,1.0,185.81,186.81,,
"15 Apr 2024, 5:30 PM",56.0,59.0,81.0,51.0,72.0,72.0,28.5,75.0,1.0,1.0,186.89,188.89,,
"15 Apr 2024, 5:40 PM",56.0,56.0,81.0,51.0,71.0,72.0,28.5,76.0,1.0,1.0,186.93,189.93,,
"15 Apr 2024, 5:50 PM",56.0,59.0,81.0,51.0,72.0,72.0,28.5,76.0,1.0,1.0,187.82,194.82,,
"15 Apr 2024, 6:00 PM",56.0,56.0,81.0,51.0,72.0,72.0,28.5,74.0,1.0,1.0,190.23,193.23,,
"15 Apr 2024, 6:10 PM",56.0,56.0,81.0,51.0,70.0,72.0,28.5,75.0,1.0,1.0,186.05,191.05,,
"15 Apr 2024, 6:20 PM",56.0,59.0,83.0,51.0,71.0,70.0,28.5,76.0,1.0,1.0,191.74,198.74,,
"15 Apr 2024, 6:30 PM",56.0,59.0,82.0,51.0,72.0,72.0,28.5,76.0,1.0,1.0,187.67,193.67,,
"15 Apr 2024, 6:40 PM",56.0,59.0,83.0,51.0,72.0,72.0,28.5,76.0,1.0,1.0,190.17,191.17,,
"15 Apr 2024, 6:50 PM",56.0,59.0,81.0,51.0,72.0,72.0,28.5,74.0,1.0,1.0,185.81,190.81,,
"15 Apr 2024, 7:00 PM",56.0,59.0,81.0,51.0,72.0,72.0,28.5,74.0,1.0,1.0,192.52,197.52,,
"16 Apr 2024, 10:00 AM",56.0,59.0,81.0,51.0,72.0,72.0,28.1,90.0,1.0,1.0,189.01,200.12,,
"16 Apr 2024, 10:10 AM",56.0,59.0,81.0,51.0,72.0,74.0,28.1,88.0,1.0,1.0,203.22,200.84,,
"16 Apr 2024, 10:20 AM",56.0,59.0,81.0,51.0,72.0,72.0,28.2,83.0,1.0,1.0,198.01,200.73,,
"16 Apr 2024, 10:30 AM",56.0,59.0,81.0,51.0,72.0,72.0,28.2,87.0,1.0,1.0,208.12,200.92,,
"16 Apr 2024, 10:40 AM",56.0,59.0,81.0,51.0,72.0,73.0,28.3,84.0,1.0,1.0,204.37,200.34,,
"16 Apr 2024, 10:50 AM",56.0,59.0,81.0,51.0,72.0,72.0,28.3,88.0,1.0,1.0,190.0,200.49,,
"16 Apr 2024, 11:00 AM",56.0,59.0,81.0,51.0,72.0,72.0,28.4,86.0,1.0,1.0,187.09,200.64,,
"16 Apr 2024, 11:10 AM",58.0,63.0,83.0,53.0,72.0,73.0,28.4,82.0,1.0,1.0,190.38,200.79,,
"16 Apr 2024, 11:20 AM",58.0,63.0,83.0,53.0,72.0,73.0,28.5,84.0,1.0,1.0,180.62,200.63,,
"16 Apr 2024, 11:30 AM",58.0,63.0,83.0,53.0,72.0,73.0,28.5,88.0,1.0,1.0,195.09,200.78,,
"16 Apr 2024, 11:40 AM",58.0,63.0,83.0,53.0,72.0,74.0,28.6,86.0,1.0,1.0,186.72,200.49,,
"16 Apr 2024, 11:50 AM",58.0,63.0,83.0,53.0,72.0,74.0,28.6,80.0,1.0,1.0,193.22,200.87,,
"16 Apr 2024, 12:00 PM",58.0,63.0,83.0,53.0,72.0,75.0,28.7,78.0,1.0,1.0,186.48,200.11,,
"16 Apr 2024, 12:10 PM",58.0,63.0,83.0,53.0,72.0,75.0,28.7,78.0,1.0,1.0,200.99,200.87,,
"16 Apr 2024, 12:20 PM",58.0,63.0,83.0,53.0,72.0,75.0,28.8,83.0,1.0,1.0,209.67,200.59,,
"16 Apr 2024, 12:30 PM",58.0,63.0,83.0,53.0,72.0,75.0,28.9,79.0,1.0,1.0,199.21,200.88,,
"16 Apr 2024, 12:40 PM",58.0,64.0,83.0,53.0,72.0,75.0,28.9,82.0,1.0,1.0,208.18,200.18,,
"16 Apr 2024, 12:50 PM",58.0,63.0,83.0,53.0,72.0,75.0,31.0,78.0,1.0,1.0,187.72,200.73,,
"16 Apr 2024, 1:00 PM",58.0,65.0,83.0,53.0,72.0,75.0,31.1,79.0,1.0,1.0,196.28,200.23,,
"16 Apr 2024, 1:10 PM",58.0,62.0,83.0,53.0,72.0,75.0,31.2,75.0,1.0,1.0,185.23,200.42,,
"16 Apr 2024, 1:20 PM",58.0,63.0,83.0,53.0,72.0,73.0,31.3,72.0,1.0,1.0,202.16,200.74,,
"16 Apr 2024, 1:30 PM",58.0,63.0,83.0,53.0,72.0,76.0,31.3,75.0,1.0,1.0,208.65,200.13,,
"16 Apr 2024, 1:40 PM",58.0,63.0,83.0,53.0,72.0,76.0,31.4,77.0,1.0,1.0,209.3,200.44,,
"16 Apr 2024, 1:50 PM",58.0,63.0,83.0,53.0,72.0,76.0,31.5,73.0,1.0,1.0,204.13,200.28,,
"16 Apr 2024, 2:00 PM",58.0,63.0,83.0,53.0,72.0,76.0,31.6,76.0,1.0,1.0,208.68,200.91,,
"16 Apr 2024, 2:10 PM",58.0,63.0,83.0,53.0,72.0,76.0,31.7,77.0,1.0,1.0,207.53,200.73,,
"16 Apr 2024, 2:20 PM",58.0,63.0,83.0,53.0,72.0,76.0,31.8,74.0,1.0,1.0,190.72,200.41,,
"16 Apr 2024, 2:30 PM",58.0,64.0,83.0,53.0,72.0,76.0,31.9,70.0,1.0,1.0,183.08,200.71,,
"16 Apr 2024, 2:40 PM",58.0,63.0,83.0,53.0,72.0,76.0,32.0,73.0,1.0,1.0,181.02,200.24,,
"16 Apr 2024, 2:50 PM",58.0,63.0,83.0,53.0,72.0,76.0,32.0,71.0,1.0,1.0,206.05,200.24,,
"16 Apr 2024, 3:00 PM",58.0,63.0,83.0,53.0,72.0,76.0,29.8,75.0,1.0,1.0,194.84,200.87,,
"16 Apr 2024, 3:10 PM",60.0,63.0,83.0,53.0,72.0,78.0,31.9,74.0,1.0,1.0,183.47,200.25,,
"16 Apr 2024, 3:20 PM",60.0,62.0,83.0,53.0,72.0,78.0,31.7,71.0,1.0,1.0,189.42,200.56,,
"16 Apr 2024, 3:30 PM",60.0,63.0,83.0,53.0,72.0,78.0,31.7,73.0,1.0,1.0,201.35,200.69,,
"16 Apr 2024, 3:40 PM",58.0,63.0,83.0,53.0,72.0,72.0,31.7,75.0,1.0,1.0,200.01,200.9,,
"16 Apr 2024, 3:50 PM",59.0,62.0,83.0,53.0,72.0,77.0,31.7,73.0,1.0,1.0,209.52,200.22,,
"16 Apr 2024, 4:00 PM",58.0,63.0,83.0,53.0,72.0,77.0,30.3,80.0,1.0,1.0,188.14,200.33,,
"16 Apr 2024, 4:10 PM",58.0,63.0,83.0,53.0,72.0,77.0,30.3,80.0,1.0,1.0,186.34,200.04,,
"16 Apr 2024, 4:20 PM",58.0,63.0,83.0,53.0,72.0,77.0,30.4,80.0,1.0,1.0,180.34,200.16,,
"16 Apr 2024, 4:30 PM",58.0,63.0,83.0,53.0,72.0,77.0,30.5,74.0,1.0,1.0,184.92,200.71,,
"16 Apr 2024, 4:40 PM",60.0,63.0,83.0,56.0,72.0,77.0,30.6,79.0,1.0,1.0,200.15,200.72,,
"16 Apr 2024, 4:50 PM",56.0,63.0,83.0,56.0,72.0,77.0,30.6,80.0,0.0,0.0,182.52,200.86,,
"16 Apr 2024, 5:00 PM",56.0,63.0,83.0,56.0,72.0,77.0,30.7,76.0,0.0,0.0,208.88,200.51,,
"16 Apr 2024, 5:10 PM",56.0,63.0,83.0,56.0,72.0,76.0,30.8,77.0,0.0,0.0,186.35,200.0,,
"16 Apr 2024, 5:20 PM",56.0,63.0,83.0,56.0,72.0,76.0,30.9,73.0,0.0,0.0,185.38,200.61,,
"16 Apr 2024, 5:30 PM",56.0,63.0,83.0,54.0,72.0,76.0,28.7,83.0,1.0,1.0,185.56,200.72,,
"16 Apr 2024, 5:40 PM",56.0,63.0,83.0,53.0,72.0,76.0,28.2,81.0,1.0,1.0,204.09,200.91,,
"16 Apr 2024, 5:50 PM",56.0,63.0,83.0,56.0,72.0,76.0,28.2,89.0,1.0,1.0,200.87,200.27,,
"16 Apr 2024, 6:00 PM",56.0,63.0,83.0,53.0,72.0,76.0,28.2,89.0,1.0,1.0,196.28,200.18,,
"16 Apr 2024, 6:10 PM",60.0,63.0,83.0,53.0,72.0,76.0,28.2,80.0,1.0,1.0,197.4,200.1,,
"16 Apr 2024, 6:20 PM",56.0,62.0,83.0,57.0,72.0,78.0,29.3,78.0,1.0,1.0,184.16,200.96,,
"16 Apr 2024, 6:30 PM",56.0,63.0,83.0,57.0,72.0,78.0,29.1,81.0,1.0,1.0,201.29,200.6,,
"16 Apr 2024, 6:40 PM",59.0,63.0,83.0,57.0,72.0,78.0,28.2,86.0,1.0,1.0,197.65,200.57,,
"16 Apr 2024, 6:50 PM",59.0,63.0,83.0,57.0,72.0,78.0,28.2,84.0,1.0,1.0,185.93,200.38,,
"17 Apr 2024, 10:00 AM",133.0,149.0,170.0,157.0,140.0,152.0,27.4,98.0,1.0,1.0,190.28,190.73,,
"17 Apr 2024, 10:10 AM",178.0,185.0,170.0,157.0,140.0,152.0,27.4,98.0,1.0,1.0,183.17,189.52,,
"17 Apr 2024, 10:20 AM",149.0,135.0,170.0,158.0,143.0,152.0,27.4,98.0,1.0,1.0,188.62,189.19,,
"17 Apr 2024, 10:30 AM",135.0,163.0,170.0,157.0,140.0,152.0,27.4,98.0,1.0,1.0,185.14,192.14,,
"17 Apr 2024, 10:40 AM",154.0,173.0,170.0,157.0,140.0,152.0,27.5,98.0,1.0,1.0,185.02,186.33,,
"17 Apr 2024, 10:50 AM",190.0,162.0,170.0,157.0,140.0,152.0,27.9,98.0,1.0,1.0,192.53,185.03,,
"17 Apr 2024, 11:00 AM",145.0,169.0,170.0,157.0,140.0,152.0,27.4,98.0,1.0,1.0,186.11,187.31,,
"17 Apr 2024, 11:10 AM",174.0,134.0,170.0,154.0,140.0,152.0,27.8,98.0,1.0,1.0,184.62,184.9,,
"17 Apr 2024, 11:20 AM",131.0,185.0,170.0,157.0,140.0,153.0,27.6,98.0,1.0,1.0,191.25,191.41,,
"17 Apr 2024, 11:30 AM",135.0,144.0,170.0,158.0,140.0,152.0,27.5,98.0,1.0,1.0,186.57,188.81,,
"17 Apr 2024, 11:40 AM",170.0,167.0,170.0,157.0,140.0,152.0,27.9,98.0,1.0,1.0,189.11,184.57,,
"17 Apr 2024, 11:50 AM",141.0,140.0,171.0,157.0,140.0,152.0,27.9,98.0,1.0,1.0,184.01,183.38,,
"17 Apr 2024, 12:00 PM",160.0,131.0,170.0,156.0,140.0,152.0,27.4,98.0,1.0,1.0,190.48,186.33,,
"17 Apr 2024, 12:10 PM",173.0,150.0,170.0,157.0,140.0,152.0,27.4,98.0,1.0,1.0,183.38,182.92,,
"17 Apr 2024, 12:20 PM",160.0,153.0,170.0,157.0,140.0,152.0,27.4,98.0,1.0,1.0,185.77,183.05,,
"17 Apr 2024, 12:30 PM",167.0,159.0,170.0,157.0,143.0,153.0,27.7,98.0,1.0,1.0,191.95,187.93,,
"17 Apr 2024, 12:40 PM",170.0,150.0,171.0,157.0,143.0,152.0,27.4,98.0,1.0,1.0,188.25,183.3,,
"17 Apr 2024, 12:50 PM",168.0,157.0,172.0,157.0,143.0,152.0,27.8,98.0,1.0,1.0,187.33,185.82,,
"17 Apr 2024, 1:00 PM",169.0,153.0,170.0,154.0,143.0,154.0,27.5,98.0,1.0,1.0,191.18,192.12,,
"17 Apr 2024, 1:10 PM",161.0,156.0,170.0,157.0,143.0,152.0,27.9,98.0,1.0,1.0,186.75,192.58,,
"17 Apr 2024, 1:20 PM",163.0,151.0,170.0,157.0,143.0,154.0,28.0,98.0,1.0,1.0,185.22,192.73,,
"17 Apr 2024, 1:30 PM",169.0,160.0,170.0,157.0,140.0,152.0,27.9,98.0,1.0,1.0,184.18,184.29,,
"17 Apr 2024, 1:40 PM",166.0,153.0,170.0,157.0,143.0,154.0,27.8,98.0,1.0,1.0,184.21,185.45,,
"17 Apr 2024, 1:50 PM",161.0,156.0,172.0,157.0,140.0,152.0,27.8,98.0,1.0,1.0,188.9,183.13,,
"17 Apr 2024, 2:00 PM",164.0,152.0,172.0,156.0,140.0,152.0,27.6,98.0,1.0,1.0,184.24,185.13,,
"17 Apr 2024, 2:10 PM",160.0,152.0,170.0,157.0,140.0,153.0,28.0,98.0,1.0,1.0,191.71,184.48,,
"17 Apr 2024, 2:20 PM",160.0,154.0,170.0,157.0,140.0,154.0,27.8,98.0,1.0,1.0,183.15,189.16,,
"17 Apr 2024, 2:30 PM",166.0,158.0,170.0,157.0,140.0,153.0,27.8,98.0,1.0,1.0,190.85,184.91,,
"17 Apr 2024, 2:40 PM",168.0,153.0,172.0,157.0,140.0,152.0,28.0,98.0,1.0,1.0,188.14,190.02,,
"17 Apr 2024, 2:50 PM",167.0,153.0,170.0,156.0,140.0,152.0,28.0,98.0,1.0,1.0,189.35,187.91,,
"17 Apr 2024, 3:00 PM",169.0,150.0,170.0,157.0,140.0,152.0,27.5,98.0,1.0,1.0,190.15,183.1,,
"17 Apr 2024, 3:10 PM",168.0,154.0,170.0,157.0,143.0,152.0,27.4,98.0,1.0,1.0,189.15,190.87,,
"17 Apr 2024, 3:20 PM",165.0,154.0,170.0,157.0,140.0,152.0,27.4,98.0,1.0,1.0,186.69,186.16,,
"17 Apr 2024, 3:30 PM",168.0,156.0,170.0,157.0,140.0,154.0,27.8,98.0,1.0,1.0,183.78,192.07,,
"17 Apr 2024, 3:40 PM",166.0,161.0,170.0,157.0,140.0,152.0,28.0,98.0,1.0,1.0,185.31,187.78,,
"17 Apr 2024, 3:50 PM",165.0,163.0,170.0,157.0,140.0,152.0,27.8,98.0,1.0,1.0,185.34,192.05,,
"17 Apr 2024, 4:00 PM",163.0,160.0,173.0,157.0,140.0,152.0,27.7,98.0,1.0,1.0,187.05,187.45,,
"17 Apr 2024, 4:10 PM",165.0,170.0,170.0,157.0,141.0,152.0,27.8,98.0,1.0,1.0,183.84,191.45,,
"17 Apr 2024, 4:20 PM",165.0,165.0,170.0,157.0,140.0,152.0,27.5,98.0,1.0,1.0,192.61,183.66,,
"17 Apr 2024, 4:30 PM",163.0,166.0,170.0,157.0,143.0,154.0,27.9,98.0,1.0,1.0,188.35,183.89,,
"17 Apr 2024, 4:40 PM",167.0,162.0,170.0,157.0,143.0,152.0,28.0,98.0,1.0,1.0,190.75,187.32,,
"17 Apr 2024, 4:50 PM",160.0,164.0,170.0,164.0,143.0,152.0,27.4,98.0,1.0,1.0,190.67,189.35,,
"17 Apr 2024, 5:00 PM",163.0,168.0,173.0,164.0,143.0,152.0,27.6,98.0,1.0,1.0,189.61,183.11,,
"17 Apr 2024, 5:10 PM",165.0,170.0,172.0,165.0,143.0,152.0,27.4,98.0,1.0,1.0,188.26,183.44,,
"17 Apr 2024, 5:20 PM",166.0,164.0,170.0,164.0,143.0,152.0,27.7,98.0,1.0,1.0,188.04,188.87,,
"17 Apr 2024, 5:30 PM",160.0,163.0,170.0,164.0,143.0,154.0,27.4,98.0,1.0,1.0,190.31,184.27,,
"17 Apr 2024, 5:40 PM",170.0,165.0,170.0,164.0,143.0,152.0,27.6,98.0,1.0,1.0,191.63,191.49,,
"17 Apr 2024, 5:50 PM",165.0,167.0,170.0,164.0,145.0,152.0,27.4,98.0,1.0,1.0,185.91,189.86,,
"17 Apr 2024, 6:00 PM",161.0,160.0,170.0,164.0,158.0,152.0,27.4,98.0,1.0,1.0,191.83,186.48,,
"17 Apr 2024, 6:10 PM",170.0,163.0,171.0,165.0,150.0,152.0,27.4,98.0,1.0,1.0,189.09,186.84,,
"17 Apr 2024, 6:20 PM",165.0,168.0,172.0,164.0,153.0,152.0,27.4,98.0,1.0,1.0,186.81,183.21,,
"17 Apr 2024, 6:30 PM",165.0,168.0,173.0,164.0,158.0,152.0,27.4,98.0,1.0,1.0,189.17,190.26,,
"17 Apr 2024, 6:40 PM",170.0,168.0,170.0,164.0,153.0,152.0,27.5,98.0,1.0,1.0,186.59,185.08,,
"17 Apr 2024, 6:50 PM",161.0,163.0,170.0,164.0,158.0,152.0,27.4,98.0,1.0,1.0,191.69,185.72,,
2024-04-18 10:10:00,161.0,168.0,170.0,164.0,153.0,152.0,27.5,83.0,1.0,1.0,187.72,191.62,10:10:00,18.0
2024-04-18 10:20:00,161.0,163.0,170.0,164.0,158.0,152.0,27.4,83.0,1.0,1.0,184.66,189.9,10:20:00,18.0
2024-04-18 10:30:00,170.0,168.0,170.0,164.0,153.0,152.0,27.5,84.0,1.0,1.0,191.45,187.43,10:30:00,18.0
2024-04-18 12:00:00,43.0,44.0,51.0,52.0,14.0,17.0,27.4,84.0,1.0,1.0,185.15,183.83,12:00:00,18.0
2024-04-18 12:10:00,43.0,44.0,51.0,52.0,14.0,17.0,27.5,84.0,1.0,1.0,190.02,192.21,12:10:00,18.0
2024-04-18 12:20:00,43.0,44.0,51.0,52.0,14.0,20.0,27.4,84.0,1.0,1.0,192.26,184.18,12:20:00,18.0
2024-04-18 12:30:00,43.0,44.0,51.0,53.0,14.0,19.0,27.5,84.0,1.0,1.0,190.05,188.9,12:30:00,18.0
2024-04-18 12:40:00,43.0,44.0,51.0,53.0,14.0,21.0,27.4,84.0,1.0,1.0,185.53,190.78,12:40:00,18.0
2024-04-18 12:50:00,43.0,44.0,51.0,55.0,14.0,20.0,27.5,84.0,1.0,1.0,189.31,186.39,12:50:00,18.0
2024-04-18 13:00:00,45.0,45.0,51.0,52.0,14.0,17.0,27.4,84.0,1.0,1.0,187.72,187.12,13:00:00,18.0
2024-04-18 13:10:00,45.0,43.0,51.0,53.0,14.0,17.0,27.5,84.0,1.0,1.0,188.51,190.96,13:10:00,18.0
2024-04-18 13:20:00,46.0,43.0,51.0,55.0,14.0,20.0,27.4,84.0,1.0,1.0,187.24,191.57,13:20:00,18.0
2024-04-18 13:30:00,45.0,44.0,51.0,55.0,14.0,19.0,27.5,84.0,1.0,1.0,183.86,191.46,13:30:00,18.0
2024-04-18 13:40:00,44.0,44.0,51.0,53.0,14.0,20.0,27.4,84.0,1.0,1.0,191.14,187.6,13:40:00,18.0
2024-04-18 13:50:00,46.0,44.0,51.0,54.0,14.0,20.0,27.5,84.0,1.0,1.0,190.41,183.96,13:50:00,18.0
2024-04-18 14:00:00,45.0,45.0,51.0,52.0,14.0,19.0,27.4,84.0,1.0,1.0,188.29,186.17,14:00:00,18.0
2024-04-18 14:10:00,46.0,47.0,51.0,55.0,14.0,19.0,27.5,84.0,1.0,1.0,192.78,190.96,14:10:00,18.0
2024-04-18 14:20:00,46.0,45.0,51.0,55.0,14.0,20.0,27.4,84.0,1.0,1.0,192.6,184.44,14:20:00,18.0
2024-04-18 14:30:00,47.0,45.0,51.0,52.0,14.0,21.0,27.5,84.0,1.0,1.0,186.98,192.83,14:30:00,18.0
2024-04-18 14:40:00,43.0,43.0,51.0,52.0,14.0,20.0,27.4,84.0,1.0,1.0,191.05,186.08,14:40:00,18.0
2024-04-18 14:50:00,47.0,46.0,51.0,53.0,14.0,18.0,27.5,75.0,1.0,1.0,187.71,189.43,14:50:00,18.0
2024-04-18 15:00:00,47.0,45.0,51.0,52.0,14.0,18.0,27.4,79.0,1.0,1.0,192.81,184.58,15:00:00,18.0
2024-04-18 15:10:00,46.0,45.0,51.0,53.0,14.0,18.0,27.5,79.0,1.0,1.0,184.42,188.64,15:10:00,18.0
2024-04-18 15:20:00,45.0,47.0,51.0,54.0,14.0,21.0,27.4,76.0,1.0,1.0,190.66,187.07,15:20:00,18.0
2024-04-18 15:30:00,44.0,44.0,51.0,54.0,14.0,20.0,27.5,75.0,1.0,1.0,186.57,189.22,15:30:00,18.0
2024-04-18 15:40:00,46.0,44.0,51.0,52.0,14.0,20.0,27.4,78.0,1.0,1.0,183.77,185.38,15:40:00,18.0
2024-04-18 15:50:00,43.0,47.0,51.0,52.0,14.0,19.0,27.5,77.0,1.0,1.0,184.33,192.44,15:50:00,18.0
2024-04-18 16:00:00,44.0,44.0,51.0,53.0,14.0,21.0,27.4,79.0,1.0,1.0,187.68,189.51,16:00:00,18.0
2024-04-18 16:10:00,47.0,47.0,51.0,54.0,14.0,19.0,27.5,78.0,1.0,1.0,187.96,192.68,16:10:00,18.0
2024-04-18 16:20:00,43.0,47.0,51.0,55.0,14.0,21.0,27.4,76.0,1.0,1.0,185.65,190.44,16:20:00,18.0
2024-04-18 16:30:00,45.0,44.0,51.0,53.0,14.0,18.0,27.5,76.0,1.0,1.0,183.09,190.0,16:30:00,18.0
2024-04-18 16:40:00,45.0,47.0,51.0,52.0,14.0,17.0,27.4,79.0,1.0,1.0,192.03,184.37,16:40:00,18.0
2024-04-18 16:50:00,45.0,43.0,53.0,53.0,14.0,29.0,27.5,75.0,1.0,1.0,185.05,183.74,16:50:00,18.0
2024-04-18 17:00:00,46.0,44.0,54.0,52.0,14.0,28.0,27.4,75.0,1.0,1.0,185.75,187.71,17:00:00,18.0
2024-04-18 17:10:00,44.0,43.0,54.0,53.0,14.0,27.0,27.5,76.0,1.0,1.0,189.0,187.32,17:10:00,18.0
2024-04-18 17:20:00,44.0,46.0,55.0,54.0,14.0,30.0,27.4,79.0,1.0,1.0,185.65,188.79,17:20:00,18.0
2024-04-18 17:30:00,43.0,44.0,52.0,54.0,14.0,29.0,27.5,77.0,1.0,1.0,190.9,185.78,17:30:00,18.0
2024-04-18 17:40:00,47.0,45.0,53.0,53.0,14.0,30.0,27.4,75.0,1.0,1.0,187.96,191.11,17:40:00,18.0
2024-04-18 17:50:00,44.0,43.0,55.0,52.0,14.0,29.0,27.5,77.0,1.0,1.0,183.28,183.46,17:50:00,18.0
2024-04-18 18:00:00,45.0,46.0,55.0,52.0,14.0,26.0,27.4,75.0,1.0,1.0,191.73,190.08,18:00:00,18.0
2024-04-18 18:10:00,46.0,46.0,52.0,52.0,14.0,27.0,27.5,77.0,1.0,1.0,182.98,187.72,18:10:00,18.0
2024-04-18 18:20:00,43.0,47.0,54.0,52.0,14.0,25.0,27.4,76.0,1.0,1.0,185.32,184.86,18:20:00,18.0
2024-04-18 18:30:00,43.0,46.0,52.0,52.0,14.0,29.0,27.5,77.0,1.0,1.0,185.3,190.51,18:30:00,18.0
2024-04-18 18:40:00,47.0,45.0,55.0,52.0,14.0,27.0,28.8,79.0,1.0,1.0,185.5,184.51,18:40:00,18.0
2024-04-18 18:50:00,46.0,43.0,53.0,52.0,14.0,27.0,28.5,56.0,1.0,1.0,191.11,188.73,18:50:00,18.0
2024-04-18 19:00:00,46.0,44.0,52.0,52.0,14.0,26.0,28.0,56.0,1.0,1.0,184.3,183.11,19:00:00,18.0
2024-04-18 19:10:00,43.0,47.0,53.0,52.0,14.0,26.0,28.3,56.0,1.0,1.0,190.48,192.59,19:10:00,18.0
2024-04-18 19:20:00,46.0,47.0,53.0,52.0,14.0,28.0,28.6,56.0,1.0,1.0,191.5,186.13,19:20:00,18.0
2024-04-18 19:30:00,47.0,45.0,52.0,52.0,14.0,30.0,28.0,56.0,1.0,1.0,190.95,186.31,19:30:00,18.0
2024-04-18 19:40:00,43.0,45.0,52.0,52.0,14.0,29.0,29.0,56.0,1.0,1.0,185.59,190.06,19:40:00,18.0
2024-04-18 19:50:00,43.0,44.0,54.0,52.0,14.0,27.0,28.2,56.0,1.0,1.0,190.0,188.12,19:50:00,18.0
2024-04-18 20:00:00,46.0,44.0,53.0,52.0,14.0,26.0,28.5,56.0,1.0,1.0,185.02,183.35,20:00:00,18.0
2024-04-18 20:10:00,43.0,46.0,52.0,52.0,14.0,29.0,28.1,56.0,1.0,1.0,186.89,190.3,20:10:00,18.0
2024-04-18 20:20:00,45.0,45.0,51.0,52.0,14.0,29.0,28.0,56.0,1.0,1.0,186.19,192.59,20:20:00,18.0
2024-04-18 20:30:00,45.0,47.0,51.0,52.0,14.0,28.0,28.4,56.0,1.0,1.0,186.97,189.93,20:30:00,18.0
2024-04-18 20:40:00,47.0,46.0,54.0,52.0,14.0,27.0,29.0,56.0,1.0,1.0,187.37,189.06,20:40:00,18.0
2024-04-18 20:50:00,45.0,45.0,51.0,52.0,14.0,27.0,28.2,56.0,1.0,1.0,184.99,186.1,20:50:00,18.0
2024-04-18 21:00:00,44.0,44.0,53.0,52.0,14.0,25.0,28.1,56.0,1.0,1.0,186.13,190.47,21:00:00,18.0
2024-04-18 21:10:00,43.0,47.0,51.0,52.0,14.0,30.0,28.2,56.0,1.0,1.0,185.22,189.38,21:10:00,18.0
2024-04-18 21:20:00,45.0,47.0,51.0,52.0,14.0,29.0,28.6,56.0,1.0,1.0,190.45,189.25,21:20:00,18.0
2024-04-18 21:30:00,44.0,44.0,51.0,52.0,14.0,30.0,28.3,56.0,1.0,1.0,188.63,186.49,21:30:00,18.0
2024-04-18 21:40:00,45.0,46.0,51.0,52.0,14.0,25.0,29.0,56.0,1.0,1.0,187.34,183.1,21:40:00,18.0
2024-04-18 21:50:00,46.0,47.0,51.0,52.0,14.0,27.0,28.2,56.0,1.0,1.0,188.18,185.97,21:50:00,18.0
