devicename,deviceid,hourly_interval,Soil - EC,Soil - Moisture,Soil - Nitrogen,Soil - PH,Soil - Phosphorus,Soil - Potassium,Soil - Temperature,feed
NDS004,7,2024-07-18 12:00:00,17.0,11.0,0.0,3.3,0.0,0.0,29.1,
NDS004,7,2024-07-18 12:10:00,8.833333333333334,21.216666666666665,67.83333333333333,3.4333333333333336,0.0,129.5,29.11666666666667,
NDS004,7,2024-07-19 05:30:00,24.0,11.85,0.0,7.0,0.0,0.0,29.1,
NDS004,7,2024-07-19 05:40:00,6.0,11.2,114.25,1.75,0.0,194.25,29.125,
NDS004,7,2024-07-22 04:30:00,77.3076923076923,10.5,137.30769230769232,6.915384615384616,176.53846153846155,215.7692307692308,30.861538461538466,
NDS004,7,2024-07-22 04:40:00,29.84210526315789,10.463157894736844,59.21052631578947,5.08421052631579,80.52631578947368,81.57894736842105,36.12105263157895,
NDS004,7,2024-07-22 04:50:00,24.0,10.765,0.0,6.9,0.0,0.0,29.24,
NDS004,7,2024-07-22 05:00:00,24.0,10.36842105263158,0.0,6.9,0.0,0.0,29.321052631578947,
NDS004,7,2024-07-22 05:10:00,24.0,10.283333333333331,0.0,6.900000000000001,0.0,0.0,29.399999999999995,
NDS004,7,2024-07-22 06:00:00,82.85714285714286,11.135714285714286,145.71428571428572,6.935714285714286,182.14285714285717,218.57142857142856,32.66428571428572,
NDS004,7,2024-07-22 06:10:00,10.6,10.3,39.75,5.325,63.75,64.75,34.985,
NDS004,7,2024-07-22 06:20:00,14.526315789473683,10.773684210526318,0.0,7.1000000000000005,0.0,0.0,29.68947368421053,
NDS004,7,2024-07-22 06:30:00,15.0,10.742105263157894,0.0,7.1000000000000005,0.0,0.0,29.73157894736842,
NDS004,7,2024-07-22 06:40:00,15.0,11.23,0.0,7.1,0.0,0.0,29.8,
NDS004,7,2024-07-22 06:50:00,15.0,10.115789473684211,0.0,7.1000000000000005,0.0,0.0,29.81578947368421,
NDS004,7,2024-07-22 07:00:00,15.2,11.1,0.0,7.1,0.0,0.0,29.885,
NDS004,7,2024-07-22 07:10:00,15.052631578947368,10.831578947368422,0.0,7.1000000000000005,0.0,0.0,29.9,
NDS004,7,2024-07-22 07:20:00,15.68421052631579,11.273684210526318,0.0,7.0894736842105255,0.0,0.0,29.9,
NDS004,7,2024-07-22 07:30:00,16.0,10.45,0.0,7.034999999999999,0.0,0.0,29.92,
NDS004,7,2024-07-22 07:40:00,16.0,9.926315789473684,0.0,7.015789473684211,0.0,0.0,29.93157894736842,
NDS004,7,2024-07-22 07:50:00,16.0,11.045,0.0,7.0,0.0,0.0,29.96,
NDS004,7,2024-07-22 08:00:00,16.0,10.957894736842109,0.0,7.0,0.0,0.0,29.973684210526315,
NDS004,7,2024-07-22 08:10:00,16.0,11.225,0.0,7.0,0.0,0.0,29.995,
NDS004,7,2024-07-22 08:20:00,16.0,10.715789473684213,0.0,7.0,0.0,0.0,29.99473684210526,
NDS004,7,2024-07-22 08:30:00,16.0,10.775,0.0,7.0,0.0,0.0,29.99,
NDS004,7,2024-07-22 08:40:00,16.05263157894737,10.747368421052633,0.0,7.0,0.0,0.0,29.989473684210523,
NDS004,7,2024-07-22 08:50:00,16.1,10.425,0.0,7.0,0.0,0.0,29.995,
NDS004,7,2024-07-22 09:00:00,16.210526315789473,11.66315789473684,0.0,7.0,0.0,0.0,29.989473684210523,
NDS004,7,2024-07-22 09:10:00,16.63157894736842,10.736842105263158,0.0,7.0,0.0,0.0,29.96315789473684,
NDS004,7,2024-07-22 09:20:00,16.9,10.495,0.0,7.0,0.0,0.0,29.925,
NDS004,7,2024-07-22 09:30:00,17.0,10.363157894736842,0.0,7.0,0.0,0.0,29.91578947368421,
NDS004,7,2024-07-22 09:40:00,17.0,10.645,0.0,7.0,0.0,0.0,29.905,
NDS004,7,2024-07-22 09:50:00,17.0,10.742105263157894,0.0,7.0,0.0,0.0,29.9,
NDS004,7,2024-07-22 10:00:00,17.0,10.91578947368421,0.0,7.0,0.0,0.0,29.9,
NDS004,7,2024-07-22 10:10:00,19.25,11.16,0.0,6.99,0.0,0.0,29.895,
NDS004,7,2024-07-22 10:20:00,19.05263157894737,11.026315789473683,0.0,6.978947368421053,0.0,0.0,29.889473684210525,
NDS004,7,2024-07-22 10:30:00,17.263157894736842,10.910526315789474,0.0,6.942105263157895,0.0,0.0,29.87894736842105,
NDS004,7,2024-07-22 10:40:00,17.1,11.765,0.0,6.9,0.0,0.0,29.855,
NDS004,7,2024-07-22 10:50:00,17.263157894736842,11.331578947368422,0.0,6.9,0.0,0.0,29.836842105263155,
NDS004,7,2024-07-22 11:00:00,17.3,11.495,0.0,6.9,0.0,0.0,29.82,
NDS004,7,2024-07-22 11:10:00,17.473684210526315,10.536842105263156,0.0,6.9,0.0,0.0,29.805263157894736,
NDS004,7,2024-07-22 11:20:00,17.75,10.125,0.0,6.915000000000001,0.0,0.0,29.805,
NDS004,7,2024-07-22 11:30:00,17.63157894736842,11.031578947368422,0.0,6.989473684210527,0.0,0.0,29.8,
NDS004,7,2024-07-22 11:40:00,17.9,11.245,0.0,6.99,0.0,0.0,29.8,
NDS004,7,2024-07-22 11:50:00,17.894736842105264,11.026315789473683,0.0,6.9105263157894745,0.0,0.0,29.8,
NDS004,7,2024-07-22 12:00:00,17.95,10.425,0.0,6.94,0.0,0.0,29.8,
NDS004,7,2024-07-22 12:10:00,18.0,10.43157894736842,0.0,6.9,0.0,0.0,29.8,
NDS004,7,2024-07-22 12:20:00,18.0,10.715789473684213,0.0,6.9,0.0,0.0,29.8,
NDS004,7,2024-07-22 12:30:00,18.0,10.54,0.0,6.9,0.0,0.0,29.8,
NDS004,7,2024-07-22 12:40:00,18.0,10.857894736842104,0.0,6.9,0.0,0.0,29.789473684210527,
NDS004,7,2024-07-22 12:50:00,18.0,11.02,0.0,6.9,0.0,0.0,29.79,
NDS004,7,2024-07-22 13:00:00,18.0,10.863157894736842,0.0,6.847368421052631,0.0,0.0,29.76315789473684,
NDS004,7,2024-07-22 13:10:00,18.0,10.96,0.0,6.82,0.0,0.0,29.71,
NDS004,7,2024-07-22 13:20:00,18.0,10.33684210526316,0.0,6.805263157894737,0.0,0.0,29.70526315789473,
NDS004,7,2024-07-22 13:30:00,18.0,11.735,0.0,6.865,0.0,0.0,29.7,
NDS004,7,2024-07-22 13:40:00,18.0,10.789473684210526,0.0,6.821052631578947,0.0,0.0,29.7,
NDS004,7,2024-07-22 13:50:00,18.0,11.24,0.0,6.855,0.0,0.0,29.7,
NDS004,7,2024-07-22 14:00:00,18.0,11.305263157894736,0.0,6.863157894736842,0.0,0.0,29.68947368421053,
NDS004,7,2024-07-22 14:10:00,18.0,10.636842105263158,0.0,6.8,0.0,0.0,29.657894736842103,
NDS004,7,2024-07-22 14:20:00,18.0,11.09,0.0,6.8,0.0,0.0,29.615,
NDS004,7,2024-07-22 14:30:00,18.0,11.0,0.0,6.878947368421054,0.0,0.0,29.605263157894736,
NDS004,7,2024-07-22 14:40:00,18.0,11.01,0.0,6.8,0.0,0.0,29.6,
NDS004,7,2024-07-22 14:50:00,18.0,10.594736842105265,0.0,6.8,0.0,0.0,29.6,
NDS004,7,2024-07-22 15:00:00,18.0,10.84,0.0,6.8,0.0,0.0,29.585,
NDS004,7,2024-07-22 15:10:00,18.0,11.168421052631578,0.0,6.8,0.0,0.0,29.55263157894737,
NDS004,7,2024-07-22 15:20:00,18.0,11.36,0.0,6.815,0.0,0.0,29.515,
NDS004,7,2024-07-22 15:30:00,18.0,10.363157894736842,0.0,6.873684210526315,0.0,0.0,29.5,
NDS004,7,2024-07-22 15:40:00,18.0,11.125,0.0,6.9,0.0,0.0,29.5,
NDS004,7,2024-07-22 15:50:00,18.0,11.236842105263158,0.0,6.9,0.0,0.0,29.5,
NDS004,7,2024-07-22 16:00:00,18.0,10.895,0.0,6.9,0.0,0.0,29.5,
NDS004,7,2024-07-22 16:10:00,18.0,11.4,0.0,6.9,0.0,0.0,29.49473684210526,
NDS004,7,2024-07-22 16:20:00,18.0,11.135,0.0,6.9,0.0,0.0,29.49,
NDS004,7,2024-07-22 16:30:00,24.57894736842105,12.657894736842104,0.0,6.968421052631579,0.0,0.0,29.42105263157895,
NDS004,7,2024-07-22 16:40:00,27.5,12.775,0.0,6.995,0.0,0.0,29.41,
NDS004,7,2024-07-22 16:50:00,28.0,13.078947368421051,0.0,6.984210526315789,0.0,0.0,29.4,
NDS004,7,2024-07-22 17:00:00,27.526315789473685,13.452631578947368,0.0,6.9,0.0,0.0,29.37894736842105,
NDS004,7,2024-07-22 17:10:00,27.05,12.94,0.0,6.9,0.0,0.0,29.355,
NDS004,7,2024-07-22 17:20:00,27.31578947368421,12.789473684210526,0.0,6.9,0.0,0.0,29.310526315789478,
NDS004,7,2024-07-22 17:30:00,27.45,12.81,0.0,6.915000000000001,0.0,0.0,29.295,
NDS004,7,2024-07-22 17:40:00,28.0,13.463157894736844,0.0,6.9,0.0,0.0,29.3,
NDS004,7,2024-07-22 17:50:00,28.0,13.465,0.0,6.904999999999999,0.0,0.0,29.275,
NDS004,7,2024-07-22 18:00:00,28.0,13.305263157894736,0.0,6.942105263157895,0.0,0.0,29.27368421052632,
NDS004,7,2024-07-22 18:10:00,28.0,13.015,0.0,6.984999999999999,0.0,0.0,29.21,
NDS004,7,2024-07-22 18:20:00,27.894736842105264,13.142105263157896,0.0,7.0,0.0,0.0,29.210526315789476,
NDS004,7,2024-07-22 18:30:00,28.05,13.330000000000002,0.0,7.0,0.0,0.0,29.2,
NDS004,7,2024-07-22 18:40:00,28.36842105263158,12.84736842105263,0.0,7.0,0.0,0.0,29.2,
NDS004,7,2024-07-22 18:50:00,28.7,12.67,0.0,7.0,0.0,0.0,29.2,
NDS004,7,2024-07-22 19:00:00,28.84210526315789,13.357894736842104,0.0,7.0,0.0,0.0,29.2,
NDS004,7,2024-07-22 19:10:00,28.75,13.21,0.0,7.0,0.0,0.0,29.19,
NDS004,7,2024-07-22 19:20:00,27.84210526315789,13.021052631578948,0.0,7.0736842105263165,0.0,0.0,29.18421052631579,
NDS004,7,2024-07-22 19:30:00,27.95,12.415,0.0,7.1,0.0,0.0,29.155,
NDS004,7,2024-07-22 19:40:00,28.157894736842103,12.56842105263158,0.0,7.1000000000000005,0.0,0.0,29.13157894736842,
NDS004,7,2024-07-22 19:50:00,28.25,13.215,0.0,7.1,0.0,0.0,29.1,
NDS004,7,2024-07-22 20:00:00,28.210526315789476,12.621052631578948,0.0,7.1000000000000005,0.0,0.0,29.1,
NDS004,7,2024-07-22 20:10:00,28.1,13.55,0.0,7.135,0.0,0.0,29.1,
NDS004,7,2024-07-22 20:20:00,28.0,13.289473684210526,0.0,7.2,0.0,0.0,29.08421052631579,
NDS004,7,2024-07-22 20:30:00,27.55,12.19,0.0,7.2,0.0,0.0,29.07,
NDS004,7,2024-07-22 20:40:00,26.894736842105264,12.557894736842105,0.0,7.2,0.0,0.0,29.026315789473685,
NDS004,7,2024-07-22 20:50:00,26.0,12.455,0.0,7.2,0.0,0.0,29.0,
NDS004,7,2024-07-22 21:00:00,26.0,13.478947368421052,0.0,7.2,0.0,0.0,29.0,
NDS004,7,2024-07-22 21:10:00,26.0,12.58,0.0,7.2,0.0,0.0,28.995,
NDS004,7,2024-07-22 21:20:00,26.31578947368421,13.605263157894736,0.0,7.2,0.0,0.0,28.968421052631577,
NDS004,7,2024-07-22 21:30:00,26.95,12.42,0.0,7.2,0.0,0.0,28.92,
NDS004,7,2024-07-22 21:40:00,24.42105263157895,12.331578947368422,0.0,7.2,0.0,0.0,28.905263157894733,
NDS004,7,2024-07-22 21:50:00,18.95,10.54,0.0,7.24,0.0,0.0,28.9,
NDS004,7,2024-07-22 22:00:00,18.94736842105263,11.257894736842106,0.0,7.3,0.0,0.0,28.9,
NDS004,7,2024-07-22 22:10:00,19.0,11.095,0.0,7.3,0.0,0.0,28.9,
NDS004,7,2024-07-22 22:20:00,19.0,10.8,0.0,7.3,0.0,0.0,28.9,
NDS004,7,2024-07-22 22:30:00,19.0,10.38,0.0,7.3,0.0,0.0,28.9,
NDS004,7,2024-07-22 22:40:00,19.0,11.194736842105264,0.0,7.3,0.0,0.0,28.884210526315787,
NDS004,7,2024-07-22 22:50:00,19.0,10.68,0.0,7.3,0.0,0.0,28.84,
NDS004,7,2024-07-22 23:00:00,19.0,11.036842105263156,0.0,7.3,0.0,0.0,28.805263157894736,
NDS004,7,2024-07-22 23:10:00,19.0,10.27,0.0,7.3,0.0,0.0,28.8,
NDS004,7,2024-07-22 23:20:00,19.0,11.36842105263158,0.0,7.3,0.0,0.0,28.8,
NDS004,7,2024-07-22 23:30:00,19.0,11.135,0.0,7.3,0.0,0.0,28.8,
NDS004,7,2024-07-22 23:40:00,19.0,10.852631578947369,0.0,7.3,0.0,0.0,28.8,
NDS004,7,2024-07-22 23:50:00,19.0,11.13,0.0,7.33,0.0,0.0,28.785000000000004,
NDS004,7,2024-07-23 00:00:00,19.0,11.110526315789471,0.0,7.315789473684211,0.0,0.0,28.77368421052632,
NDS004,7,2024-07-23 00:10:00,19.0,10.83,0.0,7.3,0.0,0.0,28.74,
NDS004,7,2024-07-23 00:20:00,19.0,10.8,0.0,7.3,0.0,0.0,28.70526315789473,
NDS004,7,2024-07-23 00:30:00,19.0,11.085,0.0,7.3,0.0,0.0,28.7,
NDS004,7,2024-07-23 00:40:00,19.0,11.26842105263158,0.0,7.3,0.0,0.0,28.7,
NDS004,7,2024-07-23 00:50:00,19.0,11.378947368421052,0.0,7.3,0.0,0.0,28.7,
NDS004,7,2024-07-23 01:00:00,19.0,10.875,0.0,7.3,0.0,0.0,28.7,
NDS004,7,2024-07-23 01:10:00,19.0,10.547368421052632,0.0,7.3,0.0,0.0,28.7,
NDS004,7,2024-07-23 01:20:00,19.0,10.835,0.0,7.3,0.0,0.0,28.7,
NDS004,7,2024-07-23 01:30:00,19.0,11.021052631578948,0.0,7.3,0.0,0.0,28.7,
NDS004,7,2024-07-23 01:40:00,19.0,11.16,0.0,7.3,0.0,0.0,28.7,
NDS004,7,2024-07-23 01:50:00,19.0,10.378947368421052,0.0,7.3,0.0,0.0,28.7,
NDS004,7,2024-07-23 02:00:00,19.0,10.55,0.0,7.3,0.0,0.0,28.705,
NDS004,7,2024-07-23 02:10:00,19.0,10.763157894736842,0.0,7.3,0.0,0.0,28.71578947368421,
NDS004,7,2024-07-23 02:20:00,19.0,10.58,0.0,7.3,0.0,0.0,28.735000000000003,
NDS004,7,2024-07-23 02:30:00,19.0,10.363157894736842,0.0,7.3,0.0,0.0,28.78421052631579,
NDS004,7,2024-07-23 02:40:00,19.0,10.62,0.0,7.3,0.0,0.0,28.8,
NDS004,7,2024-07-23 02:50:00,19.0,11.010526315789471,0.0,7.3,0.0,0.0,28.81578947368421,
NDS004,7,2024-07-23 03:00:00,19.0,10.67,0.0,7.3,0.0,0.0,28.89,
NDS004,7,2024-07-23 03:10:00,19.0,10.963157894736844,0.0,7.3,0.0,0.0,28.9,
NDS004,7,2024-07-23 03:20:00,19.0,11.15,0.0,7.3,0.0,0.0,28.934999999999995,
NDS004,7,2024-07-23 03:30:00,19.0,10.452631578947368,0.0,7.3,0.0,0.0,29.0,
NDS004,7,2024-07-23 03:40:00,19.05263157894737,11.542105263157897,0.0,7.3,0.0,0.0,29.06842105263158,
NDS004,7,2024-07-23 03:50:00,19.05,10.785,0.0,7.3,0.0,0.0,29.1,
NDS004,7,2024-07-23 04:00:00,19.36842105263158,10.452631578947368,0.0,7.3,0.0,0.0,29.178947368421053,
NDS004,7,2024-07-23 04:10:00,19.15,10.795,0.0,7.3,0.0,0.0,29.2,
NDS004,7,2024-07-23 04:20:00,19.31578947368421,10.673684210526316,0.0,7.3,0.0,0.0,29.28421052631579,
NDS004,7,2024-07-23 04:30:00,19.5,10.855,0.0,7.3,0.0,0.0,29.33,
NDS004,7,2024-07-23 04:40:00,19.68421052631579,10.93157894736842,0.0,7.3,0.0,0.0,29.4,
NDS004,7,2024-07-23 04:50:00,19.9,10.805,0.0,7.3,0.0,0.0,29.465,
NDS004,7,2024-07-23 05:00:00,19.94736842105263,10.921052631578949,0.0,7.3,0.0,0.0,29.5,
NDS004,7,2024-07-23 05:10:00,19.95,10.915,0.0,7.3,0.0,0.0,29.535000000000004,
NDS004,7,2024-07-23 05:20:00,20.0,11.215789473684213,0.0,7.3,0.0,0.0,29.6,
NDS004,7,2024-07-23 05:30:00,20.0,11.621052631578948,0.0,7.3,0.0,0.0,29.673684210526314,
NDS004,7,2024-07-23 05:40:00,20.0,11.19,0.0,7.305,0.0,0.0,29.705,
NDS004,7,2024-07-23 05:50:00,20.0,10.86842105263158,0.0,7.3,0.0,0.0,29.794736842105262,
NDS004,7,2024-07-23 06:00:00,20.0,10.65,0.0,7.354999999999999,0.0,0.0,29.8,
NDS004,7,2024-07-23 06:10:00,20.0,11.536842105263156,0.0,7.378947368421054,0.0,0.0,29.86315789473684,
NDS004,7,2024-07-23 06:20:00,20.0,11.185,0.0,7.4,0.0,0.0,29.9,
NDS004,7,2024-07-23 06:30:00,20.0,10.894736842105264,0.0,7.363157894736842,0.0,0.0,29.94210526315789,
NDS004,7,2024-07-23 06:40:00,20.0,10.79,0.0,7.4,0.0,0.0,30.0,
NDS004,7,2024-07-23 06:50:00,20.0,10.773684210526316,0.0,7.399999999999999,0.0,0.0,30.042105263157893,
NDS004,7,2024-07-23 07:00:00,20.0,11.245,0.0,7.4,0.0,0.0,30.1,
NDS004,7,2024-07-23 07:10:00,20.0,11.06315789473684,0.0,7.399999999999999,0.0,0.0,30.105263157894736,
NDS004,7,2024-07-23 07:20:00,20.0,10.84736842105263,0.0,7.399999999999999,0.0,0.0,30.152631578947368,
NDS004,7,2024-07-23 07:30:00,20.2,11.77,0.0,7.4,0.0,0.0,30.185,
NDS004,7,2024-07-23 07:40:00,20.6,11.31,0.0,7.4,0.0,0.0,30.2,
NDS004,7,2024-07-23 08:00:00,174.15384615384616,24.53076923076923,137.30769230769232,5.546153846153846,185.46153846153845,219.0,31.53076923076923,
NDS004,7,2024-07-23 08:10:00,115.47368421052632,24.610526315789475,80.52631578947368,5.4789473684210535,100.36842105263158,95.94736842105264,36.63684210526316,
NDS004,7,2024-07-23 08:20:00,148.75,24.33,0.0,5.2700000000000005,28.75,20.75,30.0,
NDS004,7,2024-07-23 08:30:00,148.3684210526316,23.810526315789478,0.0,5.131578947368421,28.36842105263158,20.36842105263158,30.00526315789474,
NDS004,7,2024-07-23 08:40:00,149.0,23.7,0.0,5.01,29.0,21.0,30.025,
NDS004,7,2024-07-23 08:50:00,148.3684210526316,23.678947368421053,0.0,4.931578947368421,28.36842105263158,20.36842105263158,30.094736842105267,
NDS004,7,2024-07-23 09:00:00,147.89473684210526,23.42105263157895,0.0,4.873684210526316,28.0,20.0,30.1,
NDS004,7,2024-07-23 09:10:00,147.45,23.295,0.0,4.8,28.0,20.0,30.1,
NDS004,7,2024-07-23 09:20:00,147.0,23.13684210526316,0.0,4.8,28.0,20.0,30.1,
NDS004,7,2024-07-23 09:30:00,146.45,23.235,0.0,4.8,27.45,19.45,30.105,
NDS004,7,2024-07-23 09:40:00,146.05263157894737,22.88421052631579,0.0,4.878947368421053,27.05263157894737,19.05263157894737,30.142105263157895,
NDS004,7,2024-07-23 09:50:00,146.6,22.935,0.0,4.9,27.6,19.6,30.160000000000004,
NDS004,7,2024-07-23 10:00:00,146.21052631578948,22.70526315789473,0.0,4.9,27.26315789473684,19.26315789473684,30.194736842105264,
NDS004,7,2024-07-23 10:10:00,145.42105263157896,22.968421052631577,0.0,4.9,27.0,19.0,30.194736842105264,
NDS004,7,2024-07-23 10:20:00,141.1,22.745,0.0,4.94,25.05,17.05,30.2,
NDS004,7,2024-07-23 10:30:00,140.8421052631579,22.87894736842105,0.0,5.0,24.84210526315789,16.842105263157894,30.2,
NDS004,7,2024-07-23 10:40:00,140.4,22.57,0.0,5.065,24.4,16.4,30.2,
NDS004,7,2024-07-23 10:50:00,140.0,22.55263157894737,0.0,5.047368421052632,24.0,16.0,30.2,
NDS004,7,2024-07-23 11:00:00,140.0,22.76,0.0,5.16,24.0,16.0,30.2,
NDS004,7,2024-07-23 11:10:00,140.0,22.44210526315789,0.0,5.2,24.0,16.0,30.2,
NDS004,7,2024-07-23 11:20:00,140.0,22.465,0.0,5.19,24.0,16.0,30.2,
NDS004,7,2024-07-23 11:30:00,140.0,22.336842105263155,0.0,5.2,24.0,16.0,30.2,
NDS004,7,2024-07-23 11:40:00,139.55,22.545,0.0,5.255000000000001,24.0,16.0,30.195,
NDS004,7,2024-07-23 11:50:00,139.16666666666666,22.58888888888889,0.0,5.205555555555556,24.0,16.0,30.15555555555555,
NDS004,7,2024-07-23 12:00:00,139.05263157894737,22.36315789473684,0.0,5.2,24.0,16.0,30.126315789473683,
NDS004,7,2024-07-23 12:10:00,139.0,22.65,0.0,5.2,24.0,16.0,30.1,
NDS004,7,2024-07-23 12:20:00,139.0,22.557894736842105,0.0,5.273684210526316,24.0,16.0,30.1,
NDS004,7,2024-07-23 12:30:00,139.0,22.53,0.0,5.275,24.0,16.0,30.1,
NDS004,7,2024-07-23 12:40:00,139.0,22.289473684210527,0.0,5.294736842105263,24.0,16.0,30.1,
NDS004,7,2024-07-23 12:50:00,138.95,22.67,0.0,5.3,23.95,15.95,30.1,
NDS004,7,2024-07-23 13:00:00,138.6315789473684,22.23157894736842,0.0,5.3,23.63157894736842,15.63157894736842,30.1,
NDS004,7,2024-07-23 13:10:00,138.4,22.42,0.0,5.3,23.4,15.4,30.03,
NDS004,7,2024-07-23 13:20:00,138.0,22.352631578947367,0.0,5.3,23.0,15.0,30.015789473684208,
NDS004,7,2024-07-23 13:30:00,138.0,22.315,0.0,5.32,23.0,15.0,30.0,
NDS004,7,2024-07-23 13:40:00,138.0,22.1,0.0,5.4526315789473685,23.0,15.0,29.989473684210523,
NDS004,7,2024-07-23 13:50:00,138.0,22.33157894736842,0.0,5.568421052631579,23.0,15.0,29.94210526315789,
NDS004,7,2024-07-23 14:00:00,138.0,22.16,0.0,5.415000000000001,23.0,15.0,29.9,
NDS004,7,2024-07-23 14:10:00,138.0,22.24736842105263,0.0,5.4,23.0,15.0,29.9,
NDS004,7,2024-07-23 14:20:00,137.95,22.1,0.0,5.4,23.0,15.0,29.895,
NDS004,7,2024-07-23 14:30:00,137.94736842105263,22.05263157894737,0.0,5.4,23.0,15.0,29.86842105263158,
NDS004,7,2024-07-23 14:40:00,137.8,21.83,0.0,5.4,23.0,15.0,29.82,
NDS004,7,2024-07-23 14:50:00,137.47368421052633,22.1,0.0,5.389473684210526,23.0,15.0,29.8,
NDS004,7,2024-07-23 15:00:00,137.05,22.155,0.0,5.3,23.0,15.0,29.8,
NDS004,7,2024-07-23 15:10:00,137.0,22.010526315789477,0.0,5.3,23.0,15.0,29.8,
NDS004,7,2024-07-23 15:20:00,137.0,22.06,0.0,5.245,23.0,15.0,29.78,
NDS004,7,2024-07-23 15:30:00,137.0,22.010526315789477,0.0,5.2105263157894735,23.0,15.0,29.710526315789476,
NDS004,7,2024-07-23 15:40:00,137.0,22.17,0.0,5.215,23.0,15.0,29.7,
NDS004,7,2024-07-23 15:50:00,137.0,22.00526315789474,0.0,5.3,23.0,15.0,29.7,
NDS004,7,2024-07-23 16:00:00,137.0,21.96,0.0,5.32,23.0,15.0,29.685,
NDS004,7,2024-07-23 16:10:00,137.0,22.18947368421053,0.0,5.389473684210526,23.0,15.0,29.63157894736842,
NDS004,7,2024-07-23 16:20:00,137.0,22.0,0.0,5.385,23.0,15.0,29.6,
NDS004,7,2024-07-23 16:30:00,136.94736842105263,21.8,0.0,5.415789473684211,22.94736842105263,14.947368421052632,29.6,
NDS004,7,2024-07-23 16:40:00,136.95,22.065,0.0,5.44,22.95,14.95,29.58,
NDS004,7,2024-07-23 16:50:00,136.8421052631579,21.87894736842105,0.0,5.4,22.84210526315789,14.842105263157896,29.521052631578947,
NDS004,7,2024-07-23 17:00:00,136.65,21.935,0.0,5.405,22.65,14.65,29.505000000000003,
NDS004,7,2024-07-23 17:10:00,136.52631578947367,22.19473684210526,0.0,5.426315789473684,22.526315789473685,14.526315789473683,29.5,
NDS004,7,2024-07-23 17:20:00,136.15,22.005000000000003,0.0,5.405,22.15,14.15,29.5,
NDS004,7,2024-07-23 17:30:00,136.05263157894737,21.836842105263155,0.0,5.4,22.05263157894737,14.052631578947368,29.46315789473684,
NDS004,7,2024-07-23 17:40:00,136.0,21.915,0.0,5.455,22.0,14.0,29.405,
NDS004,7,2024-07-23 17:50:00,136.0,21.82631578947368,0.0,5.442105263157895,22.0,14.0,29.405263157894733,
NDS004,7,2024-07-23 18:00:00,136.0,21.82,0.0,5.380000000000001,22.0,14.0,29.4,
NDS004,7,2024-07-23 18:10:00,136.0,21.968421052631577,0.0,5.3,22.0,14.0,29.384210526315787,
NDS004,7,2024-07-23 18:20:00,136.0,21.7,0.0,5.3,22.0,14.0,29.360000000000003,
NDS004,7,2024-07-23 18:30:00,136.0,21.757894736842104,0.0,5.3,22.0,14.0,29.3,
NDS004,7,2024-07-23 18:40:00,136.0,21.8,0.0,5.33,22.0,14.0,29.3,
NDS004,7,2024-07-23 18:50:00,136.0,21.86842105263158,0.0,5.352631578947369,22.0,14.0,29.27894736842105,
NDS004,7,2024-07-23 19:00:00,136.0,21.71,0.0,5.365,22.0,14.0,29.255000000000003,
NDS004,7,2024-07-23 19:10:00,135.94736842105263,21.82631578947368,0.0,5.321052631578947,22.0,14.0,29.21578947368421,
NDS004,7,2024-07-23 19:20:00,136.0,21.64,0.0,5.3,22.0,14.0,29.2,
NDS004,7,2024-07-23 19:30:00,135.94736842105263,21.594736842105263,0.0,5.3,22.0,14.0,29.2,
NDS004,7,2024-07-23 19:40:00,135.85,22.16,0.0,5.235,22.0,14.0,29.2,
NDS004,7,2024-07-23 19:50:00,135.89473684210526,21.7,0.0,5.205263157894737,22.0,14.0,29.18947368421053,
NDS004,7,2024-07-23 20:00:00,135.9,21.92,0.0,5.2,22.0,14.0,29.19,
NDS004,7,2024-07-23 20:10:00,135.78947368421052,21.95263157894737,0.0,5.2,22.0,14.0,29.173684210526314,
NDS004,7,2024-07-23 20:20:00,135.65,21.74,0.0,5.2,22.0,14.0,29.135,
NDS004,7,2024-07-23 20:30:00,135.47368421052633,21.86315789473684,0.0,5.2,22.0,14.0,29.1,
NDS004,7,2024-07-23 20:40:00,139.25,21.855,0.0,5.2,23.9,15.9,29.1,
NDS004,7,2024-07-23 20:50:00,140.78947368421052,21.8,0.0,5.2,24.789473684210527,16.789473684210527,29.1,
NDS004,7,2024-07-23 21:00:00,140.2,21.62,0.0,5.2,24.2,16.2,29.1,
NDS004,7,2024-07-23 21:10:00,140.10526315789474,21.67368421052632,0.0,5.2,24.105263157894736,16.105263157894736,29.1,
NDS004,7,2024-07-23 21:20:00,137.25,21.86,0.0,5.2,22.9,14.9,29.08,
NDS004,7,2024-07-23 21:30:00,135.0,21.589473684210525,0.0,5.226315789473684,22.0,14.0,29.05263157894737,
NDS004,7,2024-07-23 21:40:00,135.0,21.75,0.0,5.2,22.0,14.0,29.01,
NDS004,7,2024-07-23 21:50:00,135.0,21.74736842105263,0.0,5.2,22.0,14.0,29.0,
NDS004,7,2024-07-23 22:00:00,135.0,21.6,0.0,5.2,22.0,14.0,29.0,
NDS004,7,2024-07-23 22:10:00,135.0,21.926315789473687,0.0,5.205263157894737,22.0,14.0,29.0,
NDS004,7,2024-07-23 22:20:00,134.85,22.02,0.0,5.2,21.85,13.85,29.0,
NDS004,7,2024-07-23 22:30:00,134.8421052631579,21.9,0.0,5.194736842105264,21.84210526315789,13.842105263157896,28.984210526315792,
NDS004,7,2024-07-23 22:40:00,134.95,21.555,0.0,5.345000000000001,21.95,13.95,28.95,
NDS004,7,2024-07-23 22:50:00,134.52631578947367,21.78421052631579,0.0,5.2,21.526315789473685,13.526315789473683,28.926315789473687,
NDS004,7,2024-07-23 23:00:00,134.7,21.62,0.0,5.19,21.7,13.7,28.905,
NDS004,7,2024-07-23 23:10:00,134.89473684210526,21.847368421052632,0.0,5.1157894736842096,21.894736842105264,13.894736842105264,28.905263157894733,
NDS004,7,2024-07-23 23:20:00,134.8421052631579,21.742105263157896,0.0,5.126315789473684,21.84210526315789,13.842105263157896,28.9,
NDS004,7,2024-07-23 23:30:00,134.9,21.695,0.0,5.115,21.9,13.9,28.9,
NDS004,7,2024-07-23 23:40:00,134.3684210526316,21.46842105263158,0.0,5.1,21.36842105263158,13.36842105263158,28.9,
NDS004,7,2024-07-23 23:50:00,134.3,21.69,0.0,5.1,21.3,13.3,28.9,
NDS004,7,2024-07-24 00:00:00,134.26315789473685,21.61578947368421,0.0,5.157894736842105,21.26315789473684,13.263157894736842,28.9,
NDS004,7,2024-07-24 00:10:00,134.3,21.535,0.0,5.1850000000000005,21.3,13.3,28.895,
NDS004,7,2024-07-24 00:20:00,134.1578947368421,21.626315789473683,0.0,5.2631578947368425,21.157894736842103,13.157894736842104,28.87894736842105,
NDS004,7,2024-07-24 00:30:00,134.26315789473685,21.61578947368421,0.0,5.147368421052631,21.26315789473684,13.263157894736842,28.857894736842105,
NDS004,7,2024-07-24 00:40:00,134.1,21.74,0.0,5.1,21.1,13.1,28.84,
NDS004,7,2024-07-24 00:50:00,134.05263157894737,21.49473684210526,0.0,5.131578947368421,21.05263157894737,13.052631578947368,28.847368421052632,
NDS004,7,2024-07-24 01:00:00,134.0,22.005000000000003,0.0,5.145,21.0,13.0,28.815,
NDS004,7,2024-07-24 01:10:00,134.0,21.621052631578948,0.0,5.131578947368421,21.0,13.0,28.8,
NDS004,7,2024-07-24 01:20:00,134.05,21.81,0.0,5.1,21.05,13.05,28.81,
NDS004,7,2024-07-24 01:30:00,134.0,21.647368421052636,0.0,5.105263157894737,21.0,13.0,28.805263157894736,
NDS004,7,2024-07-24 01:40:00,134.05,21.635,0.0,5.1,21.05,13.05,28.81,
NDS004,7,2024-07-24 01:50:00,134.0,21.70526315789473,0.0,5.1,21.0,13.0,28.8,
NDS004,7,2024-07-24 02:00:00,134.0,21.94210526315789,0.0,5.689473684210526,21.0,13.0,28.805263157894736,
NDS004,7,2024-07-24 02:10:00,134.0,21.455,0.0,5.495,21.0,13.0,28.8,
NDS004,7,2024-07-24 02:20:00,134.05263157894737,21.78421052631579,0.0,5.394736842105263,21.05263157894737,13.052631578947368,28.821052631578947,
NDS004,7,2024-07-24 02:30:00,134.0,21.805,0.0,5.2,21.0,13.0,28.83,
NDS004,7,2024-07-24 02:40:00,134.0,21.621052631578948,0.0,5.2,21.0,13.0,28.87368421052632,
NDS004,7,2024-07-24 02:50:00,134.0,21.595,0.0,5.2,21.0,13.0,28.875,
NDS004,7,2024-07-24 03:00:00,134.0,21.58421052631579,0.0,5.2,21.0,13.0,28.889473684210525,
NDS004,7,2024-07-24 03:10:00,134.0,21.5,0.0,5.157894736842105,21.0,13.0,28.9,
NDS004,7,2024-07-24 03:20:00,134.0,21.675,0.0,5.18,21.0,13.0,28.9,
NDS004,7,2024-07-24 03:30:00,134.0,21.389473684210525,0.0,5.2,21.0,13.0,28.9,
NDS004,7,2024-07-24 03:40:00,134.0,21.68947368421053,0.0,5.189473684210527,21.0,13.0,28.910526315789472,
NDS004,7,2024-07-24 03:50:00,134.0,21.635,0.0,5.16,21.0,13.0,28.97,
NDS004,7,2024-07-24 04:00:00,134.0,21.357894736842105,0.0,5.2,21.0,13.0,29.0,
NDS004,7,2024-07-24 04:10:00,134.0,21.6,0.0,5.2,21.0,13.0,29.005000000000003,
NDS004,7,2024-07-24 04:20:00,134.0,21.410526315789475,0.0,5.2,21.0,13.0,29.057894736842105,
NDS004,7,2024-07-24 04:30:00,134.0,21.435,0.0,5.2,21.0,13.0,29.1,
NDS004,7,2024-07-24 04:40:00,134.0,21.405263157894737,0.0,5.2,21.0,13.0,29.115789473684213,
NDS004,7,2024-07-24 04:50:00,134.0,21.46,0.0,5.2,21.0,13.0,29.19,
NDS004,7,2024-07-24 05:00:00,134.0,21.67368421052632,0.0,5.2,21.0,13.0,29.2,
NDS004,7,2024-07-24 05:10:00,134.0,21.505000000000003,0.0,5.205,21.0,13.0,29.22,
NDS004,7,2024-07-24 05:20:00,134.0,21.63157894736842,0.0,5.226315789473684,21.0,13.0,29.3,
NDS004,7,2024-07-24 05:30:00,134.0,21.36,0.0,5.2,21.0,13.0,29.345,
NDS004,7,2024-07-24 05:40:00,134.05263157894737,21.30526315789474,0.0,5.2,21.05263157894737,13.052631578947368,29.4,
NDS004,7,2024-07-24 05:50:00,134.1578947368421,21.26315789473684,0.0,5.2,21.157894736842103,13.157894736842104,29.44736842105263,
NDS004,7,2024-07-24 06:00:00,134.25,21.22,0.0,5.2,21.25,13.25,29.5,
NDS004,7,2024-07-24 06:10:00,134.31578947368422,21.510526315789477,0.0,5.2,21.31578947368421,13.31578947368421,29.50526315789474,
NDS004,7,2024-07-24 06:20:00,134.65,21.31,0.0,5.2,21.65,13.65,29.58,
NDS004,7,2024-07-24 06:30:00,134.8421052631579,21.26842105263158,0.0,5.2,21.84210526315789,13.842105263157896,29.6,
NDS004,7,2024-07-24 06:40:00,134.45,21.42,0.0,5.2,21.45,13.45,29.67,
NDS004,7,2024-07-24 06:50:00,134.42105263157896,21.563157894736843,0.0,5.2,21.42105263157895,13.421052631578949,29.694736842105264,
NDS004,7,2024-07-24 07:00:00,134.6,21.605,0.0,5.2,21.6,13.6,29.725,
NDS004,7,2024-07-24 07:10:00,134.47368421052633,21.53684210526316,0.0,5.2,21.473684210526315,13.473684210526317,29.794736842105262,
NDS004,7,2024-07-24 07:20:00,134.55,21.12,0.0,5.2,21.55,13.55,29.8,
NDS004,7,2024-07-24 07:30:00,134.47368421052633,21.678947368421053,0.0,5.2,21.473684210526315,13.473684210526317,29.805263157894736,
NDS004,7,2024-07-24 07:40:00,134.85,21.29,0.0,5.2,21.85,13.85,29.855,
NDS004,7,2024-07-24 07:50:00,134.8421052631579,21.38421052631579,0.0,5.2,21.84210526315789,13.842105263157896,29.894736842105264,
NDS004,7,2024-07-24 08:00:00,134.9,21.59,0.0,5.2,21.9,13.9,29.9,
NDS004,7,2024-07-24 08:10:00,134.73684210526315,21.363157894736844,0.0,5.2,21.73684210526316,13.736842105263158,29.92105263157895,
NDS004,7,2024-07-24 08:20:00,134.8421052631579,21.37894736842105,0.0,5.2,21.84210526315789,13.842105263157896,29.968421052631577,
NDS004,7,2024-07-24 08:30:00,134.3,21.08,0.0,5.2,21.3,13.3,30.0,
NDS004,7,2024-07-24 08:40:00,134.52631578947367,21.5,0.0,5.2,21.526315789473685,13.526315789473683,30.0,
NDS004,7,2024-07-24 08:50:00,134.45,21.15,0.0,5.2,21.45,13.45,30.01,
NDS004,7,2024-07-24 09:00:00,134.10526315789474,21.405263157894737,0.0,5.2,21.105263157894736,13.105263157894736,30.05263157894737,
NDS004,7,2024-07-24 09:10:00,134.1578947368421,21.36842105263158,0.0,5.2,21.157894736842103,13.157894736842104,30.08421052631579,
NDS004,7,2024-07-24 09:20:00,134.05,21.395000000000003,0.0,5.2,21.05,13.05,30.1,
NDS004,7,2024-07-24 09:30:00,134.05263157894737,21.163157894736845,0.0,5.2,21.05263157894737,13.052631578947368,30.1,
NDS004,7,2024-07-24 09:40:00,134.0,21.310526315789478,0.0,5.2,21.0,13.0,30.1,
NDS004,7,2024-07-24 09:50:00,134.0,21.495,0.0,5.175,21.0,13.0,30.1,
NDS004,7,2024-07-24 10:00:00,134.05263157894737,21.336842105263155,0.0,5.136842105263158,21.05263157894737,13.052631578947368,30.1,
NDS004,7,2024-07-24 10:10:00,134.0,21.265,0.0,5.19,21.0,13.0,30.1,
NDS004,7,2024-07-24 10:20:00,134.0,21.18947368421053,0.0,5.2,21.0,13.0,30.1,
NDS004,7,2024-07-24 10:30:00,133.95,21.12,0.0,5.154999999999999,21.0,13.0,30.1,
NDS004,7,2024-07-24 10:40:00,134.0,21.110526315789475,0.0,5.105263157894737,21.0,13.0,30.089473684210528,
NDS004,7,2024-07-24 10:50:00,133.89473684210526,21.41578947368421,0.0,5.1,21.0,13.0,30.057894736842105,
NDS004,7,2024-07-24 11:00:00,133.5,20.95,0.0,5.1,21.0,13.0,30.02,
NDS004,7,2024-07-24 11:10:00,133.31578947368422,21.031578947368423,0.0,5.1,21.0,13.0,30.0,
NDS004,7,2024-07-24 11:20:00,133.05,21.1,0.0,5.1,21.0,13.0,29.995,
NDS004,7,2024-07-24 11:30:00,133.0,21.410526315789475,0.0,5.1,21.0,13.0,29.968421052631577,
NDS004,7,2024-07-24 11:40:00,133.0,21.185,0.0,5.1,21.0,13.0,29.9,
NDS004,7,2024-07-24 11:50:00,133.0,21.257894736842104,0.0,5.1,21.0,13.0,29.9,
NDS004,7,2024-07-24 12:00:00,133.0,21.245,0.0,5.1,21.0,13.0,29.9,
NDS004,7,2024-07-24 12:10:00,133.0,21.03684210526316,0.0,5.1,21.0,13.0,29.894736842105264,
NDS004,7,2024-07-24 12:20:00,132.85,21.3,0.0,5.1,20.85,12.85,29.85,
NDS004,7,2024-07-24 12:30:00,132.47368421052633,21.14210526315789,0.0,5.1,20.473684210526315,12.473684210526317,29.8,
NDS004,7,2024-07-24 12:40:00,132.05,21.325,0.0,5.1,20.05,12.05,29.8,
NDS004,7,2024-07-24 12:50:00,132.0,21.19473684210526,0.0,5.1,20.0,12.0,29.794736842105262,
NDS004,7,2024-07-24 13:00:00,132.0,21.1,0.0,5.1,20.0,12.0,29.745,
NDS004,7,2024-07-24 13:10:00,132.0,21.13157894736842,0.0,5.1,20.0,12.0,29.70526315789473,
NDS004,7,2024-07-24 13:20:00,132.0,21.105,0.0,5.305,20.0,12.0,29.7,
NDS004,7,2024-07-24 13:30:00,132.0,21.19473684210526,0.0,5.463157894736842,20.0,12.0,29.668421052631583,
NDS004,7,2024-07-24 13:40:00,132.0,21.11578947368421,0.0,5.184210526315789,20.0,12.0,29.610526315789475,
NDS004,7,2024-07-24 13:50:00,132.0,21.225,0.0,5.125,20.0,12.0,29.6,
NDS004,7,2024-07-24 14:00:00,131.89473684210526,21.49473684210526,0.0,5.2,20.0,12.0,29.589473684210528,
NDS004,7,2024-07-24 14:10:00,131.25,21.12,0.0,5.145,20.0,12.0,29.55,
NDS004,7,2024-07-24 14:20:00,131.10526315789474,21.13684210526316,0.0,5.1,20.0,12.0,29.515789473684208,
NDS004,7,2024-07-24 14:30:00,131.1,21.2,0.0,5.1,20.0,12.0,29.5,
NDS004,7,2024-07-24 14:40:00,131.0,21.05263157894737,0.0,5.1,20.0,12.0,29.5,
NDS004,7,2024-07-24 14:50:00,131.0,21.065,0.0,5.145,20.0,12.0,29.5,
NDS004,7,2024-07-24 15:00:00,131.0,21.14210526315789,0.0,5.66842105263158,20.0,12.0,29.5,
NDS004,7,2024-07-24 15:10:00,131.0,20.94,0.0,5.46,20.0,12.0,29.5,
NDS004,7,2024-07-24 15:20:00,131.0,20.9,0.0,5.221052631578948,20.0,12.0,29.473684210526315,
NDS004,7,2024-07-24 15:30:00,131.0,21.275,0.0,5.23,20.0,12.0,29.445,
NDS004,7,2024-07-24 15:40:00,131.0,21.18947368421053,0.0,5.2,20.0,12.0,29.410526315789472,
NDS004,7,2024-07-24 15:50:00,131.0,21.23157894736842,0.0,5.2,20.0,12.0,29.4,
NDS004,7,2024-07-24 16:00:00,131.0,20.86,0.0,5.19,20.0,12.0,29.4,
NDS004,7,2024-07-24 16:10:00,130.8421052631579,21.352631578947367,0.0,5.1,19.84210526315789,11.842105263157896,29.4,
NDS004,7,2024-07-24 16:20:00,130.55,21.045,0.0,5.1,19.55,11.55,29.380000000000003,
NDS004,7,2024-07-24 16:30:00,130.26315789473685,20.989473684210527,0.0,5.121052631578947,19.26315789473684,11.263157894736842,29.36315789473684,
NDS004,7,2024-07-24 16:40:00,130.3,21.095,0.0,5.2,19.3,11.3,29.335,
NDS004,7,2024-07-24 16:50:00,130.0,21.042105263157897,0.0,5.2,19.0,11.0,29.310526315789478,
NDS004,7,2024-07-24 17:00:00,130.0,21.0,0.0,5.2,19.0,11.0,29.3,
NDS004,7,2024-07-24 17:10:00,130.0,21.12222222222222,0.0,5.133333333333333,19.0,11.0,29.28333333333333,
NDS004,7,2024-07-24 17:20:00,130.0,21.23157894736842,0.0,5.221052631578948,19.0,11.0,29.23684210526316,
NDS004,7,2024-07-24 17:30:00,130.0,20.685,0.0,5.43,19.0,11.0,29.205,
NDS004,7,2024-07-24 17:40:00,130.0,21.13157894736842,0.0,5.521052631578947,19.0,11.0,29.2,
NDS004,7,2024-07-24 17:50:00,130.0,21.1,0.0,5.28,19.0,11.0,29.195,
NDS004,7,2024-07-24 18:00:00,129.85,21.115,0.0,5.2,19.0,11.0,29.2,
NDS004,7,2024-07-24 18:10:00,129.8421052631579,21.14210526315789,0.0,5.2,19.0,11.0,29.168421052631583,
NDS004,7,2024-07-24 18:20:00,129.35,21.0,0.0,5.2,19.0,11.0,29.110000000000003,
NDS004,7,2024-07-24 18:30:00,129.31578947368422,21.147368421052636,0.0,5.194736842105264,19.0,11.0,29.105263157894736,
NDS004,7,2024-07-24 18:40:00,129.05,21.115,0.0,5.17,19.0,11.0,29.1,
NDS004,7,2024-07-24 18:50:00,129.0,20.98421052631579,0.0,5.189473684210527,19.0,11.0,29.1,
NDS004,7,2024-07-24 19:00:00,129.0,21.115,0.0,5.1,19.0,11.0,29.1,
NDS004,7,2024-07-24 19:10:00,129.0,20.91578947368421,0.0,5.1,19.0,11.0,29.05263157894737,
NDS004,7,2024-07-24 19:20:00,129.0,20.995,0.0,5.1,19.0,11.0,29.015,
NDS004,7,2024-07-24 19:30:00,129.0,21.13684210526316,0.0,5.1,19.0,11.0,29.0,
NDS004,7,2024-07-24 19:40:00,129.0,21.145,0.0,5.1,19.0,11.0,29.0,
NDS004,7,2024-07-24 19:50:00,129.0,21.00526315789474,0.0,5.1,19.0,11.0,29.0,
NDS004,7,2024-07-24 20:00:00,129.0,21.075,0.0,5.1,19.0,11.0,29.0,
NDS004,7,2024-07-24 20:10:00,129.0,20.73157894736842,0.0,5.1,19.0,11.0,28.978947368421053,
NDS004,7,2024-07-24 20:20:00,129.0,21.19,0.0,5.1,19.0,11.0,28.945,
NDS004,7,2024-07-24 20:30:00,128.94736842105263,20.88421052631579,0.0,5.1,18.94736842105263,11.0,28.9,
NDS004,7,2024-07-24 20:40:00,128.7,20.965,0.0,5.1,18.7,11.0,28.9,
NDS004,7,2024-07-24 20:50:00,128.3684210526316,20.75263157894737,0.0,5.1,18.36842105263158,11.0,28.9,
NDS004,7,2024-07-24 21:00:00,128.05,21.08,0.0,5.1,18.05,11.0,28.9,
NDS004,7,2024-07-24 21:10:00,128.0,20.87368421052632,0.0,5.1,18.0,11.0,28.9,
NDS004,7,2024-07-24 21:20:00,128.0,20.94,0.0,5.1,18.0,11.0,28.895,
NDS004,7,2024-07-24 21:30:00,128.0,20.70526315789473,0.0,5.1,18.0,11.0,28.86842105263158,
NDS004,7,2024-07-24 21:40:00,128.0,20.91,0.0,5.1,18.0,11.0,28.82,
NDS004,7,2024-07-24 21:50:00,128.0,21.221052631578942,0.0,5.1,18.0,11.0,28.805263157894736,
NDS004,7,2024-07-24 22:00:00,128.0,21.005000000000003,0.0,5.1,18.0,11.0,28.8,
NDS004,7,2024-07-24 22:10:00,128.0,20.926315789473687,0.0,5.063157894736841,18.0,11.0,28.8,
NDS004,7,2024-07-24 22:20:00,128.0,20.92,0.0,5.0,18.0,11.0,28.8,
NDS004,7,2024-07-24 22:30:00,128.0,20.889473684210525,0.0,5.0,18.0,11.0,28.78421052631579,
NDS004,7,2024-07-24 22:40:00,128.0,21.25,0.0,5.0,18.0,11.0,28.76,
NDS004,7,2024-07-24 22:50:00,128.0,20.91578947368421,0.0,5.0,18.0,11.0,28.747368421052634,
NDS004,7,2024-07-24 23:00:00,128.0,20.935,0.0,5.0,18.0,11.0,28.715,
NDS004,7,2024-07-24 23:10:00,127.84210526315788,20.93684210526316,0.0,5.0,18.0,10.842105263157896,28.7,
NDS004,7,2024-07-24 23:20:00,127.5,20.87,0.0,5.0,18.0,10.5,28.7,
NDS004,7,2024-07-24 23:30:00,127.47368421052632,21.27894736842105,0.0,5.0,18.0,10.473684210526317,28.7,
NDS004,7,2024-07-24 23:40:00,127.35,21.235,0.0,5.0,18.0,10.35,28.69,
NDS004,7,2024-07-24 23:50:00,127.3157894736842,20.76315789473684,0.0,5.0,18.0,10.31578947368421,28.657894736842103,
NDS004,7,2024-07-25 00:00:00,127.15,20.72,0.0,5.0,18.0,10.15,28.615,
NDS004,7,2024-07-25 00:10:00,127.05263157894736,20.910526315789475,0.0,5.0,18.0,10.052631578947368,28.605263157894736,
NDS004,7,2024-07-25 00:20:00,127.0,20.69473684210526,0.0,5.0,18.0,10.0,28.6,
NDS004,7,2024-07-25 00:30:00,127.0,21.05,0.0,5.0,18.0,10.0,28.6,
NDS004,7,2024-07-25 00:40:00,127.0,20.757894736842104,0.0,5.0,18.0,10.0,28.6,
NDS004,7,2024-07-25 00:50:00,127.0,20.87,0.0,5.0,18.0,10.0,28.6,
NDS004,7,2024-07-25 01:00:00,127.0,21.105263157894736,0.0,5.0,18.0,10.0,28.6,
NDS004,7,2024-07-25 01:10:00,127.0,20.955,0.0,5.0,18.0,10.0,28.6,
NDS004,7,2024-07-25 01:20:00,126.94736842105264,20.905263157894737,0.0,5.0,18.0,10.0,28.594736842105267,
NDS004,7,2024-07-25 01:30:00,127.0,20.895,0.0,5.0,18.0,10.0,28.595,
NDS004,7,2024-07-25 01:40:00,127.0,21.010526315789477,0.0,5.0,18.0,10.0,28.594736842105267,
NDS004,7,2024-07-25 01:50:00,127.0,20.966666666666665,0.0,5.0,18.0,10.0,28.600000000000005,
NDS004,7,2024-07-25 02:00:00,127.0,21.075,0.0,5.0,18.0,10.0,28.6,
NDS004,7,2024-07-25 02:10:00,127.0,20.98333333333333,0.0,5.0,18.0,10.0,28.600000000000005,
NDS004,7,2024-07-25 03:50:00,171.6,24.04,0.0,5.36,82.8,165.8,28.9,
NDS004,7,2024-07-25 04:00:00,143.3684210526316,24.24210526315789,174.47368421052633,5.8578947368421055,198.10526315789477,197.05263157894737,37.06842105263158,
NDS004,7,2024-07-25 04:10:00,168.65,23.52,0.0,5.619999999999999,38.0,30.0,28.825,
NDS004,7,2024-07-25 04:20:00,168.0,23.16315789473684,0.0,5.536842105263158,38.0,30.0,28.821052631578947,
NDS004,7,2024-07-25 04:30:00,167.3,23.205,0.0,5.5,37.3,29.3,28.8,
NDS004,7,2024-07-25 04:40:00,167.0,23.4,0.0,5.5,37.0,29.0,28.8,
NDS004,7,2024-07-25 04:50:00,167.0,23.24,0.0,5.5,37.0,29.0,28.8,
NDS004,7,2024-07-25 05:00:00,167.0,23.33157894736842,0.0,5.5,37.0,29.0,28.8,
NDS004,7,2024-07-25 05:10:00,167.0,23.355,0.0,5.5,37.0,29.0,28.82,
NDS004,7,2024-07-25 05:20:00,166.8421052631579,23.16842105263158,0.0,5.5,37.0,29.0,28.86315789473684,
NDS004,7,2024-07-25 05:30:00,166.45,23.31,0.0,5.64,37.0,29.0,28.895,
NDS004,7,2024-07-25 05:40:00,166.0,23.27894736842105,0.0,5.694736842105264,37.0,29.0,28.894736842105264,
NDS004,7,2024-07-25 05:50:00,166.0,23.105263157894736,0.0,5.5894736842105255,37.0,29.0,28.894736842105264,
NDS004,7,2024-07-25 06:00:00,166.0,23.02,0.0,5.5,37.0,29.0,28.9,
NDS004,7,2024-07-25 06:10:00,166.0,22.968421052631577,0.0,5.5,37.0,29.0,28.894736842105264,
NDS004,7,2024-07-25 06:20:00,166.0,23.4,0.0,5.5,37.0,29.0,28.9,
NDS004,7,2024-07-25 06:30:00,166.0,23.605,0.0,5.5,37.0,29.0,28.9,
NDS004,7,2024-07-25 06:40:00,165.89473684210526,23.05263157894737,0.0,5.505263157894737,36.89473684210526,29.0,28.9,
NDS004,7,2024-07-25 06:50:00,165.15,23.185,0.0,5.5,36.15,29.0,28.9,
NDS004,7,2024-07-25 07:00:00,165.0,23.2,0.0,5.5,36.0,29.0,28.9,
NDS004,7,2024-07-25 07:10:00,165.0,23.23157894736842,0.0,5.515789473684211,36.0,29.0,28.905263157894733,
NDS004,7,2024-07-25 07:20:00,165.0,23.24210526315789,0.0,5.5,36.0,29.0,28.93157894736842,
NDS004,7,2024-07-25 07:30:00,165.0,23.16842105263158,0.0,5.563157894736842,36.0,29.0,28.957894736842107,
NDS004,7,2024-07-25 07:40:00,165.0,22.995,0.0,5.505,36.0,29.0,28.985000000000003,
NDS004,7,2024-07-25 07:50:00,165.0,23.13888888888889,0.0,5.6,36.0,29.0,28.994444444444444,
NDS004,7,2024-07-25 08:00:00,165.0,23.04,0.0,5.6,36.0,29.0,29.0,
NDS004,7,2024-07-25 08:10:00,164.8421052631579,23.010526315789477,0.0,5.6,36.0,28.84210526315789,29.0,
NDS004,7,2024-07-25 08:20:00,164.28571428571428,23.04285714285714,0.0,5.6,36.0,28.285714285714285,29.0,
NDS004,7,2024-07-25 08:30:00,164.0,23.19473684210526,0.0,5.6,36.0,28.0,28.99473684210526,
NDS004,7,2024-07-25 08:40:00,164.0,23.255,0.0,5.66,36.0,28.0,29.0,
NDS004,7,2024-07-25 08:50:00,164.0,22.94210526315789,0.0,5.7,36.0,28.0,28.968421052631577,
NDS004,7,2024-07-25 09:00:00,164.0,22.845,0.0,5.7,36.0,28.0,28.98,
NDS004,7,2024-07-25 09:10:00,164.05263157894737,23.152631578947368,0.0,5.7,36.0,28.05263157894737,28.989473684210523,
NDS004,7,2024-07-25 09:20:00,163.55,23.05,0.0,5.7,35.55,28.0,28.99,
NDS004,7,2024-07-25 09:30:00,163.52631578947367,23.05263157894737,0.0,5.7368421052631575,35.526315789473685,28.0,28.984210526315792,
NDS004,7,2024-07-25 09:40:00,163.3684210526316,23.121052631578948,0.0,5.794736842105263,35.36842105263158,28.0,28.96315789473684,
NDS004,7,2024-07-25 09:50:00,163.0,22.93,0.0,5.8,35.0,28.0,28.965,
NDS004,7,2024-07-25 10:00:00,163.0,22.968421052631577,0.0,5.8,35.0,28.0,28.978947368421053,
NDS004,7,2024-07-25 10:10:00,163.0,23.165,0.0,5.8,35.0,28.0,28.96,
NDS004,7,2024-07-25 10:20:00,163.0,22.889473684210525,0.0,5.8,35.0,28.0,28.984210526315792,
NDS004,7,2024-07-25 10:30:00,163.0,23.055,0.0,5.8,35.0,28.0,28.97,
NDS004,7,2024-07-25 10:40:00,162.78947368421052,23.221052631578942,0.0,5.8,35.0,27.789473684210527,28.93684210526316,
NDS004,7,2024-07-25 10:50:00,162.1,22.915,0.0,5.8,35.0,27.1,28.93,
NDS004,7,2024-07-25 11:00:00,162.0,22.94210526315789,0.0,5.8,35.0,27.0,28.910526315789472,
NDS004,7,2024-07-25 11:10:00,162.0,23.275,0.0,5.885,35.0,27.0,28.905,
NDS004,7,2024-07-25 11:20:00,162.0,22.77894736842105,0.0,5.9,35.0,27.0,28.93684210526316,
NDS004,7,2024-07-25 11:30:00,162.0,22.95,0.0,5.9,35.0,27.0,28.965,
NDS004,7,2024-07-25 11:40:00,162.0,22.926315789473684,0.0,5.9,35.0,27.0,28.989473684210523,
NDS004,7,2024-07-25 11:50:00,162.0,23.23,0.0,5.9,35.0,27.0,28.955,
NDS004,7,2024-07-25 12:00:00,161.73684210526315,22.88421052631579,0.0,5.931578947368421,34.73684210526316,27.0,28.910526315789472,
NDS004,7,2024-07-25 12:10:00,161.25,22.935,0.0,5.985,34.25,27.0,28.9,
NDS004,7,2024-07-25 12:20:00,161.0,23.01578947368421,0.0,6.0,34.0,27.0,28.9,
NDS004,7,2024-07-25 12:30:00,161.0,23.05,0.0,6.0,34.0,27.0,28.9,
NDS004,7,2024-07-25 12:40:00,161.0,23.010526315789477,0.0,6.0,34.0,27.0,28.9,
NDS004,7,2024-07-25 12:50:00,161.0,23.25,0.0,6.0,34.0,27.0,28.9,
NDS004,7,2024-07-25 13:00:00,161.0,23.178947368421053,0.0,6.052631578947368,34.0,27.0,28.9,
NDS004,7,2024-07-25 13:10:00,160.85,22.92,0.0,6.1,34.0,26.85,28.9,
NDS004,7,2024-07-25 13:20:00,160.3684210526316,23.03157894736842,0.0,6.1,34.0,26.36842105263158,28.9,
NDS004,7,2024-07-25 13:30:00,160.0,23.415,0.0,6.1,34.0,26.0,28.9,
NDS004,7,2024-07-25 13:40:00,160.0,22.94210526315789,0.0,6.1,34.0,26.0,28.9,
NDS004,7,2024-07-25 13:50:00,160.0,23.09,0.0,6.095,34.0,26.0,28.9,
NDS004,7,2024-07-25 14:00:00,160.0,23.03157894736842,0.0,6.1,34.0,26.0,28.9,
NDS004,7,2024-07-25 14:10:00,160.0,22.94,0.0,6.1,34.0,26.0,28.9,
NDS004,7,2024-07-25 14:20:00,160.0,22.99473684210526,0.0,6.1,34.0,26.0,28.9,
NDS004,7,2024-07-25 14:30:00,160.0,23.005,0.0,6.1,34.0,26.0,28.9,
NDS004,7,2024-07-25 14:40:00,159.89473684210526,23.068421052631574,0.0,6.105263157894737,33.89473684210526,26.0,28.9,
NDS004,7,2024-07-25 14:50:00,159.25,22.92,0.0,6.13,33.25,26.0,28.9,
NDS004,7,2024-07-25 15:00:00,159.0,23.294736842105262,0.0,6.105263157894737,33.0,26.0,28.894736842105264,
NDS004,7,2024-07-25 15:10:00,159.0,23.105,0.0,6.084999999999999,33.0,26.0,28.875,
NDS004,7,2024-07-25 15:20:00,159.0,22.94736842105263,0.0,6.084210526315789,33.0,26.0,28.857894736842105,
NDS004,7,2024-07-25 15:30:00,159.0,23.06,0.0,6.095,33.0,26.0,28.83,
NDS004,7,2024-07-25 15:40:00,159.0,23.08421052631579,0.0,6.078947368421052,33.0,26.0,28.805263157894736,
NDS004,7,2024-07-25 15:50:00,159.0,22.973684210526315,0.0,6.1,33.0,26.0,28.81578947368421,
NDS004,7,2024-07-25 16:00:00,158.95,22.84,0.0,6.1,33.0,25.95,28.81,
NDS004,7,2024-07-25 16:10:00,158.52631578947367,23.215789473684207,0.0,6.1,33.0,25.526315789473685,28.805263157894736,
NDS004,7,2024-07-25 16:20:00,158.05,23.115,0.0,6.1,33.0,25.05,28.8,
NDS004,7,2024-07-25 16:30:00,158.0,22.857894736842105,0.0,6.1,33.0,25.0,28.8,
NDS004,7,2024-07-25 16:40:00,158.0,23.22,0.0,6.175,33.0,25.0,28.8,
NDS004,7,2024-07-25 16:50:00,158.0,22.768421052631577,0.0,6.2,33.0,25.0,28.8,
NDS004,7,2024-07-25 17:00:00,158.0,23.33,0.0,6.1,33.0,25.0,28.775,
NDS004,7,2024-07-25 17:10:00,157.89473684210526,23.07894736842105,0.0,6.1,32.89473684210526,25.0,28.77894736842105,
NDS004,7,2024-07-25 17:20:00,157.6,22.9,0.0,6.13,32.6,25.0,28.75,
NDS004,7,2024-07-25 17:30:00,157.21052631578948,22.794736842105262,0.0,6.105263157894737,32.21052631578947,25.0,28.73684210526316,
NDS004,7,2024-07-25 17:40:00,157.0,22.98,0.0,6.165,32.0,25.0,28.71,
NDS004,7,2024-07-25 17:50:00,157.0,23.30526315789474,0.0,6.173684210526315,32.0,25.0,28.70526315789473,
NDS004,7,2024-07-25 18:00:00,157.0,22.83,0.0,6.135,32.0,25.0,28.7,
NDS004,7,2024-07-25 18:10:00,157.0,22.989473684210527,0.0,6.131578947368421,32.0,25.0,28.7,
NDS004,7,2024-07-25 18:20:00,157.0,22.995,0.0,6.17,32.0,25.0,28.7,
NDS004,7,2024-07-25 18:30:00,157.0,23.094736842105263,0.0,6.194736842105264,32.0,25.0,28.68947368421053,
NDS004,7,2024-07-25 18:40:00,157.0,22.99,0.0,6.2,32.0,25.0,28.675,
NDS004,7,2024-07-25 18:50:00,156.78947368421052,23.22631578947368,0.0,6.2,32.0,24.789473684210527,28.610526315789475,
NDS004,7,2024-07-25 19:00:00,156.15,22.88,0.0,6.2,32.0,24.15,28.610000000000003,
NDS004,7,2024-07-25 19:10:00,156.0,22.894736842105264,0.0,6.2,32.0,24.0,28.6,
NDS004,7,2024-07-25 19:20:00,156.0,23.02,0.0,6.2,32.0,24.0,28.6,
NDS004,7,2024-07-25 19:30:00,156.0,23.04736842105263,0.0,6.2,32.0,24.0,28.6,
NDS004,7,2024-07-25 19:40:00,156.0,23.065,0.0,6.2,32.0,24.0,28.6,
NDS004,7,2024-07-25 19:50:00,156.0,22.92105263157895,0.0,6.2631578947368425,32.0,24.0,28.526315789473685,
NDS004,7,2024-07-25 20:00:00,155.95,23.31,0.0,6.3,31.95,24.0,28.5,
NDS004,7,2024-07-25 20:10:00,155.8421052631579,22.857894736842105,0.0,6.3,31.84210526315789,24.0,28.5,
NDS004,7,2024-07-25 20:20:00,155.25,22.945,0.0,6.3,31.25,24.0,28.5,
NDS004,7,2024-07-25 20:30:00,155.05263157894737,22.973684210526315,0.0,6.257894736842106,31.05263157894737,24.0,28.5,
NDS004,7,2024-07-25 20:40:00,155.0,23.03,0.0,6.295,31.0,24.0,28.485000000000003,
NDS004,7,2024-07-25 20:50:00,155.0,23.031578947368423,0.0,6.3,31.0,24.0,28.44210526315789,
NDS004,7,2024-07-25 21:00:00,155.0,22.975,0.0,6.3,31.0,24.0,28.415,
NDS004,7,2024-07-25 21:10:00,155.0,23.073684210526316,0.0,6.3,31.0,24.0,28.405263157894733,
NDS004,7,2024-07-25 21:20:00,155.0,23.105,0.0,6.3,31.0,24.0,28.4,
NDS004,7,2024-07-25 21:30:00,154.8421052631579,23.152631578947368,0.0,6.3052631578947365,31.0,23.84210526315789,28.4,
NDS004,7,2024-07-25 21:40:00,154.85,23.09,0.0,6.355,31.0,23.85,28.4,
NDS004,7,2024-07-25 21:50:00,155.0,23.042105263157897,0.0,6.4,31.0,24.0,28.394736842105264,
NDS004,7,2024-07-25 22:00:00,154.95,23.07,0.0,6.4,31.0,23.95,28.37,
NDS004,7,2024-07-25 22:10:00,154.26315789473685,22.76315789473684,0.0,6.4,31.0,23.26315789473684,28.31578947368421,
NDS004,7,2024-07-25 22:20:00,154.0,22.97,0.0,6.4,31.0,23.0,28.305,
NDS004,7,2024-07-25 22:30:00,154.0,23.221052631578942,0.0,6.4,31.0,23.0,28.3,
NDS004,7,2024-07-25 22:40:00,154.0,23.0,0.0,6.4,31.0,23.0,28.3,
NDS004,7,2024-07-25 22:50:00,153.94736842105263,23.105263157894736,0.0,6.4,31.0,23.0,28.294736842105262,
NDS004,7,2024-07-25 23:00:00,153.5,22.95,0.0,6.4,31.0,23.0,28.28,
NDS004,7,2024-07-25 23:10:00,153.0,23.121052631578948,0.0,6.4,31.0,23.0,28.25263157894737,
NDS004,7,2024-07-25 23:20:00,153.0,22.885,0.0,6.4,31.0,23.0,28.23,
NDS004,7,2024-07-25 23:30:00,153.0,23.01578947368421,0.0,6.4,31.0,23.0,28.20526315789473,
NDS004,7,2024-07-25 23:40:00,153.0,22.9,0.0,6.42,31.0,23.0,28.2,
NDS004,7,2024-07-25 23:50:00,153.0,23.105263157894736,0.0,6.494736842105263,31.0,23.0,28.2,
NDS004,7,2024-07-26 00:00:00,153.0,23.14,0.0,6.49,31.0,23.0,28.2,
NDS004,7,2024-07-26 00:10:00,153.0,23.0,0.0,6.484210526315789,31.0,23.0,28.2,
NDS004,7,2024-07-26 00:20:00,153.0,23.27,0.0,6.5,31.0,23.0,28.205,
NDS004,7,2024-07-26 00:30:00,153.0,22.931578947368426,0.0,6.457894736842105,31.0,23.0,28.2,
NDS004,7,2024-07-26 00:40:00,153.0,22.92,0.0,6.445,31.0,23.0,28.2,
NDS004,7,2024-07-26 00:50:00,153.0,22.97894736842105,0.0,6.489473684210526,31.0,23.0,28.2,
NDS004,7,2024-07-26 01:00:00,152.95,22.825,0.0,6.5,30.95,22.95,28.2,
NDS004,7,2024-07-26 01:10:00,152.6315789473684,23.17368421052632,0.0,6.5,30.63157894736842,22.63157894736842,28.2,
NDS004,7,2024-07-26 01:20:00,152.0,22.93,0.0,6.5,30.0,22.0,28.2,
NDS004,7,2024-07-26 01:30:00,152.05263157894737,22.757894736842104,0.0,6.5,30.05263157894737,22.05263157894737,28.2,
NDS004,7,2024-07-26 01:40:00,152.0,23.17,0.0,6.5,30.0,22.0,28.205,
NDS004,7,2024-07-26 01:50:00,152.0,22.968421052631577,0.0,6.5,30.0,22.0,28.2,
NDS004,7,2024-07-26 02:00:00,152.0,23.16315789473684,0.0,6.5,30.0,22.0,28.2,
NDS004,7,2024-07-26 02:10:00,152.0,22.905,0.0,6.5,30.0,22.0,28.215,
NDS004,7,2024-07-26 02:20:00,152.0,23.152631578947368,0.0,6.5,30.0,22.0,28.21578947368421,
NDS004,7,2024-07-26 02:30:00,152.0,23.08,0.0,6.5,30.0,22.0,28.26,
NDS004,7,2024-07-26 02:40:00,152.0,23.11578947368421,0.0,6.489473684210526,30.0,22.0,28.27894736842105,
NDS004,7,2024-07-26 02:50:00,152.0,23.05,0.0,6.5,30.0,22.0,28.3,
NDS004,7,2024-07-26 03:00:00,152.0,23.073684210526316,0.0,6.5,30.0,22.0,28.305263157894736,
NDS004,7,2024-07-26 03:10:00,152.0,23.125,0.0,6.49,30.0,22.0,28.31,
NDS004,7,2024-07-26 03:20:00,152.0,22.973684210526315,0.0,6.5,30.0,22.0,28.35263157894737,
NDS004,7,2024-07-26 03:30:00,152.0,22.98,0.0,6.5,30.0,22.0,28.360000000000003,
NDS004,7,2024-07-26 03:40:00,152.0,22.973684210526315,0.0,6.5,30.0,22.0,28.4,
NDS004,7,2024-07-26 03:50:00,152.0,23.07,0.0,6.5,30.0,22.0,28.4,
NDS004,7,2024-07-26 04:00:00,151.94736842105263,23.026315789473685,0.0,6.5,30.0,22.0,28.4,
NDS004,7,2024-07-26 04:10:00,151.9,23.095,0.0,6.5,30.0,22.0,28.405,
NDS004,7,2024-07-26 04:20:00,152.0,23.010526315789477,0.0,6.5,30.0,22.0,28.43157894736842,
NDS004,7,2024-07-26 04:30:00,152.0,23.155,0.0,6.5,30.0,22.0,28.49,
NDS004,7,2024-07-26 04:40:00,152.0,23.21578947368421,0.0,6.5,30.0,22.0,28.5,
NDS004,7,2024-07-26 04:50:00,151.8,23.045,0.0,6.5,30.0,22.0,28.51,
NDS004,7,2024-07-26 05:00:00,152.0,22.931578947368426,0.0,6.5,30.0,22.0,28.57894736842105,
NDS004,7,2024-07-26 05:10:00,151.89473684210526,22.92105263157895,0.0,6.536842105263158,30.0,22.0,28.6,
NDS004,7,2024-07-26 05:20:00,151.9,23.095,0.0,6.595000000000001,30.0,22.0,28.6,
NDS004,7,2024-07-26 05:30:00,151.78947368421052,22.757894736842104,0.0,6.542105263157895,30.0,22.0,28.6,
NDS004,7,2024-07-26 05:40:00,151.8,22.93,0.0,6.540000000000001,30.0,22.0,28.645,
NDS004,7,2024-07-26 05:50:00,151.6315789473684,22.96315789473684,0.0,6.505263157894737,30.0,22.0,28.68421052631579,
NDS004,7,2024-07-26 06:00:00,151.7,22.75,0.0,6.55,30.0,22.0,28.7,
NDS004,7,2024-07-26 06:10:00,151.68421052631578,22.894736842105264,0.0,6.557894736842105,30.0,22.0,28.747368421052634,
NDS004,7,2024-07-26 06:20:00,151.55,23.015,0.0,6.584999999999999,30.0,22.0,28.775,
NDS004,7,2024-07-26 06:30:00,151.52631578947367,23.05263157894737,0.0,6.594736842105263,30.0,22.0,28.789473684210527,
NDS004,7,2024-07-26 06:40:00,151.55,22.97,0.0,6.565,30.0,22.0,28.8,
NDS004,7,2024-07-26 06:50:00,151.3684210526316,23.026315789473685,0.0,6.6,30.0,22.0,28.8,
NDS004,7,2024-07-26 07:00:00,151.55,23.08,0.0,6.6,30.0,22.0,28.835,
NDS004,7,2024-07-26 07:10:00,151.57894736842104,23.11052631578947,0.0,6.6,30.0,22.0,28.894736842105264,
NDS004,7,2024-07-26 07:20:00,151.65,23.115,0.0,6.6,30.0,22.0,28.9,
NDS004,7,2024-07-26 07:30:00,151.42105263157896,23.11578947368421,0.0,6.6,30.0,22.0,28.9,
NDS004,7,2024-07-26 07:40:00,151.57894736842104,23.2,0.0,6.6,30.0,22.0,28.9,
NDS004,7,2024-07-26 07:50:00,151.25,23.105,0.0,6.534999999999999,30.0,22.0,28.94,
NDS004,7,2024-07-26 08:00:00,151.1578947368421,23.0,0.0,6.5,30.0,22.0,28.984210526315792,
NDS004,7,2024-07-26 08:10:00,151.15,23.07,0.0,6.5,30.0,22.0,29.0,
NDS004,7,2024-07-26 08:20:00,151.10526315789474,22.973684210526315,0.0,6.5,30.0,22.0,29.0,
NDS004,7,2024-07-26 08:30:00,151.0,23.155,0.0,6.5,30.0,22.0,29.0,
NDS004,7,2024-07-26 08:40:00,151.0,23.04736842105263,0.0,6.5,30.0,22.0,29.0,
NDS004,7,2024-07-26 08:50:00,151.0,22.9,0.0,6.5,30.0,22.0,29.0,
NDS004,7,2024-07-26 09:00:00,151.0,23.426315789473687,0.0,6.5,30.0,22.0,29.0,
NDS004,7,2024-07-26 09:10:00,151.0,22.54,0.0,6.5,30.0,22.0,28.99,
NDS004,7,2024-07-26 09:20:00,151.0,22.757894736842104,0.0,6.5,30.0,22.0,28.989473684210523,
NDS004,7,2024-07-26 09:30:00,151.0,22.955,0.0,6.5,30.0,22.0,28.97,
NDS004,7,2024-07-26 09:40:00,151.0,23.063157894736843,0.0,6.5,30.0,22.0,28.94210526315789,
NDS004,7,2024-07-26 09:50:00,151.0,22.965,0.0,6.5,30.0,22.0,28.965,
NDS004,7,2024-07-26 10:00:00,151.0,23.01578947368421,0.0,6.5,30.0,22.0,28.984210526315792,
NDS004,7,2024-07-26 10:10:00,151.0,22.855,0.0,6.5,30.0,22.0,28.98,
NDS004,7,2024-07-26 10:20:00,151.0,22.857894736842105,0.0,6.5,30.0,22.0,28.978947368421053,
NDS004,7,2024-07-26 10:30:00,150.95,22.98,0.0,6.5,29.95,21.95,28.995,
NDS004,7,2024-07-26 10:40:00,150.94736842105263,22.77894736842105,0.0,6.5,29.94736842105263,21.94736842105263,29.0,
NDS004,7,2024-07-26 10:50:00,150.94736842105263,22.86315789473684,0.0,6.5,29.94736842105263,21.94736842105263,28.989473684210523,
NDS004,7,2024-07-26 11:00:00,150.85,22.7,0.0,6.5,29.85,21.85,29.0,
NDS004,7,2024-07-26 11:10:00,150.47368421052633,23.057894736842105,0.0,6.5,29.473684210526315,21.473684210526315,29.0,
NDS004,7,2024-07-26 11:20:00,150.5,22.76,0.0,6.5,29.5,21.5,29.0,
NDS004,7,2024-07-26 11:30:00,150.1578947368421,22.93684210526316,0.0,6.5,29.157894736842103,21.157894736842103,29.0,
NDS004,7,2024-07-26 11:40:00,150.2,22.745,0.0,6.5,29.2,21.2,29.0,
NDS004,7,2024-07-26 11:50:00,150.05263157894737,22.96315789473684,0.0,6.5,29.05263157894737,21.05263157894737,29.0,
NDS004,7,2024-07-26 12:00:00,150.0,22.785,0.0,6.5,29.0,21.0,29.0,
NDS004,7,2024-07-26 12:10:00,150.0,23.03157894736842,0.0,6.5,29.0,21.0,29.0,
NDS004,7,2024-07-26 12:20:00,150.0,22.75,0.0,6.5,29.0,21.0,29.0,
NDS004,7,2024-07-26 12:30:00,150.0,23.026315789473685,0.0,6.5,29.0,21.0,28.989473684210523,
NDS004,7,2024-07-26 12:40:00,150.0,22.97,0.0,6.5,29.0,21.0,29.0,
NDS004,7,2024-07-26 12:50:00,150.0,23.36842105263158,0.0,6.5,29.0,21.0,29.0,
NDS004,7,2024-07-26 13:00:00,150.0,22.735,0.0,6.5,29.0,21.0,29.0,
NDS004,7,2024-07-26 13:10:00,150.0,23.063157894736843,0.0,6.5,29.0,21.0,29.0,
NDS004,7,2024-07-26 13:20:00,150.0,22.905263157894737,0.0,6.5,29.0,21.0,29.0,
NDS004,7,2024-07-26 13:30:00,150.0,23.01,0.0,6.5,29.0,21.0,29.0,
NDS004,7,2024-07-26 13:40:00,150.0,22.92105263157895,0.0,6.5,29.0,21.0,29.0,
NDS004,7,2024-07-26 13:50:00,150.0,23.06,0.0,6.5,29.0,21.0,29.005000000000003,
NDS004,7,2024-07-26 14:00:00,150.0,22.968421052631577,0.0,6.5,29.0,21.0,29.0,
NDS004,7,2024-07-26 14:10:00,150.0,23.105,0.0,6.5,29.0,21.0,29.0,
NDS004,7,2024-07-26 14:20:00,150.0,22.847368421052632,0.0,6.5,29.0,21.0,29.0,
NDS004,7,2024-07-26 14:30:00,150.0,23.045,0.0,6.5,29.0,21.0,29.0,
NDS004,7,2024-07-26 14:40:00,150.0,23.11052631578947,0.0,6.468421052631579,29.0,21.0,29.0,
NDS004,7,2024-07-26 14:50:00,150.0,22.815,0.0,6.4,29.0,21.0,28.995,
NDS004,7,2024-07-26 15:00:00,149.8421052631579,22.968421052631577,0.0,6.4,29.0,21.0,28.984210526315792,
NDS004,7,2024-07-26 15:10:00,149.7,23.155,0.0,6.4,29.0,21.0,28.93,
NDS004,7,2024-07-26 15:20:00,149.05263157894737,22.905263157894737,0.0,6.4,29.0,21.0,28.905263157894733,
NDS004,7,2024-07-26 15:30:00,149.35,22.94,0.0,6.4,29.0,21.0,28.9,
NDS004,7,2024-07-26 15:40:00,149.05263157894737,23.18947368421053,0.0,6.4,29.0,21.0,28.9,
NDS004,7,2024-07-26 15:50:00,149.0,23.005000000000003,0.0,6.4,29.0,21.0,28.9,
NDS004,7,2024-07-26 16:00:00,149.0,22.99473684210526,0.0,6.4,29.0,21.0,28.9,
NDS004,7,2024-07-26 16:10:00,149.0,22.92,0.0,6.4,29.0,21.0,28.9,
NDS004,7,2024-07-26 16:20:00,149.0,22.84736842105263,0.0,6.4,29.0,21.0,28.894736842105264,
NDS004,7,2024-07-26 16:30:00,149.0,22.995,0.0,6.4,29.0,21.0,28.9,
NDS004,7,2024-07-26 16:40:00,149.0,22.810526315789478,0.0,6.4,29.0,21.0,28.884210526315787,
NDS004,7,2024-07-26 16:50:00,149.0,22.73157894736842,0.0,6.389473684210526,29.0,21.0,28.847368421052632,
NDS004,7,2024-07-26 17:00:00,149.0,22.785,0.0,6.3950000000000005,29.0,21.0,28.825,
NDS004,7,2024-07-26 17:10:00,149.0,23.010526315789477,0.0,6.4,29.0,21.0,28.81578947368421,
NDS004,7,2024-07-26 17:20:00,149.0,23.23,0.0,6.4,29.0,21.0,28.8,
NDS004,7,2024-07-26 17:30:00,149.0,22.94736842105263,0.0,6.326315789473685,29.0,21.0,28.8,
NDS004,7,2024-07-26 17:40:00,148.95,23.26,0.0,6.32,28.95,20.95,28.8,
NDS004,7,2024-07-26 17:50:00,149.0,22.80526315789474,0.0,6.3,29.0,21.0,28.8,
NDS004,7,2024-07-26 18:00:00,148.75,23.09,0.0,6.3,28.75,20.75,28.78,
NDS004,7,2024-07-26 18:10:00,148.52631578947367,23.094736842105263,0.0,6.3,28.526315789473685,20.526315789473685,28.78421052631579,
NDS004,7,2024-07-26 18:20:00,148.25,23.16,0.0,6.3,28.25,20.25,28.795,
NDS004,7,2024-07-26 18:30:00,148.1578947368421,23.094736842105263,0.0,6.3,28.157894736842103,20.157894736842103,28.794736842105262,
NDS004,7,2024-07-26 18:40:00,148.05,22.935,0.0,6.3,28.05,20.05,28.795,
NDS004,7,2024-07-26 18:50:00,148.05263157894737,23.210526315789476,0.0,6.3,28.05263157894737,20.05263157894737,28.8,
NDS004,7,2024-07-26 19:00:00,148.0,23.08,0.0,6.3,28.0,20.0,28.78,
NDS004,7,2024-07-26 19:10:00,148.0,22.968421052631577,0.0,6.3,28.0,20.0,28.77368421052632,
NDS004,7,2024-07-26 19:20:00,148.0,22.935,0.0,6.335,28.0,20.0,28.715,
NDS004,7,2024-07-26 19:30:00,148.0,23.215789473684207,0.0,6.4,28.0,20.0,28.7,
NDS004,7,2024-07-26 19:40:00,148.0,22.875,0.0,6.335,28.0,20.0,28.7,
NDS004,7,2024-07-26 19:50:00,148.0,23.010526315789477,0.0,6.3,28.0,20.0,28.694736842105264,
NDS004,7,2024-07-26 20:00:00,148.0,22.955,0.0,6.335,28.0,20.0,28.660000000000004,
NDS004,7,2024-07-26 20:10:00,148.0,23.00526315789474,0.0,6.3,28.0,20.0,28.62105263157895,
NDS004,7,2024-07-26 20:20:00,148.0,22.62,0.0,6.3,28.0,20.0,28.6,
NDS004,7,2024-07-26 20:30:00,148.0,23.13684210526316,0.0,6.3,28.0,20.0,28.6,
NDS004,7,2024-07-26 20:40:00,148.0,22.94,0.0,6.3,28.0,20.0,28.590000000000003,
NDS004,7,2024-07-26 20:50:00,148.0,23.057894736842105,0.0,6.3,28.0,20.0,28.53684210526316,
NDS004,7,2024-07-26 21:00:00,148.0,22.905,0.0,6.3,28.0,20.0,28.51,
NDS004,7,2024-07-26 21:10:00,148.0,22.94736842105263,0.0,6.3,28.0,20.0,28.5,
NDS004,7,2024-07-26 21:20:00,147.8,23.075,0.0,6.3,28.0,20.0,28.5,
NDS004,7,2024-07-26 21:30:00,147.21052631578948,22.973684210526315,0.0,6.3,28.0,20.0,28.49473684210526,
NDS004,7,2024-07-26 21:40:00,147.35,22.915,0.0,6.3,28.0,20.0,28.434999999999995,
NDS004,7,2024-07-26 21:50:00,147.26315789473685,23.084210526315783,0.0,6.3,28.0,20.0,28.405263157894733,
NDS004,7,2024-07-26 22:00:00,147.8,23.215,0.0,6.3,28.3,20.3,28.405,
NDS004,7,2024-07-26 22:10:00,150.21052631578948,23.542105263157897,0.0,6.389473684210526,29.210526315789476,21.210526315789476,28.410526315789472,
NDS004,7,2024-07-26 22:20:00,150.0,23.64,0.0,6.4,29.0,21.0,28.4,
NDS004,7,2024-07-26 22:30:00,150.0,23.33157894736842,0.0,6.4,29.0,21.0,28.4,
NDS004,7,2024-07-26 22:40:00,149.65,23.525,0.0,6.4,29.0,21.0,28.4,
NDS004,7,2024-07-26 22:50:00,149.0,23.36842105263158,0.0,6.4,29.0,21.0,28.4,
NDS004,7,2024-07-26 23:00:00,148.15,23.205,0.0,6.325,28.3,20.3,28.4,
NDS004,7,2024-07-26 23:10:00,148.52631578947367,23.38421052631579,0.0,6.368421052631579,28.526315789473685,20.526315789473685,28.4,
NDS004,7,2024-07-26 23:20:00,149.0,23.605,0.0,6.380000000000001,29.0,21.0,28.4,
NDS004,7,2024-07-26 23:30:00,149.0,23.431578947368426,0.0,6.4,29.0,21.0,28.4,
NDS004,7,2024-07-26 23:40:00,149.15,23.29,0.0,6.3950000000000005,29.0,21.0,28.4,
NDS004,7,2024-07-26 23:50:00,150.0,23.98421052631579,0.0,6.4,29.0,21.0,28.4,
NDS004,7,2024-07-27 00:00:00,149.95,23.83,0.0,6.4,29.0,21.0,28.4,
NDS004,7,2024-07-27 00:10:00,149.0,23.894736842105264,0.0,6.4,29.0,21.0,28.4,
NDS004,7,2024-07-27 00:20:00,149.0,23.875,0.0,6.4,29.0,21.0,28.395,
NDS004,7,2024-07-27 00:30:00,149.05263157894737,23.678947368421053,0.0,6.4,29.0,21.0,28.389473684210525,
NDS004,7,2024-07-27 00:40:00,149.0,23.565,0.0,6.4,29.0,21.0,28.385,
NDS004,7,2024-07-27 00:50:00,149.0,23.821052631578947,0.0,6.4,29.0,21.0,28.347368421052632,
NDS004,7,2024-07-27 01:00:00,149.0,23.68,0.0,6.4,29.0,21.0,28.355,
NDS004,7,2024-07-27 01:10:00,148.68421052631578,23.57368421052632,0.0,6.4,28.68421052631579,20.68421052631579,28.34210526315789,
NDS004,7,2024-07-27 01:20:00,148.0,23.630000000000003,0.0,6.4,28.0,20.0,28.325,
NDS004,7,2024-07-27 01:30:00,148.0,23.652631578947368,0.0,6.4,28.0,20.0,28.32631578947369,
NDS004,7,2024-07-27 01:40:00,148.0,23.725,0.0,6.4,28.0,20.0,28.34,
NDS004,7,2024-07-27 01:50:00,148.0,23.58421052631579,0.0,6.4,28.0,20.0,28.31578947368421,
NDS004,7,2024-07-27 02:00:00,148.0,23.53,0.0,6.4,28.0,20.0,28.33,
NDS004,7,2024-07-27 02:10:00,148.0,23.73157894736842,0.0,6.4,28.0,20.0,28.357894736842105,
NDS004,7,2024-07-27 02:20:00,147.95,23.68,0.0,6.4,28.0,20.0,28.385,
NDS004,7,2024-07-27 02:30:00,148.1578947368421,23.573684210526316,0.0,6.4,28.157894736842103,20.157894736842103,28.394736842105264,
NDS004,7,2024-07-27 02:40:00,149.0,23.69,0.0,6.4,29.0,21.0,28.39,
NDS004,7,2024-07-27 02:50:00,148.73684210526315,23.94210526315789,0.0,6.4,28.73684210526316,20.73684210526316,28.389473684210525,
NDS004,7,2024-07-27 03:00:00,148.0,23.885,0.0,6.4,28.0,20.0,28.375,
NDS004,7,2024-07-27 03:10:00,147.47368421052633,23.836842105263155,0.0,6.3842105263157904,28.0,20.0,28.37368421052632,
NDS004,7,2024-07-27 03:20:00,147.3,23.925,0.0,6.325,28.0,20.0,28.39,
NDS004,7,2024-07-27 03:30:00,147.3684210526316,23.68421052631579,0.0,6.310526315789473,28.0,20.0,28.4,
NDS004,7,2024-07-27 03:40:00,147.52631578947367,23.87368421052632,0.0,6.326315789473685,27.94736842105263,19.94736842105263,28.4,
NDS004,7,2024-07-27 03:50:00,148.0,23.785,0.0,6.3100000000000005,28.0,20.0,28.4,
NDS004,7,2024-07-27 04:00:00,148.0,23.73157894736842,0.0,6.3,28.0,20.0,28.4,
NDS004,7,2024-07-27 04:10:00,148.0,23.485,0.0,6.3,28.0,20.0,28.4,
NDS004,7,2024-07-27 04:20:00,148.0,23.64210526315789,0.0,6.3,28.0,20.0,28.4,
NDS004,7,2024-07-27 04:30:00,148.0,24.005000000000003,0.0,6.3,28.0,20.0,28.4,
NDS004,7,2024-07-27 04:40:00,148.0,23.678947368421053,0.0,6.3,28.0,20.0,28.41578947368421,
NDS004,7,2024-07-27 04:50:00,148.0,23.645,0.0,6.3,28.0,20.0,28.445,
NDS004,7,2024-07-27 05:00:00,148.0,23.52105263157895,0.0,6.315789473684211,28.0,20.0,28.5,
NDS004,7,2024-07-27 05:10:00,148.0,23.69,0.0,6.34,28.0,20.0,28.5,
NDS004,7,2024-07-27 05:20:00,148.0,23.69473684210526,0.0,6.373684210526316,28.0,20.0,28.50526315789474,
NDS004,7,2024-07-27 05:30:00,147.9,23.855,0.0,6.390000000000001,28.0,20.0,28.575,
NDS004,7,2024-07-27 05:40:00,148.0,23.789473684210527,0.0,6.347368421052631,28.0,20.0,28.6,
NDS004,7,2024-07-27 05:50:00,148.0,23.76,0.0,6.3950000000000005,28.0,20.0,28.6,
NDS004,7,2024-07-27 06:00:00,148.0,23.61578947368421,0.0,6.394736842105263,28.0,20.0,28.6,
NDS004,7,2024-07-27 06:10:00,148.0,23.53,0.0,6.4,28.0,20.0,28.655,
NDS004,7,2024-07-27 06:20:00,148.0,23.42105263157895,0.0,6.4,28.0,20.0,28.7,
NDS004,7,2024-07-27 06:30:00,148.0,23.5,0.0,6.4,28.0,20.0,28.7,
NDS004,7,2024-07-27 06:40:00,148.0,23.563157894736843,0.0,6.4,28.0,20.0,28.710526315789476,
NDS004,7,2024-07-27 06:50:00,148.0,23.38,0.0,6.4,28.0,20.0,28.76,
NDS004,7,2024-07-27 07:00:00,148.0,23.53684210526316,0.0,6.4,28.0,20.0,28.794736842105262,
NDS004,7,2024-07-27 07:10:00,148.0,23.81,0.0,6.4,28.0,20.0,28.8,
NDS004,7,2024-07-27 07:20:00,148.0,23.726315789473684,0.0,6.4,28.0,20.0,28.8,
NDS004,7,2024-07-27 07:30:00,148.0,23.655,0.0,6.4,28.0,20.0,28.85,
NDS004,7,2024-07-27 07:40:00,148.0,23.610526315789475,0.0,6.4,28.0,20.0,28.9,
NDS004,7,2024-07-27 07:50:00,149.65,23.765,0.0,6.4,29.0,21.0,28.9,
NDS004,7,2024-07-27 08:00:00,149.42105263157896,23.9,0.0,6.4,29.0,21.0,28.910526315789472,
NDS004,7,2024-07-27 08:10:00,150.65,23.975,0.0,6.4,29.8,21.8,28.915,
NDS004,7,2024-07-27 08:20:00,150.94736842105263,24.110526315789475,0.0,6.4,29.94736842105263,21.94736842105263,28.973684210526315,
NDS004,7,2024-07-27 08:30:00,151.0,23.905,0.0,6.4,30.0,22.0,29.0,
NDS004,7,2024-07-27 08:40:00,151.21052631578948,24.03684210526316,0.0,6.4,30.0,22.0,29.0,
NDS004,7,2024-07-27 08:50:00,151.75,23.795,0.0,6.4,30.0,22.0,29.015,
NDS004,7,2024-07-27 09:00:00,151.1578947368421,23.93684210526316,0.0,6.4,30.0,22.0,29.026315789473685,
NDS004,7,2024-07-27 09:10:00,151.15,24.135,0.0,6.4,30.0,22.0,29.055,
NDS004,7,2024-07-27 09:20:00,151.0,24.021052631578947,0.0,6.4,30.0,22.0,29.05263157894737,
NDS004,7,2024-07-27 09:30:00,151.0,24.28,0.0,6.4,30.0,22.0,29.090000000000003,
NDS004,7,2024-07-27 09:40:00,151.0,24.021052631578947,0.0,6.4,30.0,22.0,29.1,
NDS004,7,2024-07-27 09:50:00,151.0,24.03684210526316,0.0,6.4,30.0,22.0,29.1,
NDS004,7,2024-07-27 10:00:00,151.0,23.985,0.0,6.3,30.0,22.0,29.1,
NDS004,7,2024-07-27 10:10:00,150.94736842105263,24.242105263157896,0.0,6.3,29.94736842105263,21.94736842105263,29.1,
NDS004,7,2024-07-27 10:20:00,151.0,23.81,0.0,6.3,30.0,22.0,29.1,
NDS004,7,2024-07-27 10:30:00,150.68421052631578,23.910526315789475,0.0,6.3,29.68421052631579,21.68421052631579,29.1,
NDS004,7,2024-07-27 10:40:00,150.0,24.01,0.0,6.3,29.0,21.0,29.1,
NDS004,7,2024-07-27 10:50:00,150.0,23.978947368421053,0.0,6.3,29.0,21.0,29.1,
NDS004,7,2024-07-27 11:00:00,150.0,23.945,0.0,6.3,29.0,21.0,29.095,
NDS004,7,2024-07-27 11:10:00,150.0,23.83157894736842,0.0,6.3,29.0,21.0,29.1,
NDS004,7,2024-07-27 11:20:00,150.0,24.055,0.0,6.3,29.0,21.0,29.1,
NDS004,7,2024-07-27 11:30:00,150.0,23.80526315789474,0.0,6.3,29.0,21.0,29.1,
NDS004,7,2024-07-27 11:40:00,150.05,23.655,0.0,6.3,29.05,21.05,29.130000000000003,
NDS004,7,2024-07-27 11:50:00,150.0,23.94736842105263,0.0,6.3,29.0,21.0,29.18421052631579,
NDS004,7,2024-07-27 12:00:00,150.85,24.095,0.0,6.3,29.85,21.85,29.2,
NDS004,7,2024-07-27 12:10:00,151.0,24.07894736842105,0.0,6.3,30.0,22.0,29.2,
NDS004,7,2024-07-27 12:20:00,150.65,24.02,0.0,6.3,29.65,21.65,29.2,
NDS004,7,2024-07-27 12:30:00,150.68421052631578,23.99473684210526,0.0,6.3,29.68421052631579,21.68421052631579,29.2,
NDS004,7,2024-07-27 12:40:00,150.7,24.25,0.0,6.3,29.6,21.6,29.2,
NDS004,7,2024-07-27 12:50:00,150.47368421052633,24.026315789473685,0.0,6.3,29.42105263157895,21.42105263157895,29.2,
NDS004,7,2024-07-27 13:00:00,152.5,24.345,0.0,6.3,30.5,22.5,29.2,
NDS004,7,2024-07-27 13:10:00,152.94736842105263,24.126315789473683,0.0,6.3,30.94736842105263,22.94736842105263,29.2,
NDS004,7,2024-07-27 13:20:00,153.0,24.43,0.0,6.3,31.0,23.0,29.2,
NDS004,7,2024-07-27 13:30:00,153.0,24.489473684210527,0.0,6.3,31.0,23.0,29.2,
NDS004,7,2024-07-27 13:40:00,153.0,24.2,0.0,6.3,31.0,23.0,29.205,
NDS004,7,2024-07-27 13:50:00,153.0,24.178947368421053,0.0,6.3,31.0,23.0,29.2,
NDS004,7,2024-07-27 14:00:00,152.75,24.18,0.0,6.3,30.75,22.75,29.2,
NDS004,7,2024-07-27 14:10:00,152.94736842105263,24.347368421052632,0.0,6.3,30.94736842105263,22.94736842105263,29.2,
NDS004,7,2024-07-27 14:20:00,152.89473684210526,24.44736842105263,0.0,6.3,30.894736842105264,22.894736842105264,29.18421052631579,
NDS004,7,2024-07-27 14:30:00,152.35,24.19,0.0,6.3,30.35,22.35,29.155,
NDS004,7,2024-07-27 14:40:00,152.0,24.28421052631579,0.0,6.3,30.0,22.0,29.105263157894736,
NDS004,7,2024-07-27 14:50:00,152.0,24.375,0.0,6.3,30.0,22.0,29.1,
NDS004,7,2024-07-27 15:00:00,152.0,24.257894736842104,0.0,6.3,30.0,22.0,29.1,
NDS004,7,2024-07-27 15:10:00,152.0,24.27,0.0,6.29,30.0,22.0,29.1,
NDS004,7,2024-07-27 15:20:00,152.05263157894737,24.27894736842105,0.0,6.3,30.05263157894737,22.05263157894737,29.1,
NDS004,7,2024-07-27 15:30:00,151.95,24.195,0.0,6.3,30.15,22.15,29.1,
NDS004,7,2024-07-27 15:40:00,150.57894736842104,24.2,0.0,6.3,29.57894736842105,21.57894736842105,29.073684210526316,
NDS004,7,2024-07-27 15:50:00,149.05,23.655,0.0,6.3,29.0,21.0,29.01,
NDS004,7,2024-07-27 16:00:00,148.89473684210526,23.87368421052632,0.0,6.3,28.894736842105264,20.894736842105264,29.0,
NDS004,7,2024-07-27 16:10:00,148.0,23.34,0.0,6.3,28.0,20.0,28.99,
NDS004,7,2024-07-27 16:20:00,148.0,23.210526315789476,0.0,6.273684210526316,28.0,20.0,28.96315789473684,
NDS004,7,2024-07-27 16:30:00,148.0,23.435,0.0,6.2,28.0,20.0,28.91,
NDS004,7,2024-07-27 16:40:00,148.0,23.16842105263158,0.0,6.2,28.0,20.0,28.905263157894733,
NDS004,7,2024-07-27 16:50:00,148.0,23.44210526315789,0.0,6.2,28.0,20.0,28.910526315789472,
NDS004,7,2024-07-27 17:00:00,148.0,23.29,0.0,6.2,28.0,20.0,28.9,
NDS004,7,2024-07-27 17:10:00,148.0,23.27894736842105,0.0,6.2,28.0,20.0,28.9,
NDS004,7,2024-07-27 17:20:00,148.0,23.07,0.0,6.2,28.0,20.0,28.9,
NDS004,7,2024-07-27 17:30:00,148.0,23.121052631578948,0.0,6.2,28.0,20.0,28.9,
NDS004,7,2024-07-27 17:40:00,148.0,23.135,0.0,6.2,28.0,20.0,28.9,
NDS004,7,2024-07-27 17:50:00,148.0,23.210526315789476,0.0,6.2,28.0,20.0,28.894736842105264,
NDS004,7,2024-07-27 18:00:00,148.0,23.375,0.0,6.2,28.0,20.0,28.865,
NDS004,7,2024-07-27 18:10:00,148.0,23.34,0.0,6.2,28.0,20.0,28.84,
NDS004,7,2024-07-27 18:20:00,148.0,23.226315789473684,0.0,6.2,28.0,20.0,28.805263157894736,
NDS004,7,2024-07-27 18:30:00,148.0,23.31,0.0,6.2,28.0,20.0,28.8,
NDS004,7,2024-07-27 18:40:00,148.0,23.25263157894737,0.0,6.2,28.0,20.0,28.8,
NDS004,7,2024-07-27 18:50:00,147.78947368421052,23.373684210526317,0.0,6.2,28.0,20.0,28.8,
NDS004,7,2024-07-27 19:00:00,147.7,23.255000000000003,0.0,6.2,28.0,20.0,28.765,
NDS004,7,2024-07-27 19:10:00,147.52631578947367,23.43684210526316,0.0,6.2105263157894735,28.0,20.0,28.76842105263158,
NDS004,7,2024-07-27 19:20:00,147.4,23.475,0.0,6.2,28.0,20.0,28.76,
NDS004,7,2024-07-27 19:30:00,147.31578947368422,23.42105263157895,0.0,6.2,28.0,20.0,28.76315789473684,
NDS004,7,2024-07-27 19:40:00,147.2,23.465,0.0,6.2,28.0,20.0,28.745,
NDS004,7,2024-07-27 19:50:00,147.31578947368422,23.32631578947368,0.0,6.2,28.0,20.0,28.77894736842105,
NDS004,7,2024-07-27 20:00:00,147.3,23.175,0.0,6.2,28.0,20.0,28.755000000000003,
NDS004,7,2024-07-27 20:10:00,147.15,23.32,0.0,6.2,28.0,20.0,28.715,
NDS004,7,2024-07-27 20:20:00,147.0,23.042105263157897,0.0,6.2,28.0,20.0,28.710526315789476,
NDS004,7,2024-07-27 20:30:00,147.0,23.47,0.0,6.2,28.0,20.0,28.7,
NDS004,7,2024-07-27 20:40:00,147.10526315789474,23.31578947368421,0.0,6.2,28.0,20.0,28.7,
NDS004,7,2024-07-27 20:50:00,147.0,23.33,0.0,6.2,28.0,20.0,28.7,
NDS004,7,2024-07-27 21:00:00,147.0,23.41578947368421,0.0,6.2,28.0,20.0,28.694736842105264,
NDS004,7,2024-07-27 21:10:00,147.05,23.06,0.0,6.2,28.0,20.0,28.695,
NDS004,7,2024-07-27 21:20:00,147.0,23.310526315789478,0.0,6.2,28.0,20.0,28.657894736842103,
NDS004,7,2024-07-27 21:30:00,147.0,23.4,0.0,6.2,28.0,20.0,28.635,
NDS004,7,2024-07-27 21:40:00,147.0,23.38421052631579,0.0,6.2,28.0,20.0,28.610526315789475,
NDS004,7,2024-07-27 21:50:00,147.0,23.265,0.0,6.2,28.0,20.0,28.605,
NDS004,7,2024-07-27 22:00:00,147.0,23.431578947368426,0.0,6.2,28.0,20.0,28.6,
NDS004,7,2024-07-27 22:10:00,147.0,23.405,0.0,6.2,28.0,20.0,28.6,
NDS004,7,2024-07-27 22:20:00,147.0,23.26315789473684,0.0,6.2,28.0,20.0,28.6,
NDS004,7,2024-07-27 22:30:00,147.0,23.25,0.0,6.2,28.0,20.0,28.6,
NDS004,7,2024-07-27 22:40:00,147.0,23.17368421052632,0.0,6.2,28.0,20.0,28.6,
NDS004,7,2024-07-27 22:50:00,147.0,23.0,0.0,6.2,28.0,20.0,28.6,
NDS004,7,2024-07-27 23:00:00,147.0,23.063157894736843,0.0,6.2,28.0,20.0,28.6,
NDS004,7,2024-07-27 23:10:00,147.0,23.14,0.0,6.2,28.0,20.0,28.585,
NDS004,7,2024-07-27 23:20:00,147.0,23.24736842105263,0.0,6.2,28.0,20.0,28.563157894736843,
NDS004,7,2024-07-27 23:30:00,147.0,23.44,0.0,6.2,28.0,20.0,28.51,
NDS004,7,2024-07-27 23:40:00,147.0,23.310526315789478,0.0,6.2,28.0,20.0,28.5,
NDS004,7,2024-07-27 23:50:00,147.0,23.185,0.0,6.2,28.0,20.0,28.5,
NDS004,7,2024-07-28 00:00:00,147.0,23.16315789473684,0.0,6.2,28.0,20.0,28.5,
NDS004,7,2024-07-28 00:10:00,147.0,23.375,0.0,6.2,28.0,20.0,28.495,
NDS004,7,2024-07-28 00:20:00,147.0,23.23157894736842,0.0,6.2,28.0,20.0,28.49473684210526,
NDS004,7,2024-07-28 00:30:00,147.0,23.365,0.0,6.2,28.0,20.0,28.495,
NDS004,7,2024-07-28 00:40:00,147.0,23.27894736842105,0.0,6.2,28.0,20.0,28.49473684210526,
NDS004,7,2024-07-28 00:50:00,147.0,23.32,0.0,6.2,28.0,20.0,28.485000000000003,
NDS004,7,2024-07-28 01:00:00,147.0,23.473684210526315,0.0,6.2,28.0,20.0,28.473684210526315,
NDS004,7,2024-07-28 01:10:00,147.0,23.19473684210526,0.0,6.2,28.0,20.0,28.478947368421053,
NDS004,7,2024-07-28 01:20:00,147.0,23.325,0.0,6.2,28.0,20.0,28.485000000000003,
NDS004,7,2024-07-28 01:30:00,147.0,22.989473684210527,0.0,6.2,28.0,20.0,28.484210526315792,
NDS004,7,2024-07-28 01:40:00,147.0,23.31,0.0,6.2,28.0,20.0,28.495,
NDS004,7,2024-07-28 01:50:00,147.0,23.357894736842105,0.0,6.2,28.0,20.0,28.478947368421053,
NDS004,7,2024-07-28 02:00:00,147.0,23.26,0.0,6.2,28.0,20.0,28.475,
NDS004,7,2024-07-28 02:10:00,147.0,23.42105263157895,0.0,6.2,28.0,20.0,28.489473684210523,
NDS004,7,2024-07-28 02:20:00,147.0,23.17,0.0,6.2,28.0,20.0,28.495,
NDS004,7,2024-07-28 02:30:00,147.0,23.215789473684207,0.0,6.2,28.0,20.0,28.5,
NDS004,7,2024-07-28 02:40:00,147.0,23.4,0.0,6.2,28.0,20.0,28.5,
NDS004,7,2024-07-28 02:50:00,147.0,23.21578947368421,0.0,6.2,28.0,20.0,28.5,
NDS004,7,2024-07-28 03:00:00,147.0,23.385,0.0,6.2,28.0,20.0,28.505000000000003,
NDS004,7,2024-07-28 03:10:00,147.0,23.24736842105263,0.0,6.2,28.0,20.0,28.53684210526316,
NDS004,7,2024-07-28 03:20:00,147.0,23.19,0.0,6.2,28.0,20.0,28.55,
NDS004,7,2024-07-28 03:30:00,147.0,23.526315789473685,0.0,6.2,28.0,20.0,28.57894736842105,
NDS004,7,2024-07-28 03:40:00,147.0,23.385,0.0,6.2,28.0,20.0,28.6,
NDS004,7,2024-07-28 03:50:00,147.0,23.621052631578948,0.0,6.2,28.0,20.0,28.594736842105267,
NDS004,7,2024-07-28 04:00:00,147.0,23.16,0.0,6.2,28.0,20.0,28.6,
NDS004,7,2024-07-28 04:10:00,147.0,23.26315789473684,0.0,6.2,28.0,20.0,28.6,
NDS004,7,2024-07-28 04:20:00,147.0,23.255000000000003,0.0,6.2,28.0,20.0,28.6,
NDS004,7,2024-07-28 04:30:00,147.0,23.157894736842103,0.0,6.2,28.0,20.0,28.610526315789475,
NDS004,7,2024-07-28 04:40:00,147.0,23.135,0.0,6.2,28.0,20.0,28.64,
NDS004,7,2024-07-28 04:50:00,147.0,23.394736842105264,0.0,6.2,28.0,20.0,28.68947368421053,
NDS004,7,2024-07-28 05:00:00,147.0,23.335,0.0,6.2,28.0,20.0,28.7,
NDS004,7,2024-07-28 05:10:00,147.0,23.41578947368421,0.0,6.2,28.0,20.0,28.7,
NDS004,7,2024-07-28 05:20:00,147.0,23.495,0.0,6.2,28.0,20.0,28.735000000000003,
NDS004,7,2024-07-28 05:30:00,147.0,23.22631578947368,0.0,6.2,28.0,20.0,28.794736842105262,
NDS004,7,2024-07-28 05:40:00,147.0,23.34,0.0,6.2,28.0,20.0,28.8,
NDS004,7,2024-07-28 05:50:00,147.0,23.178947368421053,0.0,6.2,28.0,20.0,28.81578947368421,
NDS004,7,2024-07-28 06:00:00,147.0,23.18,0.0,6.2,28.0,20.0,28.860000000000003,
NDS004,7,2024-07-28 06:10:00,147.0,23.34210526315789,0.0,6.2,28.0,20.0,28.894736842105264,
NDS004,7,2024-07-28 06:20:00,147.0,23.36,0.0,6.2,28.0,20.0,28.9,
NDS004,7,2024-07-28 06:30:00,147.0,23.24736842105263,0.0,6.2,28.0,20.0,28.9,
NDS004,7,2024-07-28 06:40:00,147.2,23.515,0.0,6.2,28.0,20.0,28.92,
NDS004,7,2024-07-28 06:50:00,147.10526315789474,23.20526315789473,0.0,6.2,28.0,20.0,28.96315789473684,
NDS004,7,2024-07-28 07:00:00,147.15,23.34,0.0,6.2,28.0,20.0,28.975,
NDS004,7,2024-07-28 07:10:00,147.1578947368421,23.18421052631579,0.0,6.2,28.0,20.0,28.973684210526315,
NDS004,7,2024-07-28 07:20:00,147.3,23.08,0.0,6.2,28.0,20.0,28.985000000000003,
NDS004,7,2024-07-28 07:30:00,147.42105263157896,23.46315789473684,0.0,6.2,28.0,20.0,28.984210526315792,
NDS004,7,2024-07-28 07:40:00,147.35,23.065,0.0,6.2,28.0,20.0,28.995,
NDS004,7,2024-07-28 07:50:00,147.10526315789474,23.26842105263158,0.0,6.2,28.0,20.0,29.0,
NDS004,7,2024-07-28 08:00:00,147.1,23.17,0.0,6.2,28.0,20.0,29.0,
NDS004,7,2024-07-28 08:10:00,147.05263157894737,23.05263157894737,0.0,6.2,28.0,20.0,29.0,
NDS004,7,2024-07-28 08:20:00,147.05,23.375,0.0,6.2,28.0,20.0,29.0,
NDS004,7,2024-07-28 08:30:00,147.1578947368421,23.373684210526317,0.0,6.2,28.0,20.0,29.0,
NDS004,7,2024-07-28 08:40:00,147.2,23.085,0.0,6.2,28.0,20.0,29.0,
NDS004,7,2024-07-28 08:50:00,147.10526315789474,23.32631578947368,0.0,6.2,28.0,20.0,29.0,
NDS004,7,2024-07-28 09:00:00,147.1,23.355,0.0,6.2,28.0,20.0,29.02,
NDS004,7,2024-07-28 09:10:00,147.26315789473685,23.2,0.0,6.2,28.0,20.0,29.063157894736843,
NDS004,7,2024-07-28 09:20:00,147.35,23.555,0.0,6.2,28.0,20.0,29.055,
NDS004,7,2024-07-28 09:30:00,147.10526315789474,23.18947368421053,0.0,6.2,28.0,20.0,29.021052631578947,
NDS004,7,2024-07-28 09:40:00,147.05,23.34,0.0,6.2,28.0,20.0,29.005000000000003,
NDS004,7,2024-07-28 09:50:00,147.0,23.152631578947368,0.0,6.2,28.0,20.0,29.00526315789474,
NDS004,7,2024-07-28 10:00:00,147.1,23.315,0.0,6.2,28.0,20.0,29.0,
NDS004,7,2024-07-28 10:10:00,147.1578947368421,23.3,0.0,6.2,28.0,20.0,29.00526315789474,
NDS004,7,2024-07-28 10:20:00,147.05,23.075,0.0,6.2,28.0,20.0,29.015,
NDS004,7,2024-07-28 10:30:00,147.05263157894737,23.01578947368421,0.0,6.2,28.0,20.0,29.0,
NDS004,7,2024-07-28 10:40:00,147.05,23.145,0.0,6.2,28.0,20.0,29.0,
NDS004,7,2024-07-28 10:50:00,147.10526315789474,23.16842105263158,0.0,6.2,28.0,20.0,29.04736842105263,
NDS004,7,2024-07-28 11:00:00,147.05,23.275,0.0,6.105,28.0,20.0,29.090000000000003,
NDS004,7,2024-07-28 11:10:00,147.05263157894737,23.457894736842103,0.0,6.1,28.0,20.0,29.07894736842105,
NDS004,7,2024-07-28 11:20:00,147.0,23.26,0.0,6.1,28.0,20.0,29.090000000000003,
NDS004,7,2024-07-28 11:30:00,147.0,23.16842105263158,0.0,6.1,28.0,20.0,29.1,
NDS004,7,2024-07-28 11:40:00,147.15,23.17,0.0,6.1,28.0,20.0,29.1,
NDS004,7,2024-07-28 11:50:00,147.05263157894737,23.105263157894736,0.0,6.1,28.0,20.0,29.1,
NDS004,7,2024-07-28 12:00:00,147.2,23.275,0.0,6.1,28.0,20.0,29.1,
NDS004,7,2024-07-28 12:10:00,147.05263157894737,23.410526315789475,0.0,6.1,28.0,20.0,29.1,
NDS004,7,2024-07-28 12:20:00,147.2,23.15,0.0,6.1,28.0,20.0,29.1,
NDS004,7,2024-07-28 12:30:00,147.31578947368422,23.17368421052632,0.0,6.1,28.0,20.0,29.105263157894736,
NDS004,7,2024-07-28 12:40:00,147.26315789473685,23.27894736842105,0.0,6.1,28.0,20.0,29.142105263157895,
NDS004,7,2024-07-28 12:50:00,147.2,23.195,0.0,6.1,28.0,20.0,29.195,
NDS004,7,2024-07-28 13:00:00,147.26315789473685,23.34210526315789,0.0,6.1,28.0,20.0,29.18421052631579,
NDS004,7,2024-07-28 13:10:00,147.15,23.04,0.0,6.1,28.0,20.0,29.185,
NDS004,7,2024-07-28 13:20:00,147.31578947368422,23.27368421052632,0.0,6.1,28.0,20.0,29.168421052631583,
NDS004,7,2024-07-28 13:30:00,147.35,23.245,0.0,6.1,28.0,20.0,29.15,
NDS004,7,2024-07-28 13:40:00,147.05263157894737,23.26315789473684,0.0,6.1,28.0,20.0,29.110526315789475,
NDS004,7,2024-07-28 13:50:00,147.0,23.23,0.0,6.1,28.0,20.0,29.1,
NDS004,7,2024-07-28 14:00:00,147.0,23.04736842105263,0.0,6.1,28.0,20.0,29.1,
NDS004,7,2024-07-28 14:10:00,147.05,23.405,0.0,6.1,28.0,20.0,29.1,
NDS004,7,2024-07-28 14:20:00,147.10526315789474,23.18947368421053,0.0,6.1,28.0,20.0,29.1,
NDS004,7,2024-07-28 14:30:00,147.05,23.13,0.0,6.1,28.0,20.0,29.1,
NDS004,7,2024-07-28 14:40:00,147.0,23.26842105263158,0.0,6.1,28.0,20.0,29.1,
NDS004,7,2024-07-28 14:50:00,147.0,23.42,0.0,6.1,28.0,20.0,29.085,
NDS004,7,2024-07-28 15:00:00,147.0,23.294736842105262,0.0,6.1,28.0,20.0,29.08421052631579,
NDS004,7,2024-07-28 15:10:00,147.0,23.225,0.0,6.1,28.0,20.0,29.08,
NDS004,7,2024-07-28 15:20:00,147.0,23.23157894736842,0.0,6.1,28.0,20.0,29.06842105263158,
NDS004,7,2024-07-28 15:30:00,147.0,23.015,0.0,6.09,28.0,20.0,29.06,
NDS004,7,2024-07-28 15:40:00,147.0,23.3,0.0,6.1,28.0,20.0,29.031578947368423,
NDS004,7,2024-07-28 15:50:00,147.0,23.315,0.0,6.1,28.0,20.0,29.02,
NDS004,7,2024-07-28 16:00:00,147.0,23.089473684210525,0.0,6.084210526315789,28.0,20.0,29.0,
NDS004,7,2024-07-28 16:10:00,147.0,23.16,0.0,6.084999999999999,28.0,20.0,29.005000000000003,
NDS004,7,2024-07-28 16:20:00,147.0,23.152631578947368,0.0,6.0,28.0,20.0,29.0,
NDS004,7,2024-07-28 16:30:00,147.0,23.32,0.0,6.0,28.0,20.0,29.0,
NDS004,7,2024-07-28 16:40:00,147.0,23.04736842105263,0.0,6.0,28.0,20.0,29.0,
NDS004,7,2024-07-28 16:50:00,147.0,23.175,0.0,6.0,28.0,20.0,29.0,
NDS004,7,2024-07-28 17:00:00,147.0,23.23684210526316,0.0,6.0,28.0,20.0,28.984210526315792,
NDS004,7,2024-07-28 17:10:00,147.0,23.44,0.0,6.0200000000000005,28.0,20.0,28.93,
NDS004,7,2024-07-28 17:20:00,147.0,23.375,0.0,6.05,28.0,20.0,28.9,
NDS004,7,2024-07-28 17:30:00,147.0,23.18421052631579,0.0,6.057894736842105,28.0,20.0,28.9,
NDS004,7,2024-07-28 17:40:00,147.0,23.07,0.0,6.09,28.0,20.0,28.9,
NDS004,7,2024-07-28 17:50:00,147.0,23.221052631578942,0.0,6.015789473684211,28.0,20.0,28.9,
NDS004,7,2024-07-28 18:00:00,147.0,23.025,0.0,6.05,28.0,20.0,28.9,
NDS004,7,2024-07-28 18:10:00,147.0,23.27368421052632,0.0,6.0,28.0,20.0,28.87894736842105,
NDS004,7,2024-07-28 18:20:00,147.0,23.4,0.0,6.0,28.0,20.0,28.87894736842105,
NDS004,7,2024-07-28 18:30:00,147.0,23.07,0.0,6.0,28.0,20.0,28.84,
NDS004,7,2024-07-28 18:40:00,147.0,23.185,0.0,6.0,28.0,20.0,28.84,
NDS004,7,2024-07-28 18:50:00,147.0,23.221052631578942,0.0,6.0,28.0,20.0,28.805263157894736,
NDS004,7,2024-07-28 19:00:00,147.0,23.22,0.0,6.0,28.0,20.0,28.82,
NDS004,7,2024-07-28 19:10:00,147.0,23.49473684210526,0.0,6.0,28.0,20.0,28.805263157894736,
NDS004,7,2024-07-28 19:20:00,147.0,23.19,0.0,6.0,28.0,20.0,28.8,
NDS004,7,2024-07-28 19:30:00,147.0,23.27368421052632,0.0,6.0,28.0,20.0,28.8,
NDS004,7,2024-07-28 19:40:00,147.0,23.125,0.0,6.0,28.0,20.0,28.8,
NDS004,7,2024-07-28 19:50:00,147.0,23.268421052631577,0.0,6.0,28.0,20.0,28.8,
NDS004,7,2024-07-28 20:00:00,147.0,23.305,0.0,6.0,28.0,20.0,28.805,
NDS004,7,2024-07-28 20:10:00,147.0,23.24736842105263,0.0,6.0,28.0,20.0,28.8,
NDS004,7,2024-07-28 20:20:00,147.0,23.035,0.0,6.0,28.0,20.0,28.795,
NDS004,7,2024-07-28 20:30:00,147.0,23.178947368421053,0.0,6.0,28.0,20.0,28.8,
NDS004,7,2024-07-28 20:40:00,147.0,22.945,0.0,6.0,28.0,20.0,28.8,
NDS004,7,2024-07-28 20:50:00,147.0,23.063157894736843,0.0,6.0,28.0,20.0,28.789473684210527,
NDS004,7,2024-07-28 21:00:00,147.0,23.055,0.0,6.0,28.0,20.0,28.745,
NDS004,7,2024-07-28 21:10:00,147.0,23.25263157894737,0.0,6.0,28.0,20.0,28.70526315789473,
NDS004,7,2024-07-28 21:20:00,146.9,23.075,0.0,6.0,27.9,19.9,28.7,
NDS004,7,2024-07-28 21:30:00,146.94736842105263,23.089473684210525,0.0,6.0,27.94736842105263,19.94736842105263,28.7,
NDS004,7,2024-07-28 21:40:00,147.0,23.245,0.0,6.0,28.0,20.0,28.7,
NDS004,7,2024-07-28 21:50:00,147.0,23.23684210526316,0.0,6.0,28.0,20.0,28.7,
NDS004,7,2024-07-28 22:00:00,146.95,23.04,0.0,6.0,27.95,19.95,28.695,
NDS004,7,2024-07-28 22:10:00,146.73684210526315,22.973684210526315,0.0,6.0,27.73684210526316,19.73684210526316,28.68947368421053,
NDS004,7,2024-07-28 22:20:00,146.85,23.385,0.0,6.0,27.85,19.85,28.645,
NDS004,7,2024-07-28 22:30:00,146.6315789473684,23.34210526315789,0.0,6.0,27.63157894736842,19.63157894736842,28.615789473684213,
NDS004,7,2024-07-28 22:40:00,146.35,23.12,0.0,6.0,27.35,19.35,28.610000000000003,
NDS004,7,2024-07-28 22:50:00,146.31578947368422,23.20526315789473,0.0,6.0,27.31578947368421,19.31578947368421,28.6,
NDS004,7,2024-07-28 23:00:00,146.15,23.23,0.0,6.0,27.15,19.15,28.6,
NDS004,7,2024-07-28 23:10:00,146.05263157894737,23.18947368421053,0.0,6.0,27.05263157894737,19.05263157894737,28.6,
NDS004,7,2024-07-28 23:20:00,146.0,23.43,0.0,6.0,27.0,19.0,28.6,
NDS004,7,2024-07-28 23:30:00,146.05263157894737,23.44210526315789,0.0,6.0,27.05263157894737,19.05263157894737,28.6,
NDS004,7,2024-07-28 23:40:00,146.0,23.295,0.0,6.0,27.0,19.0,28.6,
NDS004,7,2024-07-28 23:50:00,146.0,23.21578947368421,0.0,6.0,27.0,19.0,28.6,
NDS004,7,2024-07-29 00:00:00,146.0,23.135,0.0,6.0,27.0,19.0,28.590000000000003,
NDS004,7,2024-07-29 00:10:00,146.0,23.26315789473684,0.0,6.0,27.0,19.0,28.56842105263158,
NDS004,7,2024-07-29 00:20:00,146.0,22.885,0.0,6.0,27.0,19.0,28.54,
NDS004,7,2024-07-29 00:30:00,146.0,23.268421052631577,0.0,6.0,27.0,19.0,28.5,
NDS004,7,2024-07-29 00:40:00,147.25,23.225,0.0,6.0,27.75,19.75,28.505000000000003,
NDS004,7,2024-07-29 00:50:00,146.21052631578948,23.394736842105264,0.0,6.0,27.210526315789476,19.210526315789476,28.50526315789474,
NDS004,7,2024-07-29 01:00:00,146.0,23.23,0.0,6.0,27.0,19.0,28.5,
NDS004,7,2024-07-29 01:10:00,146.0,23.157894736842103,0.0,6.0,27.0,19.0,28.5,
NDS004,7,2024-07-29 01:20:00,146.0,23.165,0.0,6.0,27.0,19.0,28.5,
NDS004,7,2024-07-29 01:30:00,146.05263157894737,23.24736842105263,0.0,6.0,27.05263157894737,19.05263157894737,28.5,
NDS004,7,2024-07-29 01:40:00,146.0,22.96,0.0,6.0,27.0,19.0,28.505000000000003,
NDS004,7,2024-07-29 01:50:00,146.0,23.026315789473685,0.0,6.0,27.0,19.0,28.5,
NDS004,7,2024-07-29 02:00:00,146.0,23.255000000000003,0.0,6.0,27.0,19.0,28.5,
NDS004,7,2024-07-29 02:10:00,146.0,23.38421052631579,0.0,6.0,27.0,19.0,28.51052631578948,
NDS004,7,2024-07-29 02:20:00,146.1,23.3,0.0,6.0,27.1,19.1,28.515,
NDS004,7,2024-07-29 02:30:00,146.0,23.48421052631579,0.0,6.0,27.0,19.0,28.54736842105263,
NDS004,7,2024-07-29 02:40:00,146.0,23.405555555555555,0.0,6.0,27.0,19.0,28.561111111111117,
NDS004,7,2024-07-29 02:50:00,146.0,23.26111111111111,0.0,6.0,27.0,19.0,28.59444444444445,
NDS004,7,2024-07-29 03:00:00,146.0,23.105263157894736,0.0,6.0,27.0,19.0,28.6,
NDS004,7,2024-07-29 03:10:00,146.05,23.245,0.0,6.0,27.05,19.05,28.6,
NDS004,7,2024-07-29 03:20:00,146.21052631578948,23.257894736842104,0.0,6.0,27.210526315789476,19.210526315789476,28.6,
NDS004,7,2024-07-29 03:30:00,146.5,23.265,0.0,6.0,27.5,19.5,28.6,
NDS004,7,2024-07-29 03:40:00,146.57894736842104,22.94210526315789,0.0,6.0,27.57894736842105,19.57894736842105,28.610526315789475,
NDS004,7,2024-07-29 03:50:00,146.95,23.21,0.0,6.0,27.95,19.95,28.660000000000004,
NDS004,7,2024-07-29 04:00:00,147.0,22.957894736842103,0.0,6.0,28.0,20.0,28.68947368421053,
NDS004,7,2024-07-29 04:10:00,147.0,23.365,0.0,6.0,28.0,20.0,28.7,
NDS004,7,2024-07-29 04:20:00,147.0,23.46315789473684,0.0,6.0,28.0,20.0,28.7,
NDS004,7,2024-07-29 04:30:00,147.0,23.27,0.0,6.0,28.0,20.0,28.73,
NDS004,7,2024-07-29 04:40:00,147.0,23.31578947368421,0.0,6.0,28.0,20.0,28.73684210526316,
NDS004,7,2024-07-29 04:50:00,147.0,23.145,0.0,6.0,28.0,20.0,28.78,
NDS004,7,2024-07-29 05:00:00,147.0,23.235294117647054,0.0,6.0,28.0,20.0,28.8,
