Temp01,Hum01,Mean_Phosphorous,Mean_Nitrogen,Mean_Potassium,Mean_Moisture
28.5,96.0,155.0,135.0,97.0,1.0
28.5,96.0,155.0,135.0,97.0,1.0
28.5,96.0,155.0,135.0,97.0,1.0
28.5,96.0,155.0,135.0,97.0,1.0
28.5,96.0,155.0,135.0,97.0,1.0
28.5,96.0,155.0,135.0,97.0,1.0
28.5,96.0,155.0,135.0,97.0,1.0
28.5,96.0,155.0,135.0,97.0,1.0
28.5,96.0,155.0,135.0,97.0,1.0
28.5,96.0,155.0,135.0,97.0,1.0
28.5,96.0,155.0,135.0,97.0,1.0
28.5,96.0,155.0,135.0,97.0,1.0
28.5,96.0,155.0,135.0,97.0,1.0
28.5,96.0,155.0,135.0,97.0,1.0
28.5,96.0,155.0,135.0,97.0,1.0
28.5,99.0,155.0,135.0,97.0,1.0
28.5,99.0,155.0,135.0,97.0,1.0
28.5,95.0,155.0,135.0,97.0,1.0
28.5,96.0,155.0,135.0,97.0,1.0
28.5,100.0,155.0,135.0,97.0,1.0
28.5,100.0,155.0,135.0,97.0,1.0
28.5,100.0,155.0,135.0,97.0,1.0
28.5,100.0,155.0,135.0,97.0,1.0
28.5,100.0,155.0,135.0,97.0,1.0
28.5,100.0,155.0,135.0,97.0,1.0
28.5,100.0,155.0,135.0,97.0,1.0
28.5,100.0,155.0,135.0,97.0,1.0
28.5,100.0,155.0,135.0,97.0,1.0
28.5,100.0,155.0,135.0,97.0,1.0
28.5,100.0,155.0,135.0,97.0,1.0
28.5,100.0,155.0,135.0,97.0,1.0
28.5,100.0,155.0,135.0,97.0,1.0
28.5,100.0,155.0,135.0,97.0,1.0
28.5,100.0,155.0,135.0,97.0,1.0
28.5,100.0,155.0,135.0,97.0,1.0
28.5,100.0,155.0,135.0,97.0,1.0
28.5,100.0,155.0,135.0,97.0,1.0
28.5,100.0,155.0,135.0,97.0,1.0
28.5,95.0,155.0,135.0,97.0,1.0
28.5,95.0,155.0,135.0,97.0,1.0
28.5,95.0,155.0,135.0,97.0,1.0
28.5,95.0,155.0,135.0,97.0,1.0
28.5,95.0,155.0,135.0,97.0,1.0
28.5,95.0,155.0,135.0,97.0,1.0
28.5,95.0,155.0,135.0,97.0,1.0
28.5,95.0,155.0,135.0,97.0,1.0
28.5,95.0,155.0,135.0,97.0,1.0
28.5,95.0,155.0,135.0,97.0,1.0
28.5,95.0,155.0,135.0,97.0,1.0
28.5,95.0,155.0,135.0,97.0,1.0
28.5,95.0,155.0,135.0,97.0,1.0
28.5,95.0,155.0,135.0,97.0,1.0
28.5,95.0,155.0,135.0,97.0,1.0
28.5,95.0,155.0,135.0,97.0,1.0
28.5,95.0,155.0,135.0,97.0,1.0
28.5,95.0,155.0,135.0,97.0,1.0
28.5,95.0,155.0,135.0,97.0,1.0
28.5,95.0,155.0,135.0,97.0,1.0
28.5,95.0,155.0,135.0,97.0,1.0
28.5,95.0,155.0,135.0,97.0,1.0
28.5,95.0,155.0,135.0,97.0,1.0
28.5,95.0,155.0,135.0,97.0,1.0
28.5,95.0,155.0,135.0,97.0,1.0
28.5,95.0,155.0,135.0,97.0,1.0
28.5,95.0,155.0,135.0,97.0,1.0
28.5,95.0,155.0,135.0,97.0,1.0
28.5,95.0,155.0,135.0,97.0,1.0
28.5,95.0,155.0,135.0,97.0,1.0
28.5,95.0,155.0,135.0,97.0,1.0
28.5,95.0,155.0,135.0,97.0,1.0
28.5,95.0,155.0,135.0,97.0,1.0
28.5,95.0,155.0,135.0,97.0,1.0
28.5,95.0,155.0,135.0,97.0,1.0
28.5,99.0,155.0,135.0,97.0,1.0
28.5,99.0,155.0,135.0,97.0,1.0
28.5,99.0,155.0,135.0,97.0,1.0
28.5,99.0,155.0,135.0,97.0,1.0
28.5,99.0,155.0,135.0,97.0,1.0
28.5,99.0,155.0,135.0,97.0,1.0
28.5,99.0,155.0,135.0,97.0,1.0
28.5,99.0,155.0,135.0,97.0,1.0
28.5,99.0,155.0,135.0,97.0,1.0
28.5,99.0,155.0,135.0,97.0,1.0
28.5,99.0,155.0,135.0,97.0,1.0
28.5,99.0,155.0,135.0,97.0,1.0
28.5,99.0,155.0,135.0,97.0,1.0
28.5,99.0,155.0,135.0,97.0,1.0
28.5,99.0,155.0,135.0,97.0,1.0
28.5,99.0,155.0,135.0,97.0,1.0
28.5,99.0,155.0,135.0,97.0,1.0
28.5,99.0,155.0,135.0,97.0,1.0
28.5,99.0,155.0,135.0,97.0,1.0
28.5,99.0,155.0,135.0,97.0,1.0
28.5,99.0,155.0,135.0,97.0,1.0
28.5,99.0,155.0,135.0,97.0,1.0
28.5,99.0,155.0,135.0,97.0,1.0
28.5,99.0,155.0,135.0,97.0,1.0
28.5,99.0,155.0,135.0,97.0,1.0
28.5,99.0,155.0,135.0,97.0,1.0
28.5,99.0,155.0,135.0,97.0,1.0
28.5,99.0,155.0,135.0,97.0,1.0
28.5,99.0,155.0,135.0,97.0,1.0
28.5,99.0,155.0,135.0,97.0,1.0
28.5,99.0,155.0,135.0,97.0,1.0
28.5,99.0,155.0,135.0,97.0,1.0
28.5,99.0,155.0,135.0,97.0,1.0
28.5,99.0,155.0,135.0,97.0,1.0
28.5,99.0,155.0,135.0,97.0,1.0
28.5,99.0,155.0,135.0,97.0,1.0
28.5,99.0,155.0,135.0,97.0,1.0
28.5,99.0,155.0,135.0,97.0,1.0
28.5,99.0,155.0,135.0,97.0,1.0
28.5,99.0,155.0,135.0,97.0,1.0
28.5,99.0,155.0,135.0,97.0,1.0
28.5,99.0,155.0,135.0,97.0,1.0
28.5,99.0,155.0,135.0,97.0,1.0
28.5,99.0,155.0,135.0,97.0,1.0
28.5,99.0,155.0,135.0,97.0,1.0
28.5,99.0,155.0,135.0,97.0,1.0
28.5,99.0,155.0,135.0,97.0,1.0
28.5,99.0,155.0,135.0,97.0,1.0
28.5,99.0,155.0,135.0,97.0,1.0
28.5,99.0,155.0,135.0,97.0,1.0
28.5,99.0,155.0,135.0,97.0,1.0
28.5,99.0,155.0,135.0,97.0,1.0
28.5,99.0,155.0,135.0,97.0,1.0
28.5,99.0,155.0,135.0,97.0,1.0
28.5,99.0,155.0,135.0,97.0,1.0
28.5,99.0,155.0,135.0,97.0,1.0
28.5,99.0,155.0,135.0,97.0,1.0
28.5,99.0,155.0,135.0,97.0,1.0
28.5,99.0,155.0,135.0,97.0,1.0
28.5,99.0,155.0,135.0,97.0,1.0
28.5,95.0,155.0,135.0,97.0,1.0
28.5,95.0,155.0,135.0,97.0,1.0
28.5,95.0,155.0,135.0,97.0,1.0
28.5,95.0,155.0,135.0,97.0,1.0
28.5,95.0,155.0,135.0,97.0,1.0
28.5,95.0,155.0,135.0,97.0,1.0
28.5,95.0,155.0,135.0,97.0,1.0
28.5,95.0,155.0,135.0,97.0,1.0
28.5,95.0,155.0,135.0,97.0,1.0
28.5,95.0,155.0,135.0,97.0,1.0
28.5,95.0,155.0,135.0,97.0,1.0
28.5,95.0,155.0,135.0,97.0,1.0
28.5,95.0,155.0,135.0,97.0,1.0
28.5,95.0,155.0,135.0,97.0,1.0
28.5,95.0,155.0,135.0,97.0,1.0
28.5,95.0,155.0,135.0,97.0,1.0
28.5,95.0,155.0,135.0,97.0,1.0
28.5,95.0,155.0,135.0,97.0,1.0
28.5,95.0,155.0,135.0,97.0,1.0
28.5,95.0,155.0,135.0,97.0,1.0
28.5,95.0,155.0,135.0,97.0,1.0
28.5,95.0,155.0,135.0,97.0,1.0
28.5,95.0,155.0,135.0,97.0,1.0
28.5,95.0,155.0,135.0,97.0,1.0
28.5,95.0,155.0,135.0,97.0,1.0
28.5,95.0,155.0,135.0,97.0,1.0
28.5,95.0,155.0,135.0,97.0,1.0
28.5,95.0,155.0,135.0,97.0,1.0
28.5,95.0,155.0,135.0,97.0,1.0
28.5,95.0,155.0,135.0,97.0,1.0
28.5,95.0,155.0,135.0,97.0,1.0
28.5,95.0,155.0,135.0,97.0,1.0
28.5,95.0,155.0,135.0,97.0,1.0
28.5,95.0,155.0,135.0,97.0,1.0
28.5,95.0,155.0,135.0,97.0,1.0
28.5,95.0,155.0,135.0,97.0,1.0
28.5,95.0,155.0,135.0,97.0,1.0
28.5,95.0,155.0,135.0,97.0,1.0
28.5,95.0,155.0,135.0,97.0,1.0
28.5,95.0,155.0,135.0,97.0,1.0
28.5,95.0,155.0,135.0,97.0,1.0
28.5,95.0,155.0,135.0,97.0,1.0
28.5,95.0,155.0,135.0,97.0,1.0
28.5,95.0,155.0,135.0,97.0,1.0
28.5,95.0,155.0,135.0,97.0,1.0
28.5,95.0,155.0,135.0,97.0,1.0
28.5,95.0,155.0,135.0,97.0,1.0
28.5,95.0,155.0,135.0,97.0,1.0
28.5,95.0,155.0,135.0,97.0,1.0
28.5,95.0,155.0,135.0,97.0,1.0
28.5,95.0,155.0,135.0,97.0,1.0
28.5,95.0,155.0,135.0,97.0,1.0
28.5,95.0,155.0,135.0,97.0,1.0
28.5,95.0,155.0,135.0,97.0,1.0
28.5,95.0,155.0,135.0,97.0,1.0
28.5,95.0,155.0,135.0,97.0,1.0
28.5,95.0,155.0,135.0,97.0,1.0
28.5,95.0,155.0,135.0,97.0,1.0
28.5,95.0,155.0,135.0,97.0,1.0
28.5,95.0,155.0,135.0,97.0,1.0
28.5,95.0,155.0,135.0,97.0,1.0
28.5,95.0,155.0,135.0,97.0,1.0
28.5,95.0,155.0,135.0,97.0,1.0
28.5,95.0,155.0,135.0,97.0,1.0
28.5,95.0,155.0,135.0,97.0,1.0
28.5,95.0,155.0,135.0,97.0,1.0
28.5,95.0,155.0,135.0,97.0,1.0
28.5,95.0,155.0,135.0,97.0,1.0
28.5,95.0,155.0,135.0,97.0,1.0
28.5,95.0,155.0,135.0,97.0,1.0
28.5,95.0,155.0,135.0,97.0,1.0
28.5,95.0,155.0,135.0,97.0,1.0
28.5,95.0,155.0,135.0,97.0,1.0
28.5,95.0,155.0,135.0,97.0,1.0
28.5,95.0,155.0,135.0,97.0,1.0
28.5,95.0,155.0,135.0,97.0,1.0
28.5,95.0,155.0,135.0,97.0,1.0
28.5,95.0,155.0,135.0,97.0,1.0
28.5,95.0,155.0,135.0,97.0,1.0
28.5,95.0,155.0,135.0,97.0,1.0
28.5,95.0,155.0,135.0,97.0,1.0
28.5,95.0,155.0,135.0,97.0,1.0
28.5,95.0,155.0,135.0,97.0,1.0
28.5,95.0,155.0,135.0,97.0,1.0
28.5,95.0,155.0,135.0,97.0,1.0
28.5,95.0,155.0,135.0,97.0,1.0
28.5,95.0,155.0,135.0,97.0,1.0
28.5,95.0,155.0,135.0,97.0,1.0
28.5,95.0,155.0,135.0,97.0,1.0
28.5,95.0,155.0,135.0,97.0,1.0
28.5,95.0,155.0,135.0,97.0,1.0
28.5,95.0,155.0,135.0,97.0,1.0
28.5,95.0,155.0,135.0,97.0,1.0
28.5,95.0,155.0,135.0,97.0,1.0
28.5,95.0,155.0,135.0,97.0,1.0
28.5,95.0,155.0,135.0,97.0,1.0
28.5,95.0,155.0,135.0,97.0,1.0
28.5,95.0,155.0,135.0,97.0,1.0
28.5,95.0,155.0,135.0,97.0,1.0
28.5,95.0,155.0,135.0,97.0,1.0
28.5,95.0,155.0,135.0,97.0,1.0
28.5,95.0,155.0,135.0,97.0,1.0
28.5,95.0,155.0,135.0,97.0,1.0
28.5,95.0,155.0,135.0,97.0,1.0
28.5,95.0,155.0,135.0,97.0,1.0
28.5,95.0,155.0,135.0,97.0,1.0
28.5,95.0,155.0,135.0,97.0,1.0
28.5,81.0,155.0,135.0,97.0,1.0
28.5,10.0,155.0,135.0,97.0,1.0
28.5,10.0,155.0,135.0,97.0,1.0
28.5,10.0,155.0,135.0,97.0,1.0
28.5,10.0,155.0,135.0,97.0,1.0
28.5,10.0,155.0,135.0,97.0,1.0
28.5,10.0,155.0,135.0,97.0,1.0
28.5,10.0,155.0,135.0,97.0,1.0
28.5,10.0,155.0,135.0,97.0,1.0
28.5,10.0,155.0,135.0,97.0,1.0
28.5,95.0,155.0,135.0,97.0,1.0
28.5,95.0,155.0,135.0,97.0,1.0
28.5,95.0,155.0,135.0,97.0,1.0
28.5,95.0,155.0,135.0,97.0,1.0
28.5,95.0,155.0,135.0,97.0,1.0
28.5,95.0,155.0,135.0,97.0,1.0
28.5,95.0,155.0,135.0,97.0,1.0
28.5,95.0,155.0,135.0,97.0,1.0
28.5,95.0,155.0,135.0,97.0,1.0
28.5,95.0,155.0,135.0,97.0,1.0
28.5,95.0,155.0,135.0,97.0,1.0
28.5,95.0,155.0,135.0,97.0,1.0
28.5,95.0,155.0,135.0,97.0,1.0
28.5,95.0,155.0,135.0,97.0,1.0
28.5,95.0,155.0,135.0,97.0,1.0
28.5,95.0,155.0,135.0,97.0,1.0
28.5,95.0,155.0,135.0,97.0,1.0
28.5,95.0,155.0,135.0,97.0,1.0
28.5,95.0,155.0,135.0,97.0,1.0
28.5,95.0,155.0,135.0,97.0,1.0
28.5,95.0,155.0,135.0,97.0,1.0
28.5,95.0,155.0,135.0,97.0,1.0
28.5,95.0,155.0,135.0,97.0,1.0
28.5,95.0,155.0,135.0,97.0,1.0
28.5,95.0,155.0,135.0,97.0,1.0
28.5,95.0,155.0,135.0,97.0,1.0
28.5,95.0,155.0,135.0,97.0,1.0
28.5,95.0,155.0,135.0,97.0,1.0
28.5,95.0,155.0,135.0,97.0,1.0
28.5,95.0,155.0,135.0,97.0,1.0
28.5,95.0,155.0,135.0,97.0,1.0
28.5,95.0,155.0,135.0,97.0,1.0
28.5,95.0,155.0,135.0,97.0,1.0
28.5,95.0,155.0,135.0,97.0,1.0
28.5,95.0,155.0,135.0,97.0,1.0
28.5,95.0,155.0,135.0,97.0,1.0
28.5,95.0,155.0,135.0,97.0,1.0
28.5,95.0,155.0,135.0,97.0,1.0
28.5,95.0,155.0,135.0,97.0,1.0
28.5,95.0,155.0,135.0,97.0,1.0
28.5,95.0,155.0,135.0,97.0,1.0
28.5,95.0,155.0,135.0,97.0,1.0
28.5,95.0,155.0,135.0,97.0,1.0
28.5,95.0,155.0,135.0,97.0,1.0
28.5,95.0,155.0,135.0,97.0,1.0
28.5,95.0,155.0,135.0,97.0,1.0
28.5,95.0,155.0,135.0,97.0,1.0
28.5,95.0,155.0,135.0,97.0,1.0
28.5,95.0,155.0,135.0,97.0,1.0
28.5,95.0,155.0,135.0,97.0,1.0
28.5,95.0,155.0,135.0,97.0,1.0
28.5,95.0,155.0,135.0,97.0,1.0
28.5,95.0,155.0,135.0,97.0,1.0
28.5,95.0,155.0,135.0,97.0,1.0
28.5,95.0,155.0,135.0,97.0,1.0
28.5,95.0,155.0,135.0,97.0,1.0
28.5,95.0,155.0,135.0,97.0,1.0
28.5,95.0,155.0,135.0,97.0,1.0
28.5,95.0,155.0,135.0,97.0,1.0
28.5,95.0,155.0,135.0,97.0,1.0
28.5,95.0,155.0,135.0,97.0,1.0
28.5,99.0,155.0,135.0,97.0,1.0
28.5,99.0,155.0,135.0,97.0,1.0
28.5,99.0,155.0,135.0,97.0,1.0
28.5,99.0,155.0,135.0,97.0,1.0
28.5,99.0,155.0,135.0,97.0,1.0
28.5,99.0,155.0,135.0,97.0,1.0
28.5,99.0,155.0,135.0,97.0,1.0
28.5,99.0,155.0,135.0,97.0,1.0
28.5,99.0,155.0,135.0,97.0,1.0
28.5,99.0,155.0,135.0,97.0,1.0
28.5,99.0,155.0,135.0,97.0,1.0
28.5,99.0,155.0,135.0,97.0,1.0
28.5,99.0,155.0,135.0,97.0,1.0
28.5,99.0,155.0,135.0,97.0,1.0
28.5,99.0,155.0,135.0,97.0,1.0
28.5,99.0,155.0,135.0,97.0,1.0
28.5,99.0,155.0,135.0,97.0,1.0
28.5,99.0,155.0,135.0,97.0,1.0
28.5,99.0,155.0,135.0,97.0,1.0
28.5,95.0,155.0,135.0,97.0,1.0
28.5,95.0,155.0,135.0,97.0,1.0
28.5,95.0,155.0,135.0,97.0,1.0
28.5,95.0,155.0,135.0,97.0,1.0
28.5,95.0,155.0,135.0,97.0,1.0
28.5,95.0,155.0,135.0,97.0,1.0
28.5,95.0,155.0,135.0,97.0,1.0
28.5,95.0,155.0,135.0,97.0,1.0
28.5,95.0,155.0,135.0,97.0,1.0
28.5,95.0,155.0,135.0,97.0,1.0
28.5,95.0,155.0,135.0,97.0,1.0
28.5,99.0,155.0,135.0,97.0,1.0
28.5,95.0,155.0,135.0,97.0,1.0
28.5,95.0,155.0,135.0,97.0,1.0
28.5,95.0,155.0,135.0,97.0,1.0
28.5,96.0,155.0,135.0,97.0,1.0
28.5,96.0,155.0,135.0,97.0,1.0
28.5,96.0,155.0,135.0,97.0,1.0
28.5,96.0,155.0,135.0,97.0,1.0
28.5,96.0,155.0,135.0,97.0,1.0
28.5,96.0,155.0,135.0,97.0,1.0
28.5,96.0,155.0,135.0,97.0,1.0
28.5,96.0,155.0,135.0,97.0,1.0
28.5,96.0,155.0,135.0,97.0,1.0
28.5,96.0,155.0,135.0,97.0,1.0
28.5,96.0,155.0,135.0,97.0,1.0
28.5,96.0,155.0,135.0,97.0,1.0
28.5,96.0,155.0,135.0,97.0,1.0
28.5,96.0,155.0,135.0,97.0,1.0
28.5,96.0,155.0,135.0,97.0,1.0
28.5,99.0,155.0,135.0,97.0,1.0
28.5,99.0,155.0,135.0,97.0,1.0
28.5,99.0,155.0,135.0,97.0,1.0
28.5,99.0,155.0,135.0,97.0,1.0
28.5,99.0,155.0,135.0,97.0,1.0
28.5,99.0,155.0,135.0,97.0,1.0
28.5,99.0,155.0,135.0,97.0,1.0
28.5,99.0,155.0,135.0,97.0,1.0
28.5,95.0,155.0,135.0,97.0,1.0
28.5,95.0,155.0,135.0,97.0,1.0
28.5,95.0,155.0,135.0,97.0,1.0
28.5,95.0,155.0,135.0,97.0,1.0
28.5,95.0,155.0,135.0,97.0,1.0
28.5,95.0,155.0,135.0,97.0,1.0
28.5,95.0,155.0,135.0,97.0,1.0
28.5,95.0,155.0,135.0,97.0,1.0
28.5,95.0,155.0,135.0,97.0,1.0
28.5,95.0,155.0,135.0,97.0,1.0
28.5,95.0,155.0,135.0,97.0,1.0
28.5,95.0,155.0,135.0,97.0,1.0
28.5,95.0,155.0,135.0,97.0,1.0
28.5,95.0,155.0,135.0,97.0,1.0
28.5,95.0,155.0,135.0,97.0,1.0
28.5,95.0,155.0,135.0,97.0,1.0
28.5,95.0,155.0,135.0,97.0,1.0
28.5,95.0,155.0,135.0,97.0,1.0
28.5,94.0,155.0,135.0,97.0,1.0
28.5,95.0,155.0,135.0,97.0,1.0
28.5,95.0,155.0,135.0,97.0,1.0
28.5,95.0,155.0,135.0,97.0,1.0
28.5,96.0,155.0,135.0,97.0,1.0
28.5,96.0,155.0,135.0,97.0,1.0
28.5,96.0,155.0,135.0,97.0,1.0
28.5,94.0,155.0,135.0,97.0,1.0
28.5,94.0,155.0,135.0,97.0,1.0
28.5,94.0,155.0,135.0,97.0,1.0
28.5,94.0,155.0,135.0,97.0,1.0
28.5,94.0,155.0,135.0,97.0,1.0
28.5,94.0,155.0,135.0,97.0,1.0
28.5,94.0,155.0,135.0,97.0,1.0
28.5,96.0,155.0,135.0,97.0,1.0
28.5,95.0,155.0,135.0,97.0,1.0
28.5,95.0,155.0,135.0,97.0,1.0
28.5,92.0,155.0,135.0,97.0,1.0
28.5,94.0,155.0,135.0,97.0,1.0
28.5,91.0,155.0,135.0,97.0,1.0
28.5,92.0,155.0,135.0,97.0,1.0
28.5,92.0,155.0,135.0,97.0,1.0
28.5,92.0,155.0,135.0,97.0,1.0
28.5,92.0,155.0,135.0,97.0,1.0
28.5,92.0,155.0,135.0,97.0,1.0
28.5,92.0,155.0,135.0,97.0,1.0
28.5,92.0,155.0,135.0,97.0,1.0
28.5,92.0,155.0,135.0,97.0,1.0
28.5,94.0,155.0,135.0,97.0,1.0
28.5,94.0,155.0,135.0,97.0,1.0
28.5,94.0,155.0,135.0,97.0,1.0
28.5,94.0,155.0,135.0,97.0,1.0
28.5,94.0,155.0,135.0,97.0,1.0
28.5,94.0,155.0,135.0,97.0,1.0
28.5,94.0,155.0,135.0,97.0,1.0
28.5,94.0,155.0,135.0,97.0,1.0
28.5,94.0,155.0,135.0,97.0,1.0
28.5,94.0,155.0,135.0,97.0,1.0
28.5,94.0,155.0,135.0,97.0,1.0
28.5,94.0,155.0,135.0,97.0,1.0
28.5,94.0,155.0,135.0,97.0,1.0
28.5,94.0,155.0,135.0,97.0,1.0
28.5,94.0,155.0,135.0,97.0,1.0
28.5,94.0,155.0,135.0,97.0,1.0
28.5,94.0,155.0,135.0,97.0,1.0
28.5,94.0,155.0,135.0,97.0,1.0
28.5,94.0,155.0,135.0,97.0,1.0
28.5,94.0,155.0,135.0,97.0,1.0
28.5,94.0,155.0,135.0,97.0,1.0
28.5,94.0,155.0,135.0,97.0,1.0
28.5,94.0,155.0,135.0,97.0,1.0
28.5,94.0,155.0,135.0,97.0,1.0
28.5,94.0,155.0,135.0,97.0,1.0
28.5,94.0,155.0,135.0,97.0,1.0
28.5,94.0,155.0,135.0,97.0,1.0
28.5,94.0,155.0,135.0,97.0,1.0
28.5,94.0,155.0,135.0,97.0,1.0
28.5,94.0,155.0,135.0,97.0,1.0
28.5,94.0,155.0,135.0,97.0,1.0
28.5,94.0,155.0,135.0,97.0,1.0
28.5,94.0,155.0,135.0,97.0,1.0
28.5,94.0,155.0,135.0,97.0,1.0
28.5,94.0,155.0,135.0,97.0,1.0
28.5,94.0,155.0,135.0,97.0,1.0
28.5,94.0,155.0,135.0,97.0,1.0
28.5,94.0,155.0,135.0,97.0,1.0
28.5,94.0,155.0,135.0,97.0,1.0
28.5,94.0,155.0,135.0,97.0,1.0
28.5,94.0,155.0,135.0,97.0,1.0
28.5,94.0,155.0,135.0,97.0,1.0
28.5,94.0,155.0,135.0,97.0,1.0
28.5,94.0,155.0,135.0,97.0,1.0
28.5,94.0,155.0,135.0,97.0,1.0
28.5,94.0,155.0,135.0,97.0,1.0
28.5,94.0,155.0,135.0,97.0,1.0
28.5,94.0,155.0,135.0,97.0,1.0
28.5,94.0,155.0,135.0,97.0,1.0
28.5,94.0,155.0,135.0,97.0,1.0
28.5,94.0,155.0,135.0,97.0,1.0
28.5,94.0,155.0,135.0,97.0,1.0
28.5,94.0,155.0,135.0,97.0,1.0
28.5,94.0,155.0,135.0,97.0,1.0
28.5,94.0,155.0,135.0,97.0,1.0
28.5,94.0,155.0,135.0,97.0,1.0
28.5,94.0,155.0,135.0,97.0,1.0
28.5,94.0,155.0,135.0,97.0,1.0
28.5,94.0,155.0,135.0,97.0,1.0
28.5,94.0,155.0,135.0,97.0,1.0
28.5,94.0,155.0,135.0,97.0,1.0
28.5,94.0,155.0,135.0,97.0,1.0
28.5,94.0,155.0,135.0,97.0,1.0
28.5,94.0,155.0,135.0,97.0,1.0
28.5,94.0,155.0,135.0,97.0,1.0
28.5,94.0,155.0,135.0,97.0,1.0
28.5,94.0,155.0,135.0,97.0,1.0
28.5,94.0,155.0,135.0,97.0,1.0
28.5,94.0,155.0,135.0,97.0,1.0
28.5,94.0,155.0,135.0,97.0,1.0
28.5,94.0,155.0,135.0,97.0,1.0
28.5,94.0,155.0,135.0,97.0,1.0
28.5,94.0,155.0,135.0,97.0,1.0
28.5,94.0,155.0,135.0,97.0,1.0
28.5,94.0,155.0,135.0,97.0,1.0
28.5,94.0,155.0,135.0,97.0,1.0
28.5,93.99438202247191,155.0,135.0,97.0,1.0
28.5,93.98876404494382,155.0,135.0,97.0,1.0
28.5,93.98314606741573,155.0,135.0,97.0,1.0
28.5,93.97752808988764,155.0,135.0,97.0,1.0
28.5,93.97191011235955,155.0,135.0,97.0,1.0
28.5,93.96629213483146,155.0,135.0,97.0,1.0
28.5,93.96067415730337,155.0,135.0,97.0,1.0
28.5,93.95505617977528,155.0,135.0,97.0,1.0
28.5,93.9494382022472,155.0,135.0,97.0,1.0
28.5,93.9438202247191,155.0,135.0,97.0,1.0
28.5,93.93820224719101,155.0,135.0,97.0,1.0
28.5,93.93258426966293,155.0,135.0,97.0,1.0
28.5,93.92696629213484,155.0,135.0,97.0,1.0
28.5,93.92134831460675,155.0,135.0,97.0,1.0
28.5,93.91573033707866,155.0,135.0,97.0,1.0
28.5,93.91011235955057,155.0,135.0,97.0,1.0
28.5,93.90449438202248,155.0,135.0,97.0,1.0
28.5,93.89887640449439,155.0,135.0,97.0,1.0
28.5,93.8932584269663,155.0,135.0,97.0,1.0
28.5,93.88764044943821,155.0,135.0,97.0,1.0
28.5,93.88202247191012,155.0,135.0,97.0,1.0
28.5,93.87640449438203,155.0,135.0,97.0,1.0
28.5,93.87078651685393,155.0,135.0,97.0,1.0
28.5,93.86516853932584,155.0,135.0,97.0,1.0
28.5,93.85955056179775,155.0,135.0,97.0,1.0
28.5,93.85393258426966,155.0,135.0,97.0,1.0
28.5,93.84831460674157,155.0,135.0,97.0,1.0
28.5,93.84269662921348,155.0,135.0,97.0,1.0
28.5,93.83707865168539,155.0,135.0,97.0,1.0
28.5,93.8314606741573,155.0,135.0,97.0,1.0
28.5,93.82584269662921,155.0,135.0,97.0,1.0
28.5,93.82022471910112,155.0,135.0,97.0,1.0
28.5,93.81460674157303,155.0,135.0,97.0,1.0
28.5,93.80898876404494,155.0,135.0,97.0,1.0
28.5,93.80337078651685,155.0,135.0,97.0,1.0
28.5,93.79775280898876,155.0,135.0,97.0,1.0
28.5,93.79213483146067,155.0,135.0,97.0,1.0
28.5,93.78651685393258,155.0,135.0,97.0,1.0
28.5,93.78089887640449,155.0,135.0,97.0,1.0
28.5,93.7752808988764,155.0,135.0,97.0,1.0
28.5,93.76966292134831,155.0,135.0,97.0,1.0
28.5,93.76404494382022,155.0,135.0,97.0,1.0
28.5,93.75842696629213,155.0,135.0,97.0,1.0
28.5,93.75280898876404,155.0,135.0,97.0,1.0
28.5,93.74719101123596,155.0,135.0,97.0,1.0
28.5,93.74157303370787,155.0,135.0,97.0,1.0
28.5,93.73595505617978,155.0,135.0,97.0,1.0
28.5,93.73033707865169,155.0,135.0,97.0,1.0
28.5,93.7247191011236,155.0,135.0,97.0,1.0
28.5,93.71910112359551,155.0,135.0,97.0,1.0
28.5,93.71348314606742,155.0,135.0,97.0,1.0
28.5,93.70786516853933,155.0,135.0,97.0,1.0
28.5,93.70224719101124,155.0,135.0,97.0,1.0
28.5,93.69662921348315,155.0,135.0,97.0,1.0
28.5,93.69101123595506,155.0,135.0,97.0,1.0
28.5,93.68539325842697,155.0,135.0,97.0,1.0
28.5,93.67977528089888,155.0,135.0,97.0,1.0
28.5,93.67415730337079,155.0,135.0,97.0,1.0
28.5,93.6685393258427,155.0,135.0,97.0,1.0
28.5,93.66292134831461,155.0,135.0,97.0,1.0
28.5,93.65730337078652,155.0,135.0,97.0,1.0
28.5,93.65168539325843,155.0,135.0,97.0,1.0
28.5,93.64606741573034,155.0,135.0,97.0,1.0
28.5,93.64044943820225,155.0,135.0,97.0,1.0
28.5,93.63483146067416,155.0,135.0,97.0,1.0
28.5,93.62921348314607,155.0,135.0,97.0,1.0
28.5,93.62359550561797,155.0,135.0,97.0,1.0
28.5,93.61797752808988,155.0,135.0,97.0,1.0
28.5,93.61235955056179,155.0,135.0,97.0,1.0
28.5,93.6067415730337,155.0,135.0,97.0,1.0
28.5,93.60112359550561,155.0,135.0,97.0,1.0
28.5,93.59550561797752,155.0,135.0,97.0,1.0
28.5,93.58988764044943,155.0,135.0,97.0,1.0
28.5,93.58426966292134,155.0,135.0,97.0,1.0
28.5,93.57865168539325,155.0,135.0,97.0,1.0
28.5,93.57303370786516,155.0,135.0,97.0,1.0
28.5,93.56741573033707,155.0,135.0,97.0,1.0
28.5,93.56179775280899,155.0,135.0,97.0,1.0
28.5,93.5561797752809,155.0,135.0,97.0,1.0
28.5,93.5505617977528,155.0,135.0,97.0,1.0
28.5,93.54494382022472,155.0,135.0,97.0,1.0
28.5,93.53932584269663,155.0,135.0,97.0,1.0
28.5,93.53370786516854,155.0,135.0,97.0,1.0
28.5,93.52808988764045,155.0,135.0,97.0,1.0
28.5,93.52247191011236,155.0,135.0,97.0,1.0
28.5,93.51685393258427,155.0,135.0,97.0,1.0
28.5,93.51123595505618,155.0,135.0,97.0,1.0
28.5,93.50561797752809,155.0,135.0,97.0,1.0
28.5,93.5,155.0,135.0,97.0,1.0
28.5,93.49438202247191,155.0,135.0,97.0,1.0
28.5,93.48876404494382,155.0,135.0,97.0,1.0
28.5,93.48314606741573,155.0,135.0,97.0,1.0
28.5,93.47752808988764,155.0,135.0,97.0,1.0
28.5,93.47191011235955,155.0,135.0,97.0,1.0
28.5,93.46629213483146,155.0,135.0,97.0,1.0
28.5,93.46067415730337,155.0,135.0,97.0,1.0
28.5,93.45505617977528,155.0,135.0,97.0,1.0
28.5,93.4494382022472,155.0,135.0,97.0,1.0
28.5,93.4438202247191,155.0,135.0,97.0,1.0
28.5,93.43820224719101,155.0,135.0,97.0,1.0
28.5,93.43258426966293,155.0,135.0,97.0,1.0
28.5,93.42696629213484,155.0,135.0,97.0,1.0
28.5,93.42134831460675,155.0,135.0,97.0,1.0
28.5,93.41573033707866,155.0,135.0,97.0,1.0
28.5,93.41011235955057,155.0,135.0,97.0,1.0
28.5,93.40449438202248,155.0,135.0,97.0,1.0
28.5,93.39887640449439,155.0,135.0,97.0,1.0
28.5,93.3932584269663,155.0,135.0,97.0,1.0
28.5,93.38764044943821,155.0,135.0,97.0,1.0
28.5,93.38202247191012,155.0,135.0,97.0,1.0
28.5,93.37640449438203,155.0,135.0,97.0,1.0
28.5,93.37078651685393,155.0,135.0,97.0,1.0
28.5,93.36516853932584,155.0,135.0,97.0,1.0
28.5,93.35955056179775,155.0,135.0,97.0,1.0
28.5,93.35393258426966,155.0,135.0,97.0,1.0
28.5,93.34831460674157,155.0,135.0,97.0,1.0
28.5,93.34269662921348,155.0,135.0,97.0,1.0
28.5,93.33707865168539,155.0,135.0,97.0,1.0
28.5,93.3314606741573,155.0,135.0,97.0,1.0
28.5,93.32584269662921,155.0,135.0,97.0,1.0
28.5,93.32022471910112,155.0,135.0,97.0,1.0
28.5,93.31460674157303,155.0,135.0,97.0,1.0
28.5,93.30898876404494,155.0,135.0,97.0,1.0
28.5,93.30337078651685,155.0,135.0,97.0,1.0
28.5,93.29775280898876,155.0,135.0,97.0,1.0
28.5,93.29213483146067,155.0,135.0,97.0,1.0
28.5,93.28651685393258,155.0,135.0,97.0,1.0
28.5,93.28089887640449,155.0,135.0,97.0,1.0
28.5,93.2752808988764,155.0,135.0,97.0,1.0
28.5,93.26966292134831,155.0,135.0,97.0,1.0
28.5,93.26404494382022,155.0,135.0,97.0,1.0
28.5,93.25842696629213,155.0,135.0,97.0,1.0
28.5,93.25280898876404,155.0,135.0,97.0,1.0
28.5,93.24719101123596,155.0,135.0,97.0,1.0
28.5,93.24157303370787,155.0,135.0,97.0,1.0
28.5,93.23595505617978,155.0,135.0,97.0,1.0
28.5,93.23033707865169,155.0,135.0,97.0,1.0
28.5,93.2247191011236,155.0,135.0,97.0,1.0
28.5,93.21910112359551,155.0,135.0,97.0,1.0
28.5,93.21348314606742,155.0,135.0,97.0,1.0
28.5,93.20786516853933,155.0,135.0,97.0,1.0
28.5,93.20224719101124,155.0,135.0,97.0,1.0
28.469444444444445,93.19662921348315,155.0,135.0,97.0,1.0
28.43888888888889,93.19101123595506,155.0,135.0,97.0,1.0
28.40833333333333,93.18539325842697,155.0,135.0,97.0,1.0
28.377777777777776,93.17977528089888,155.0,135.0,97.0,1.0
28.34722222222222,93.17415730337079,155.0,135.0,97.0,1.0
28.316666666666666,93.1685393258427,155.0,135.0,97.0,1.0
28.28611111111111,93.16292134831461,155.0,135.0,97.0,1.0
28.255555555555556,93.15730337078652,155.0,135.0,97.0,1.0
28.225,93.15168539325843,155.0,135.0,97.0,1.0
28.194444444444443,93.14606741573034,155.0,135.0,97.0,1.0
28.163888888888888,93.14044943820225,155.0,135.0,97.0,1.0
28.133333333333333,93.13483146067416,155.0,135.0,97.0,1.0
28.102777777777778,93.12921348314607,155.0,135.0,97.0,1.0
28.072222222222223,93.12359550561797,155.0,135.0,97.0,1.0
28.041666666666664,93.11797752808988,155.0,135.0,97.0,1.0
28.01111111111111,93.11235955056179,155.0,135.0,97.0,1.0
27.980555555555554,93.1067415730337,155.0,135.0,97.0,1.0
27.95,93.10112359550561,155.0,135.0,97.0,1.0
27.919444444444444,93.09550561797752,155.0,135.0,97.0,1.0
27.88888888888889,93.08988764044943,155.0,135.0,97.0,1.0
27.858333333333334,93.08426966292134,155.0,135.0,97.0,1.0
27.827777777777776,93.07865168539325,155.0,135.0,97.0,1.0
27.79722222222222,93.07303370786516,155.0,135.0,97.0,1.0
27.766666666666666,93.06741573033707,155.0,135.0,97.0,1.0
27.73611111111111,93.06179775280899,155.0,135.0,97.0,1.0
27.705555555555556,93.0561797752809,155.0,135.0,97.0,1.0
27.674999999999997,93.0505617977528,155.0,135.0,97.0,1.0
27.644444444444442,93.04494382022472,155.0,135.0,97.0,1.0
27.613888888888887,93.03932584269663,155.0,135.0,97.0,1.0
27.583333333333332,93.03370786516854,155.0,135.0,97.0,1.0
27.552777777777777,93.02808988764045,155.0,135.0,97.0,1.0
27.522222222222222,93.02247191011236,155.0,135.0,97.0,1.0
27.491666666666667,93.01685393258427,155.0,135.0,97.0,1.0
27.46111111111111,93.01123595505618,155.0,135.0,97.0,1.0
27.430555555555554,93.00561797752809,155.0,135.0,97.0,0.0
27.4,93.0,195.0,193.0,193.0,1.0
27.4,93.0,174.0,158.5,150.5,1.0
27.4,95.0,161.0,152.5,141.0,1.0
27.4,97.0,174.0,152.5,183.0,1.0
27.4,95.0,159.0,173.5,184.0,1.0
27.4,99.0,158.0,172.0,156.0,1.0
27.4,99.0,173.0,194.5,186.5,1.0
27.4,99.0,149.5,169.0,156.5,1.0
27.4,99.0,175.0,168.0,175.5,1.0
27.4,99.0,156.0,166.0,178.5,1.0
27.4,99.0,168.0,190.0,176.0,1.0
27.4,99.0,155.0,177.0,193.0,1.0
27.4,99.0,165.5,158.5,154.5,1.0
27.4,99.0,150.5,162.5,153.5,1.0
27.4,99.0,163.5,156.0,161.5,1.0
27.4,99.0,164.0,182.0,166.0,1.0
27.4,99.0,159.5,169.0,164.5,1.0
27.4,99.0,160.0,147.5,171.0,1.0
27.4,99.0,152.5,200.5,161.0,1.0
27.4,99.0,159.5,168.0,185.0,1.0
27.4,99.0,157.5,163.0,168.0,1.0
27.4,99.0,162.0,148.0,166.5,1.0
27.4,99.0,172.0,175.0,159.0,1.0
27.4,99.0,145.5,191.5,154.5,1.0
27.4,99.0,151.5,155.5,178.0,1.0
27.4,99.0,161.0,144.5,157.5,1.0
27.4,99.0,156.0,174.0,168.0,1.0
27.4,98.0,175.5,149.0,175.0,1.0
27.4,98.0,154.0,188.0,170.0,1.0
27.4,99.0,150.0,143.5,186.5,1.0
27.4,96.0,170.0,167.5,177.5,1.0
27.4,94.0,149.0,160.0,154.5,1.0
27.4,95.0,174.0,180.5,164.0,1.0
27.4,96.0,164.0,157.5,175.0,1.0
27.4,97.0,158.0,172.5,169.5,1.0
27.4,95.0,163.5,180.5,165.5,1.0
27.4,98.0,160.5,169.5,179.5,1.0
27.4,98.0,158.5,172.0,164.5,1.0
27.4,94.0,170.0,159.0,151.5,1.0
27.4,94.0,159.0,158.5,158.5,1.0
27.4,94.0,150.0,169.0,163.5,1.0
27.4,94.0,157.0,172.0,162.5,1.0
27.4,93.0,170.0,169.0,176.0,1.0
27.4,93.0,167.5,177.5,161.5,1.0
27.4,95.0,153.0,174.5,176.0,1.0
27.4,98.0,179.0,181.5,166.0,1.0
27.4,98.0,154.5,173.5,184.5,1.0
27.4,96.0,153.5,164.0,151.0,1.0
27.4,97.0,163.0,162.5,192.5,1.0
27.4,94.0,158.0,161.5,163.5,1.0
27.4,95.0,170.0,174.0,149.0,1.0
27.4,96.0,147.5,174.5,171.5,1.0
27.4,95.0,186.5,162.0,194.5,1.0
27.4,94.0,144.5,194.0,166.0,1.0
27.4,94.0,145.0,170.5,192.0,1.0
27.4,93.0,158.0,174.5,179.0,1.0
27.4,99.0,174.0,171.0,176.5,1.0
27.4,96.0,177.5,188.5,187.0,1.0
27.4,99.0,166.0,169.5,174.0,1.0
27.4,94.0,173.5,175.0,184.5,1.0
27.4,95.0,176.0,171.0,181.0,1.0
27.4,93.0,156.0,169.0,169.5,1.0
27.4,94.0,157.5,161.0,165.0,1.0
27.4,98.0,195.0,164.0,182.0,1.0
27.4,94.0,149.5,169.0,164.0,1.0
27.4,96.0,152.5,192.0,157.0,1.0
27.4,97.0,182.5,153.5,148.5,1.0
27.4,97.0,163.5,190.0,161.5,1.0
27.4,97.0,170.5,163.0,173.5,1.0
27.4,98.0,167.5,175.0,161.5,1.0
27.4,95.0,163.0,174.0,176.0,1.0
27.4,95.0,156.0,164.5,186.5,1.0
27.4,96.0,171.0,170.0,160.5,1.0
27.4,97.0,160.5,178.0,167.5,1.0
27.4,97.0,176.5,177.0,173.5,1.0
27.4,97.0,194.0,156.5,186.0,1.0
27.4,94.0,171.0,166.5,159.5,1.0
27.4,97.0,161.5,186.0,180.5,1.0
27.4,96.0,178.0,170.0,160.0,1.0
27.4,98.0,151.5,160.5,189.0,1.0
27.4,94.0,184.5,172.5,188.0,1.0
27.4,96.0,158.0,181.0,163.5,1.0
27.4,98.0,176.5,188.5,188.0,1.0
27.4,98.0,181.5,147.0,171.5,1.0
27.4,94.0,171.5,160.5,165.5,1.0
27.4,98.0,187.5,190.0,162.5,1.0
27.4,97.0,140.5,172.5,157.0,1.0
27.4,95.0,165.0,170.0,167.0,1.0
27.4,97.0,181.0,177.0,182.0,1.0
27.4,96.0,163.5,155.0,168.0,1.0
27.4,99.0,159.0,181.0,171.0,1.0
27.4,97.0,155.0,167.0,158.5,1.0
27.4,93.0,172.5,161.5,162.5,1.0
27.4,96.0,184.5,184.5,164.5,1.0
27.4,93.0,166.5,170.0,164.0,1.0
27.4,96.0,156.0,168.0,163.0,1.0
27.4,98.0,160.5,167.0,153.5,1.0
27.4,94.0,175.0,182.0,177.0,1.0
27.4,95.0,177.0,151.5,187.5,1.0
27.4,94.0,172.0,198.0,164.5,1.0
27.4,98.0,172.0,173.5,189.0,1.0
27.4,98.0,170.5,150.0,152.0,1.0
27.4,96.0,147.0,167.5,170.0,1.0
28.1,96.0,173.5,167.0,150.0,1.0
28.1,93.0,148.0,177.5,191.0,1.0
28.1,93.0,169.5,173.5,190.0,1.0
28.1,98.0,184.0,150.0,199.0,1.0
28.1,94.0,152.5,183.5,168.0,1.0
28.1,98.0,171.5,150.5,165.0,1.0
28.1,96.0,170.0,186.0,176.0,1.0
28.1,93.0,152.0,185.5,167.5,1.0
28.1,98.0,182.0,171.0,163.5,1.0
28.1,96.0,165.0,183.5,144.0,1.0
28.1,97.0,167.0,187.0,183.0,1.0
28.1,98.0,172.0,143.5,174.5,1.0
28.1,94.0,147.5,151.5,170.0,1.0
28.1,99.0,160.0,183.0,148.5,1.0
28.1,95.0,193.5,151.0,178.0,1.0
28.1,99.0,178.5,170.5,156.5,1.0
28.1,93.0,173.0,192.0,172.5,1.0
28.1,98.0,176.5,177.5,170.0,1.0
28.1,93.0,188.0,167.5,173.0,1.0
28.1,99.0,181.5,159.5,163.5,1.0
28.1,94.0,167.0,168.5,168.0,1.0
30.1,99.0,145.0,177.0,184.0,1.0
30.1,98.0,154.0,176.0,171.0,1.0
30.1,99.0,192.5,155.5,155.5,1.0
30.1,98.0,170.0,164.5,170.5,1.0
30.1,96.0,157.0,144.5,165.5,1.0
30.1,96.0,166.0,172.0,160.5,1.0
30.1,94.0,178.5,182.5,176.0,1.0
30.1,99.0,173.0,171.0,180.5,1.0
30.1,94.0,163.0,176.5,182.0,1.0
30.1,97.0,170.0,164.5,170.5,1.0
30.1,98.0,167.5,168.0,169.5,1.0
30.1,99.0,178.0,151.5,146.0,1.0
30.1,99.0,152.0,172.5,190.5,1.0
30.1,99.0,156.0,161.5,153.5,1.0
30.1,99.0,176.5,187.5,170.5,1.0
30.1,99.0,171.0,197.0,157.5,1.0
30.1,99.0,181.5,178.5,152.5,1.0
30.1,99.0,175.5,173.0,172.5,1.0
30.1,99.0,182.0,157.0,158.5,1.0
30.1,99.0,175.5,160.0,196.0,1.0
30.1,99.0,170.0,191.5,175.5,1.0
30.1,99.0,155.5,179.0,156.0,1.0
30.1,99.0,151.0,165.0,167.5,1.0
30.1,99.0,171.5,170.5,182.0,1.0
30.1,93.0,167.0,186.5,177.0,1.0
34.6,99.0,179.0,159.0,146.0,1.0
34.6,97.0,183.5,175.5,181.0,1.0
34.6,96.0,171.5,184.0,158.5,1.0
34.6,95.0,170.5,168.5,172.5,1.0
34.6,96.0,178.0,181.0,171.0,1.0
34.6,96.0,162.5,172.5,172.5,1.0
34.6,99.0,166.5,166.0,192.5,1.0
34.6,99.0,199.0,180.0,164.0,1.0
34.6,99.0,195.0,151.0,191.5,1.0
34.6,99.0,180.0,177.5,162.5,1.0
34.6,99.0,148.5,145.5,159.5,1.0
34.6,99.0,180.5,165.5,196.0,1.0
34.6,99.0,176.5,150.5,190.5,1.0
34.6,99.0,174.5,163.0,145.5,1.0
34.6,99.0,174.0,174.0,149.0,1.0
34.6,95.0,163.5,169.0,145.5,1.0
34.6,99.0,160.5,192.5,170.5,1.0
34.6,97.0,151.5,146.0,172.0,1.0
34.6,95.0,160.0,176.5,184.0,1.0
34.6,95.0,185.5,176.0,177.5,1.0
34.6,97.0,170.0,195.0,188.5,1.0
34.6,98.0,187.0,175.5,191.5,1.0
34.6,94.0,159.0,177.5,185.0,1.0
34.6,97.0,174.5,156.0,189.5,1.0
34.6,99.0,195.5,164.5,162.5,1.0
34.6,96.0,173.5,163.0,170.5,1.0
34.6,98.0,184.0,150.0,185.0,1.0
34.6,96.0,188.5,179.5,172.0,1.0
34.6,94.0,162.5,178.0,159.5,1.0
34.6,98.0,164.5,163.5,195.0,1.0
34.6,94.0,182.5,150.5,184.5,1.0
34.6,98.0,171.5,148.5,147.5,1.0
32.1,94.0,154.5,158.5,181.0,1.0
32.1,93.0,171.0,152.5,166.0,1.0
32.1,99.0,191.5,176.0,161.5,1.0
32.1,93.0,160.0,169.5,179.5,1.0
32.1,93.0,172.5,163.5,157.0,1.0
32.1,94.0,169.0,179.0,146.5,1.0
32.1,96.0,163.0,189.5,175.5,1.0
32.1,97.0,154.0,172.0,169.0,1.0
32.1,95.0,161.5,146.0,167.0,1.0
32.1,98.0,150.0,167.0,184.5,1.0
32.1,96.0,155.0,186.5,164.5,1.0
32.1,93.0,169.0,165.0,165.5,1.0
32.1,95.0,155.5,165.5,176.0,1.0
32.1,97.0,157.0,171.0,179.5,1.0
32.1,94.0,161.5,157.5,155.5,1.0
32.1,99.0,176.5,169.5,169.0,1.0
32.1,96.0,181.0,180.5,150.5,1.0
32.1,96.0,186.5,184.0,172.0,1.0
32.1,94.0,172.5,175.5,169.5,1.0
32.1,96.0,171.5,176.5,160.5,1.0
32.1,98.0,163.5,176.5,154.0,1.0
32.1,99.0,200.0,177.0,191.0,1.0
32.1,99.0,163.0,151.5,173.0,1.0
32.1,99.0,184.5,172.5,168.0,1.0
32.1,96.0,150.0,147.0,170.5,1.0
32.1,99.0,189.0,188.5,148.5,1.0
32.1,98.0,188.5,180.0,171.0,1.0
31.7,99.0,152.5,162.0,167.0,1.0
31.7,94.0,189.0,179.0,159.5,1.0
31.7,97.0,164.5,154.5,176.0,1.0
31.7,96.0,174.5,152.5,152.5,1.0
31.7,93.0,161.0,148.5,168.5,1.0
31.7,96.0,167.5,141.0,184.0,1.0
31.7,98.0,171.5,179.0,164.0,1.0
31.7,97.0,169.5,170.5,159.0,1.0
31.7,93.0,158.5,172.0,176.0,1.0
31.7,96.0,147.0,172.0,180.0,1.0
31.7,94.0,186.0,186.5,162.5,1.0
31.7,96.0,176.5,187.0,161.5,1.0
31.7,98.0,147.5,169.0,149.0,1.0
31.7,96.0,175.0,162.0,144.0,1.0
31.7,93.0,182.5,144.5,158.0,1.0
31.7,93.0,182.0,179.5,176.5,1.0
31.7,96.0,142.5,178.0,180.0,1.0
31.7,95.0,178.5,181.0,161.0,1.0
31.7,94.0,162.0,173.5,187.0,1.0
31.7,94.0,153.5,168.0,171.0,1.0
31.7,96.0,179.0,186.5,174.0,1.0
31.7,97.0,176.0,161.5,170.0,1.0
31.7,98.0,165.5,168.5,185.0,1.0
31.7,98.0,174.0,180.5,154.0,1.0
31.7,95.0,177.5,169.0,184.0,1.0
31.7,96.0,160.5,175.5,169.0,1.0
31.7,97.0,152.0,175.0,161.5,1.0
31.7,98.0,146.5,175.0,169.5,1.0
31.7,96.0,173.0,164.5,168.0,1.0
31.7,99.0,158.0,183.5,155.0,1.0
31.7,94.0,195.5,180.0,191.0,1.0
31.7,99.0,161.5,179.0,151.0,1.0
31.7,99.0,160.0,193.5,144.0,1.0
31.7,99.0,160.5,179.5,198.5,1.0
31.7,99.0,165.0,190.5,164.5,1.0
31.7,99.0,148.0,154.5,176.0,1.0
31.7,99.0,185.0,150.5,174.5,1.0
31.7,99.0,170.5,190.0,178.0,1.0
32.1,99.0,161.5,192.5,184.5,1.0
32.1,99.0,165.5,171.5,171.0,1.0
32.1,99.0,177.0,172.5,163.0,1.0
32.1,99.0,165.5,159.0,166.5,1.0
32.1,99.0,163.5,151.5,177.5,1.0
32.1,99.0,150.0,186.5,165.5,1.0
32.1,99.0,171.0,171.5,175.0,1.0
32.1,99.0,184.0,172.5,176.0,1.0
32.1,99.0,172.0,179.0,174.0,1.0
32.1,99.0,183.5,164.0,181.5,1.0
32.1,99.0,160.0,178.0,155.5,1.0
32.1,99.0,170.0,188.0,185.5,1.0
32.1,99.0,157.5,162.5,152.5,1.0
32.1,99.0,181.0,165.5,173.0,1.0
32.1,99.0,150.0,188.5,158.0,1.0
32.1,99.0,154.5,168.0,161.5,1.0
32.1,97.0,165.0,173.5,159.0,1.0
32.1,95.0,161.0,155.0,164.5,1.0
32.1,96.0,188.5,177.0,171.0,1.0
32.1,94.0,166.5,164.5,159.5,1.0
32.1,94.0,173.0,184.0,167.5,1.0
32.1,99.0,160.0,156.5,167.0,1.0
32.1,99.0,163.0,183.0,177.5,1.0
32.1,97.0,172.5,171.0,162.0,1.0
32.1,96.0,163.0,180.5,154.5,1.0
32.1,97.0,172.0,168.5,195.0,1.0
32.1,96.0,161.0,161.0,161.5,1.0
32.1,99.0,153.0,167.5,173.0,1.0
32.1,93.0,175.0,152.5,176.0,1.0
32.1,95.0,184.0,169.5,156.5,1.0
32.1,95.0,182.5,143.0,183.5,1.0
32.1,95.0,155.0,168.5,188.5,1.0
32.1,95.0,166.0,180.0,150.5,1.0
33.3,95.0,164.5,164.5,162.0,1.0
33.3,95.0,159.5,153.0,168.0,1.0
33.3,95.0,174.5,143.0,192.5,1.0
33.3,95.0,165.5,168.5,168.5,1.0
33.3,98.0,185.0,171.0,183.0,1.0
33.3,99.0,173.0,173.5,170.5,1.0
33.3,98.0,166.0,178.0,184.0,1.0
33.3,99.0,177.5,173.0,187.5,1.0
33.3,93.0,165.0,184.0,162.5,1.0
33.3,94.0,195.0,148.5,167.5,1.0
33.3,95.0,168.5,186.0,157.5,1.0
33.3,98.0,173.0,192.5,159.5,1.0
33.3,97.0,184.5,174.5,161.0,1.0
33.3,94.0,189.0,169.0,147.0,1.0
33.3,97.0,173.5,160.5,164.5,1.0
33.3,95.0,184.0,153.0,151.5,1.0
33.3,98.0,162.5,185.0,175.0,1.0
33.3,99.0,173.0,196.0,157.0,1.0
33.3,99.0,160.0,182.0,175.5,1.0
33.3,98.0,190.5,181.5,153.5,1.0
33.3,96.0,148.0,178.0,150.0,1.0
33.3,95.0,163.0,180.0,171.5,1.0
33.3,97.0,155.0,194.5,161.5,1.0
33.3,99.0,181.5,142.5,177.5,1.0
33.3,93.0,167.0,173.0,168.5,1.0
33.3,97.0,182.0,197.0,157.5,1.0
33.3,96.0,166.0,183.0,176.0,1.0
33.3,94.0,147.0,176.5,182.5,1.0
33.3,98.0,169.5,170.0,166.5,1.0
33.3,93.0,163.5,168.0,191.5,1.0
33.3,99.0,175.0,167.5,175.5,1.0
33.3,93.0,198.0,173.5,172.5,1.0
33.3,94.0,172.5,178.0,173.0,1.0
33.3,99.0,182.0,173.5,174.0,1.0
33.3,93.0,153.0,170.5,186.0,1.0
33.3,98.0,171.0,149.0,167.0,1.0
33.3,99.0,173.5,148.5,158.0,1.0
33.3,95.0,185.5,193.0,153.0,1.0
33.3,96.0,185.0,156.5,165.0,1.0
33.3,96.0,182.5,159.5,174.0,1.0
33.3,95.0,184.0,185.0,171.5,1.0
33.3,95.0,154.5,173.0,170.0,1.0
33.3,99.0,168.5,172.5,176.5,1.0
33.3,93.0,191.5,144.5,173.5,1.0
33.3,93.0,177.5,193.5,186.0,1.0
33.3,97.0,171.5,170.5,192.5,1.0
33.3,93.0,157.0,187.0,170.0,1.0
33.3,97.0,181.0,170.5,183.5,1.0
33.3,95.0,156.0,188.5,182.5,1.0
33.3,95.0,165.5,184.5,166.0,1.0
31.9,93.0,184.5,162.0,159.0,1.0
31.9,93.0,163.5,155.0,170.5,1.0
31.9,93.0,180.5,163.5,160.5,1.0
31.9,93.0,177.5,187.5,174.5,1.0
31.9,93.0,176.0,161.0,173.0,1.0
31.9,93.0,191.5,183.0,161.0,1.0
31.9,98.0,175.0,171.0,161.0,1.0
31.9,95.0,163.5,167.0,168.0,1.0
31.9,93.0,191.5,144.5,181.5,1.0
31.9,95.0,157.5,168.5,157.5,1.0
31.9,93.0,183.5,179.0,185.0,1.0
31.9,95.0,185.5,186.5,175.5,1.0
31.9,99.0,173.0,160.0,165.5,1.0
31.9,95.0,173.0,192.5,162.5,1.0
31.9,95.0,170.0,170.0,160.0,1.0
31.9,95.0,168.5,169.5,156.0,1.0
31.9,99.0,154.0,173.5,165.0,1.0
31.9,98.0,163.0,170.0,177.5,1.0
31.9,98.0,160.5,179.0,144.5,1.0
31.9,97.0,184.5,157.0,184.0,1.0
31.9,98.0,158.0,180.0,175.0,1.0
31.9,97.0,168.0,184.5,176.0,1.0
31.9,93.0,158.5,179.5,170.5,1.0
31.9,96.0,186.0,162.5,192.0,1.0
31.9,99.0,165.0,151.0,161.5,1.0
31.9,94.0,182.5,164.5,190.0,1.0
31.9,99.0,149.0,156.0,180.5,1.0
31.9,95.0,174.5,172.0,167.5,1.0
31.9,98.0,156.0,159.0,168.0,1.0
31.9,97.0,151.0,152.5,166.0,1.0
31.9,99.0,160.0,171.5,180.5,1.0
31.9,94.0,177.5,161.0,162.0,1.0
31.9,99.0,156.0,158.0,162.5,1.0
31.9,97.0,186.0,160.0,179.0,1.0
31.9,93.0,170.0,142.0,163.0,1.0
31.9,95.0,168.0,160.0,186.5,1.0
31.9,94.0,185.5,156.0,196.0,1.0
31.9,96.0,190.5,179.0,168.5,1.0
31.9,95.0,144.0,191.0,176.0,1.0
31.9,97.0,185.5,168.0,159.0,1.0
31.9,95.0,176.0,191.0,172.0,1.0
31.9,94.0,167.0,170.5,164.5,1.0
31.9,93.0,155.5,161.0,175.0,1.0
31.9,99.0,167.0,170.0,183.0,1.0
31.9,96.0,187.5,173.0,181.0,1.0
31.9,98.0,184.5,174.0,170.5,1.0
31.9,99.0,182.0,181.0,187.0,1.0
31.9,93.0,186.5,167.0,167.0,1.0
31.9,93.0,178.5,152.5,158.0,1.0
31.9,93.0,173.5,152.0,151.0,1.0
31.9,94.0,162.5,166.5,179.0,1.0
31.9,98.0,148.0,148.5,172.5,1.0
31.9,93.0,164.0,176.5,171.5,1.0
31.9,97.0,173.5,198.5,187.5,1.0
31.9,96.0,151.5,147.5,171.0,1.0
31.9,98.0,170.0,164.5,179.5,1.0
31.9,84.0,158.5,185.5,171.5,1.0
31.9,84.0,152.0,152.5,174.5,1.0
31.9,84.0,162.5,188.0,172.0,1.0
31.9,84.0,169.0,171.0,168.0,1.0
31.9,84.0,167.0,165.0,177.0,1.0
31.9,84.0,167.0,150.5,153.0,1.0
31.9,84.0,145.0,150.0,173.0,1.0
31.9,84.0,190.5,169.5,174.0,1.0
31.9,84.0,170.5,173.5,149.5,1.0
31.9,84.0,166.0,178.0,185.5,1.0
32.4,84.0,162.5,157.0,169.5,1.0
32.4,84.0,179.0,186.0,185.0,1.0
32.4,84.0,175.0,165.0,178.5,1.0
32.4,94.0,181.0,178.5,157.5,1.0
32.4,99.0,179.5,174.5,185.5,1.0
32.4,94.0,154.5,143.5,188.0,1.0
32.4,97.0,183.0,144.0,191.5,1.0
32.4,98.0,171.5,181.0,186.0,1.0
32.4,94.0,164.5,174.0,155.0,1.0
32.4,95.0,174.5,145.0,175.5,1.0
32.4,93.0,178.0,160.5,156.0,1.0
32.4,99.0,178.0,166.5,184.0,1.0
32.4,93.0,164.5,160.5,175.5,1.0
32.4,99.0,160.5,170.5,191.5,1.0
32.4,95.0,154.5,156.5,166.0,1.0
32.4,97.0,186.5,176.0,153.0,1.0
32.4,99.0,154.0,168.0,168.5,1.0
32.4,93.0,164.5,168.5,165.0,1.0
32.4,99.0,175.0,171.5,176.0,1.0
32.4,93.0,193.0,154.0,166.5,1.0
32.4,96.0,174.5,167.0,168.0,1.0
32.4,96.0,155.0,181.0,157.5,1.0
32.4,93.0,164.5,191.0,158.5,1.0
32.4,95.0,171.5,166.5,176.0,1.0
32.4,93.0,193.5,162.5,176.0,1.0
32.4,99.0,190.5,193.5,184.5,1.0
32.4,99.0,182.5,181.0,168.0,1.0
32.4,93.0,176.0,185.0,150.0,1.0
32.4,96.0,157.5,160.0,176.5,1.0
32.4,94.0,155.0,186.5,185.5,1.0
32.4,96.0,187.0,169.0,183.5,1.0
32.4,84.0,169.5,176.0,168.5,1.0
32.4,84.0,149.5,162.0,166.0,1.0
32.4,84.0,151.0,179.0,170.0,1.0
32.4,84.0,167.0,155.0,162.5,1.0
32.4,84.0,161.0,151.5,157.5,1.0
32.4,84.0,194.5,156.5,163.5,1.0
32.4,84.0,179.5,195.0,173.0,1.0
32.4,84.0,167.0,151.0,164.5,1.0
32.4,84.0,147.5,182.0,175.5,1.0
32.4,84.0,156.0,170.5,159.5,1.0
32.4,84.0,168.5,165.0,179.0,1.0
32.4,84.0,173.5,171.0,175.5,1.0
32.4,84.0,191.5,167.0,189.5,1.0
32.4,84.0,169.5,180.0,187.0,1.0
32.4,84.0,167.5,166.0,167.0,1.0
32.4,93.0,179.5,184.0,170.5,1.0
32.4,98.0,187.0,160.5,180.5,1.0
32.4,97.0,167.0,183.0,195.0,1.0
32.4,97.0,186.0,165.0,187.0,1.0
32.4,95.0,149.0,175.5,152.0,1.0
32.4,94.0,170.0,179.0,163.5,1.0
32.4,96.0,165.5,161.5,153.5,1.0
32.4,98.0,155.0,171.0,168.5,1.0
32.4,98.0,186.5,174.0,166.5,1.0
32.4,99.0,154.5,161.0,177.5,1.0
32.4,98.0,169.5,171.0,162.0,1.0
32.4,94.0,191.5,162.5,160.5,1.0
32.4,98.0,155.0,141.5,188.0,1.0
32.4,93.0,163.0,168.5,179.5,1.0
32.4,99.0,171.0,181.5,173.5,1.0
32.4,95.0,172.0,176.0,165.0,1.0
32.4,96.0,151.5,172.5,165.0,1.0
32.4,99.0,168.0,151.0,154.5,1.0
32.4,93.0,170.5,178.5,146.5,1.0
32.4,95.0,166.5,179.5,168.0,1.0
32.4,94.0,158.5,170.0,196.5,1.0
32.4,97.0,165.5,154.5,190.5,1.0
32.4,99.0,178.0,167.0,170.5,1.0
32.4,94.0,164.5,169.0,175.0,1.0
32.4,93.0,165.5,179.5,168.5,1.0
32.4,97.0,173.5,148.0,172.0,1.0
32.4,94.0,177.0,178.5,183.5,1.0
32.4,98.0,173.5,171.0,160.5,1.0
32.4,96.0,160.0,159.0,174.5,1.0
32.4,95.0,182.5,189.0,181.5,1.0
33.1,95.0,172.0,168.5,171.5,1.0
33.1,95.0,154.0,192.5,176.0,1.0
33.1,99.0,161.5,168.0,194.5,1.0
33.1,94.0,156.5,181.0,178.0,1.0
33.1,96.0,188.0,180.5,152.5,1.0
33.1,97.0,165.5,169.0,184.5,1.0
33.1,99.0,164.5,175.5,167.0,1.0
33.1,96.0,172.5,149.0,185.0,1.0
33.1,94.0,162.5,155.0,172.5,1.0
33.1,97.0,184.0,177.0,190.0,1.0
33.1,97.0,196.0,178.5,174.0,1.0
33.1,93.0,191.0,143.0,175.5,1.0
33.1,99.0,181.5,175.0,163.0,1.0
33.1,97.0,150.5,183.5,193.5,1.0
33.1,96.0,175.0,143.5,188.5,1.0
33.1,94.0,166.0,152.0,180.5,1.0
33.1,93.0,146.5,175.5,177.0,1.0
33.1,95.0,184.0,159.5,179.0,1.0
33.1,94.0,142.0,189.0,144.5,1.0
33.1,98.0,162.5,159.0,175.0,1.0
33.1,93.0,187.5,159.0,161.0,1.0
33.1,94.0,170.5,169.5,186.0,1.0
33.1,94.0,172.0,159.5,196.0,1.0
33.1,96.0,163.5,170.5,170.5,1.0
33.1,95.0,159.5,162.5,173.0,1.0
33.1,99.0,160.0,182.0,168.5,1.0
33.1,96.0,171.5,169.0,187.0,1.0
33.1,94.0,158.0,161.0,164.0,1.0
33.1,99.0,191.5,165.0,174.5,1.0
33.1,94.0,176.5,148.0,177.0,1.0
33.1,95.0,193.0,158.0,176.0,1.0
33.1,98.0,148.5,162.5,167.5,1.0
33.1,99.0,165.0,155.5,162.5,1.0
33.1,95.0,165.0,187.5,163.0,1.0
33.1,96.0,155.5,185.0,181.5,1.0
33.1,95.0,147.0,144.5,158.0,1.0
32.8,94.0,158.5,174.0,178.5,1.0
32.8,93.0,178.5,167.5,179.5,1.0
32.8,96.0,174.0,177.5,172.5,1.0
32.8,96.0,173.5,165.5,163.5,1.0
32.8,94.0,158.5,173.0,183.5,1.0
32.8,96.0,147.0,171.0,188.0,1.0
32.8,99.0,196.5,184.5,169.0,1.0
32.8,95.0,168.5,189.5,156.5,1.0
32.8,96.0,177.5,168.5,151.0,1.0
32.8,95.0,166.0,169.0,192.0,1.0
32.8,97.0,160.0,175.5,152.0,1.0
32.8,93.0,160.0,154.5,168.0,1.0
32.8,98.0,195.5,167.0,153.5,1.0
32.8,93.0,181.5,174.0,165.5,1.0
32.8,98.0,152.5,160.0,185.5,1.0
32.8,93.0,149.0,171.5,153.0,1.0
32.8,93.0,191.5,175.0,167.0,1.0
32.8,97.0,189.0,188.0,182.0,1.0
32.8,94.0,168.5,168.0,168.5,1.0
32.8,98.0,158.0,151.5,193.5,1.0
32.8,93.0,161.0,169.5,184.5,1.0
32.8,96.0,165.5,176.5,171.5,1.0
32.8,98.0,165.5,172.0,166.0,1.0
32.8,95.0,176.0,176.0,169.5,1.0
32.8,93.0,188.5,186.5,161.0,1.0
32.8,95.0,170.0,168.0,160.0,1.0
32.8,98.0,162.5,178.5,149.0,1.0
32.8,98.0,169.5,187.0,177.5,1.0
32.8,94.0,182.5,191.5,176.5,1.0
32.8,99.0,154.5,157.0,185.5,1.0
32.8,95.0,186.0,158.5,181.5,1.0
32.8,98.0,189.0,172.0,162.0,1.0
32.8,93.0,184.5,152.0,169.5,1.0
32.8,98.0,191.0,174.0,149.0,1.0
32.8,93.0,169.5,169.0,173.0,1.0
32.8,96.0,159.5,162.0,164.0,1.0
32.8,96.0,152.0,159.5,150.0,1.0
32.8,95.0,181.5,152.5,165.0,1.0
32.8,96.0,179.0,177.5,179.5,1.0
32.8,96.0,175.5,168.5,174.5,1.0
32.8,96.0,148.5,166.5,172.0,1.0
32.8,93.0,170.0,153.0,165.0,1.0
32.8,97.0,182.0,198.5,168.0,1.0
32.8,99.0,167.0,162.0,196.0,1.0
32.8,95.0,171.0,154.0,178.0,1.0
32.8,96.0,180.5,154.0,175.0,1.0
32.8,95.0,178.5,183.5,179.0,1.0
32.8,99.0,181.0,167.0,174.5,1.0
32.8,98.0,164.5,157.0,166.5,1.0
32.8,93.0,167.0,179.0,175.5,1.0
32.8,98.0,162.5,167.5,167.5,1.0
32.8,94.0,151.0,170.0,160.5,1.0
31.7,94.0,167.0,161.0,179.0,1.0
31.7,98.0,144.0,170.0,168.0,1.0
31.7,95.0,174.0,168.5,173.0,1.0
31.7,97.0,170.5,166.5,167.5,1.0
31.7,97.0,182.5,157.0,154.0,1.0
31.7,96.0,148.0,178.5,158.0,1.0
31.7,99.0,191.0,164.5,148.5,1.0
31.7,93.0,187.5,155.0,173.0,1.0
31.7,98.0,142.0,159.5,158.5,1.0
31.7,94.0,155.5,171.5,190.0,1.0
31.7,93.0,186.5,164.5,171.5,1.0
31.7,98.0,180.5,181.0,160.0,1.0
31.7,96.0,168.0,151.0,175.5,1.0
31.7,96.0,184.0,168.5,178.5,1.0
31.7,93.0,149.0,159.5,188.5,1.0
31.7,94.0,193.5,166.5,166.0,1.0
31.7,95.0,184.0,153.0,172.5,1.0
31.7,93.0,180.0,176.0,181.0,1.0
31.7,93.0,144.5,172.0,194.0,1.0
31.7,94.0,144.0,161.0,176.5,1.0
31.7,99.0,159.5,152.5,163.5,1.0
31.7,99.0,173.5,161.5,159.5,1.0
31.7,95.0,158.0,185.0,153.0,1.0
31.7,99.0,167.0,174.5,174.0,1.0
31.7,95.0,176.5,193.0,174.5,1.0
31.7,99.0,176.0,170.0,178.5,1.0
31.7,97.0,153.5,162.0,171.5,1.0
31.7,93.0,178.5,175.0,188.0,1.0
31.7,96.0,187.0,147.5,183.5,1.0
31.7,99.0,193.0,167.0,157.0,1.0
31.7,97.0,194.5,150.5,175.5,1.0
31.7,98.0,178.0,181.0,159.0,1.0
31.7,98.0,166.0,167.0,176.5,1.0
32.0,94.0,165.5,150.5,176.0,1.0
32.1,95.0,152.5,171.0,170.5,1.0
32.6,95.0,158.0,164.5,173.5,1.0
31.9,97.0,198.5,158.0,182.5,1.0
32.1,95.0,177.0,169.0,182.0,1.0
31.6,93.0,173.5,177.0,173.5,1.0
33.3,93.0,172.0,158.5,150.0,1.0
32.4,98.0,174.5,189.0,163.0,1.0
32.9,99.0,151.5,165.0,177.0,1.0
32.7,97.0,190.0,163.5,145.5,1.0
32.5,93.0,164.0,172.5,167.0,1.0
32.6,94.0,167.0,158.5,166.5,1.0
32.8,95.0,164.5,167.5,157.5,1.0
33.1,95.0,162.5,145.0,175.0,1.0
33.0,96.0,183.5,153.0,146.0,1.0
32.9,95.0,176.0,172.0,180.5,1.0
32.8,94.0,192.5,177.5,185.5,1.0
32.1,94.0,160.5,189.0,158.5,1.0
32.4,93.0,166.5,181.0,169.0,1.0
32.6,99.0,195.5,192.0,183.5,1.0
32.4,93.0,166.0,157.0,182.0,1.0
32.3,96.0,178.0,171.0,148.0,1.0
32.3,98.0,181.0,142.5,171.5,1.0
32.2,97.0,186.0,185.0,160.0,1.0
32.5,97.0,180.0,158.5,177.5,1.0
32.3,98.0,156.5,175.5,182.0,1.0
32.3,98.0,145.5,150.0,180.0,1.0
32.6,94.0,188.5,159.0,186.0,1.0
32.4,98.0,148.0,168.0,163.0,1.0
32.2,97.0,167.0,178.5,151.5,1.0
32.2,94.0,180.0,173.5,148.0,1.0
32.4,97.0,182.5,179.5,180.5,1.0
32.6,96.0,170.5,169.0,171.5,1.0
32.5,97.0,190.0,167.0,177.0,1.0
32.5,99.0,184.0,163.5,174.0,1.0
32.5,97.0,147.5,171.0,163.5,1.0
32.5,98.0,174.0,176.0,168.0,1.0
32.5,99.0,147.0,156.5,190.0,1.0
32.5,95.0,149.0,172.0,173.5,1.0
32.6,93.0,163.5,190.5,145.5,1.0
32.5,95.0,183.0,180.5,188.0,1.0
32.354285714285716,94.97142857142858,174.5,153.0,152.5,1.0
32.20857142857143,94.94285714285714,183.5,189.0,146.5,1.0
32.06285714285714,94.91428571428571,152.5,185.5,179.5,1.0
31.917142857142856,94.88571428571429,169.0,160.0,150.0,1.0
31.771428571428572,94.85714285714286,183.0,176.5,174.5,1.0
31.625714285714285,94.82857142857142,189.0,181.0,173.5,1.0
31.48,94.8,182.0,180.0,158.5,1.0
31.334285714285713,94.77142857142857,195.5,182.0,192.0,1.0
31.18857142857143,94.74285714285715,167.0,154.5,178.0,1.0
31.04285714285714,94.71428571428571,168.0,163.5,197.5,1.0
30.897142857142857,94.68571428571428,163.5,160.5,162.0,1.0
30.75142857142857,94.65714285714286,145.0,158.0,160.5,1.0
30.605714285714285,94.62857142857143,196.5,166.5,191.0,1.0
30.46,94.6,179.5,167.5,172.5,1.0
30.314285714285713,94.57142857142857,149.0,176.0,172.5,1.0
30.16857142857143,94.54285714285714,182.5,157.0,173.5,1.0
30.02285714285714,94.51428571428572,166.5,165.0,157.5,1.0
29.877142857142857,94.48571428571428,166.5,169.0,155.0,1.0
29.73142857142857,94.45714285714286,171.5,152.0,184.5,1.0
29.585714285714285,94.42857142857143,179.5,178.5,160.5,1.0
29.439999999999998,94.4,159.5,168.0,161.0,1.0
29.294285714285714,94.37142857142857,163.0,179.5,155.5,1.0
29.148571428571426,94.34285714285714,167.5,173.0,172.0,1.0
29.002857142857142,94.31428571428572,149.0,173.5,156.5,1.0
28.857142857142854,94.28571428571429,183.0,163.0,196.0,1.0
28.71142857142857,94.25714285714285,187.0,188.0,170.0,1.0
28.565714285714286,94.22857142857143,156.5,172.0,183.5,1.0
28.419999999999998,94.2,169.5,169.0,168.0,1.0
28.274285714285714,94.17142857142858,175.5,174.5,197.0,1.0
28.128571428571426,94.14285714285714,179.0,184.5,171.0,1.0
27.982857142857142,94.11428571428571,162.0,175.5,172.5,1.0
27.837142857142855,94.08571428571429,157.0,167.5,163.5,1.0
27.69142857142857,94.05714285714286,164.5,179.5,166.5,1.0
27.545714285714283,94.02857142857142,192.0,163.0,180.5,0.0
27.4,94.0,152.5,144.0,158.0,1.0
27.4,93.0,162.5,168.5,159.5,1.0
27.4,97.0,159.0,168.0,169.0,1.0
27.4,98.0,152.5,180.5,169.0,1.0
27.4,97.0,161.5,143.0,151.0,1.0
27.4,94.0,147.5,187.0,162.5,1.0
27.4,96.0,148.5,170.5,142.0,1.0
27.4,97.0,152.5,154.0,160.5,1.0
27.4,95.0,182.0,136.0,149.0,1.0
27.4,97.0,181.5,153.5,167.0,1.0
27.4,93.0,177.5,161.0,160.0,1.0
27.4,96.0,146.5,158.5,174.5,1.0
27.4,95.0,169.0,177.5,151.0,1.0
27.4,97.0,164.5,169.5,155.5,1.0
27.4,99.0,181.5,141.0,158.0,1.0
27.4,95.0,151.5,143.5,168.0,1.0
27.4,96.0,159.0,152.5,154.0,1.0
27.4,94.0,145.5,160.5,141.0,1.0
27.4,98.0,149.0,154.0,172.0,1.0
27.4,94.0,160.5,178.5,155.0,1.0
27.4,98.0,168.5,152.0,162.5,1.0
27.4,94.0,151.0,158.0,174.5,1.0
27.4,98.0,172.0,140.5,151.5,1.0
27.4,93.0,167.0,172.5,166.5,1.0
27.4,98.0,146.0,181.5,138.0,1.0
27.4,98.0,170.5,174.0,136.0,1.0
27.4,95.0,141.0,149.0,145.0,1.0
27.4,95.0,172.0,146.0,152.0,1.0
27.4,96.0,172.0,173.5,154.0,1.0
27.4,98.0,161.0,158.5,156.0,1.0
27.4,96.0,168.5,157.5,147.5,1.0
27.4,93.0,184.0,159.0,174.0,1.0
27.4,93.0,151.5,184.5,149.0,1.0
27.4,93.0,172.0,144.0,178.0,1.0
27.4,96.0,166.0,186.5,166.0,1.0
27.4,94.0,150.5,172.5,174.5,1.0
27.4,98.0,149.5,140.5,167.5,1.0
27.4,97.0,132.5,149.5,167.5,1.0
27.4,98.0,159.0,151.5,137.0,1.0
27.4,99.0,145.0,159.0,153.5,1.0
27.4,95.0,146.5,178.0,176.5,1.0
27.4,94.0,194.0,194.0,194.0,1.0
27.4,95.0,179.0,179.0,179.0,1.0
27.4,96.0,184.0,184.0,184.0,1.0
27.4,99.0,146.0,146.0,146.0,1.0
27.4,98.0,199.0,199.0,199.0,1.0
27.4,99.0,141.0,141.0,141.0,1.0
27.4,98.0,143.0,143.0,143.0,0.0
27.4,97.0,164.0,148.0,138.5,0.0
27.4,93.0,147.5,135.5,155.5,0.0
27.4,98.0,148.5,156.5,171.0,0.0
27.4,94.0,180.0,135.5,158.0,0.0
27.4,98.0,148.5,142.5,136.0,0.0
27.4,99.0,181.0,157.0,147.5,0.0
27.4,94.0,155.5,168.5,144.0,0.0
27.4,99.0,151.5,154.5,144.0,0.0
27.4,94.0,154.0,172.5,167.5,0.0
27.4,96.0,157.5,144.5,166.5,0.0
27.4,94.0,161.0,149.0,149.5,0.0
27.4,93.0,143.0,169.5,162.0,0.0
27.4,97.0,141.0,163.5,158.0,0.0
27.4,95.0,149.5,161.0,165.0,0.0
27.4,95.0,156.0,161.5,181.0,0.0
27.4,95.0,165.0,153.5,180.0,0.0
27.4,93.0,167.5,159.0,138.0,0.0
27.4,94.0,154.0,173.5,166.0,0.0
27.4,93.0,152.0,143.0,171.5,0.0
27.4,96.0,153.5,166.0,167.0,0.0
27.4,98.0,147.0,159.5,163.0,0.0
27.4,96.0,148.0,142.0,171.0,0.0
27.4,97.0,170.5,158.0,159.0,0.0
27.4,93.0,176.0,156.0,147.5,0.0
27.4,99.0,147.5,159.5,154.0,0.0
27.4,94.0,154.5,158.5,141.0,0.0
27.4,96.0,148.5,179.5,147.5,0.0
27.4,96.0,136.0,177.0,188.5,0.0
27.4,94.0,156.5,150.5,151.0,0.0
27.4,99.0,132.0,169.0,146.5,0.0
27.4,96.0,157.0,150.5,168.5,0.0
27.4,94.0,168.0,173.0,155.5,0.0
27.4,94.0,162.0,166.5,167.5,0.0
27.4,94.0,164.0,152.5,153.0,0.0
27.4,98.0,136.0,164.0,148.0,0.0
27.4,97.0,163.5,162.5,169.0,0.0
27.4,94.0,149.5,152.5,182.5,0.0
27.4,96.0,138.5,168.5,180.5,0.0
27.4,95.0,158.5,144.0,149.0,0.0
27.4,95.0,165.0,136.0,167.5,0.0
27.4,98.0,171.5,144.5,163.0,0.0
27.4,95.0,158.0,154.0,175.0,0.0
27.4,94.0,163.0,153.0,154.5,1.0
27.4,95.0,176.0,156.0,140.5,1.0
27.4,96.0,178.0,159.0,141.0,1.0
27.4,99.0,146.0,146.0,146.0,1.0
27.4,99.0,146.0,146.0,146.0,1.0
27.4,93.0,146.0,146.0,146.0,1.0
28.1,97.0,146.0,146.0,146.0,1.0
28.1,99.0,146.0,146.0,146.0,1.0
28.1,93.0,146.0,146.0,146.0,1.0
28.1,95.0,146.0,146.0,146.0,1.0
28.1,95.0,146.0,146.0,146.0,1.0
28.1,97.0,146.0,146.0,146.0,1.0
28.1,98.0,146.0,146.0,146.0,1.0
28.1,97.0,146.0,146.0,146.0,1.0
28.1,98.0,146.0,146.0,146.0,1.0
28.1,93.0,146.0,146.0,146.0,1.0
28.1,95.0,146.0,146.0,146.0,1.0
28.1,95.0,146.0,146.0,146.0,1.0
28.1,95.0,146.0,146.0,146.0,1.0
28.1,96.0,146.0,146.0,146.0,1.0
28.1,94.0,146.0,146.0,146.0,1.0
28.1,98.0,146.0,146.0,146.0,1.0
28.1,94.0,146.0,146.0,146.0,1.0
28.1,99.0,146.0,146.0,146.0,1.0
28.1,98.0,146.0,146.0,146.0,1.0
28.1,99.0,146.0,146.0,146.0,1.0
28.1,93.0,146.0,146.0,146.0,1.0
30.1,96.0,146.0,146.0,146.0,1.0
30.1,98.0,146.0,146.0,146.0,1.0
30.1,96.0,146.0,146.0,146.0,1.0
30.1,99.0,146.0,146.0,146.0,1.0
30.1,97.0,146.0,146.0,146.0,1.0
30.1,95.0,146.0,146.0,146.0,1.0
30.1,94.0,146.0,146.0,146.0,1.0
30.1,93.0,146.0,146.0,146.0,1.0
30.1,96.0,146.0,146.0,146.0,1.0
30.1,99.0,146.0,146.0,146.0,1.0
30.1,96.0,146.0,146.0,146.0,1.0
30.1,93.0,146.0,146.0,146.0,1.0
30.1,97.0,146.0,146.0,146.0,1.0
30.1,97.0,146.0,146.0,146.0,1.0
30.1,95.0,146.0,146.0,146.0,1.0
30.1,94.0,146.0,146.0,146.0,1.0
30.1,97.0,146.0,146.0,146.0,1.0
30.1,96.0,146.0,146.0,146.0,1.0
30.1,97.0,146.0,146.0,146.0,1.0
30.1,97.0,146.0,146.0,146.0,1.0
30.1,96.0,146.0,146.0,146.0,1.0
30.1,93.0,146.0,146.0,146.0,1.0
30.1,96.0,146.0,146.0,146.0,1.0
30.1,99.0,146.0,146.0,146.0,1.0
30.1,97.0,146.0,146.0,146.0,1.0
34.6,96.0,146.0,146.0,146.0,1.0
34.6,93.0,146.0,146.0,146.0,1.0
34.6,93.0,146.0,146.0,146.0,1.0
34.6,98.0,146.0,146.0,146.0,1.0
34.6,98.0,146.0,146.0,146.0,1.0
34.6,93.0,146.0,146.0,146.0,1.0
34.6,96.0,146.0,146.0,146.0,1.0
34.6,96.0,146.0,146.0,146.0,1.0
34.6,93.0,146.0,146.0,146.0,1.0
34.6,98.0,146.0,146.0,146.0,1.0
34.6,95.0,146.0,146.0,146.0,1.0
34.6,95.0,146.0,146.0,146.0,1.0
34.6,98.0,146.0,146.0,146.0,1.0
34.6,98.0,146.0,146.0,146.0,1.0
34.6,98.0,146.0,146.0,146.0,1.0
34.6,96.0,146.0,146.0,146.0,1.0
34.6,96.0,146.0,146.0,146.0,1.0
34.6,97.0,146.0,146.0,146.0,1.0
34.6,95.0,173.0,138.5,154.5,1.0
34.6,98.0,139.5,154.0,143.0,1.0
34.6,97.0,137.5,182.5,166.0,1.0
34.6,93.0,148.0,142.5,175.0,1.0
34.6,97.0,171.0,158.5,177.5,1.0
34.6,97.0,182.5,160.5,143.0,1.0
34.6,96.0,149.5,141.0,150.0,1.0
34.6,99.0,168.5,154.5,186.0,1.0
34.6,97.0,172.5,143.5,134.0,1.0
34.6,96.0,152.5,153.0,182.5,1.0
34.6,99.0,144.0,142.0,172.5,1.0
34.6,97.0,167.0,166.0,137.0,1.0
34.6,94.0,164.5,158.0,143.0,1.0
34.6,94.0,159.0,172.5,162.0,1.0
32.1,95.0,172.5,162.0,142.0,1.0
32.1,97.0,159.5,155.0,161.0,1.0
32.1,98.0,175.5,162.5,185.0,1.0
32.1,94.0,177.5,155.0,151.0,1.0
32.1,93.0,187.0,166.0,133.0,1.0
32.1,98.0,158.0,164.5,155.5,1.0
32.1,93.0,159.5,174.5,167.0,1.0
32.1,94.0,177.0,164.5,142.5,1.0
32.1,96.0,179.5,136.5,157.0,1.0
32.1,98.0,151.0,152.5,171.5,1.0
32.1,98.0,149.5,166.0,164.0,1.0
32.1,97.0,168.0,160.5,144.5,1.0
32.1,99.0,158.0,139.5,165.5,1.0
32.1,94.0,182.0,149.5,179.0,1.0
32.1,97.0,136.0,158.0,186.5,1.0
32.1,99.0,179.5,175.0,158.5,1.0
32.1,96.0,180.0,155.0,156.5,1.0
32.1,99.0,140.5,138.5,143.0,1.0
32.1,97.0,165.5,166.0,143.5,1.0
32.1,94.0,136.0,164.5,164.5,1.0
32.1,98.0,150.5,160.5,145.5,1.0
32.1,95.0,156.5,171.0,166.5,1.0
32.1,97.0,141.0,143.0,168.0,1.0
32.1,96.0,136.0,144.5,163.0,1.0
32.1,99.0,163.5,162.5,151.0,1.0
32.1,94.0,179.0,149.5,150.5,1.0
32.1,95.0,159.0,167.5,170.0,1.0
31.7,99.0,172.0,149.5,170.0,1.0
31.7,98.0,183.0,152.0,139.5,1.0
31.7,97.0,153.5,157.5,133.0,1.0
31.7,97.0,173.0,174.0,163.0,1.0
31.7,98.0,139.5,176.0,154.0,1.0
31.7,98.0,143.8125,174.4375,155.8125,1.0
31.7,98.0,148.125,172.875,157.625,1.0
31.7,98.0,152.4375,171.3125,159.4375,1.0
31.7,94.0,156.75,169.75,161.25,1.0
31.7,96.0,161.0625,168.1875,163.0625,1.0
31.7,93.0,165.375,166.625,164.875,1.0
31.7,98.0,169.6875,165.0625,166.6875,1.0
31.7,95.0,174.0,163.5,168.5,1.0
31.7,98.0,152.0,140.5,159.0,1.0
31.7,95.0,181.0,155.0,163.5,1.0
31.7,99.0,159.5,168.5,138.5,1.0
31.7,93.0,189.0,152.5,144.0,1.0
31.7,93.0,161.0,163.0,161.5,1.0
31.7,96.0,164.0,168.0,158.0,1.0
31.7,93.0,141.5,161.5,135.0,1.0
31.7,98.0,153.5,142.0,178.5,1.0
31.7,94.0,164.5,180.0,140.5,1.0
31.7,93.0,183.5,179.5,155.0,1.0
31.7,99.0,149.0,167.0,167.0,1.0
31.7,97.0,139.5,153.5,168.5,1.0
31.7,98.0,141.5,166.0,156.5,1.0
31.7,94.0,172.0,154.0,162.0,1.0
31.7,94.0,157.0,140.0,159.5,1.0
31.7,97.0,155.0,159.5,155.0,1.0
31.7,96.0,179.0,160.0,140.5,1.0
31.7,99.0,160.5,161.0,181.5,1.0
31.7,98.0,175.5,154.0,172.0,1.0
31.7,97.0,139.0,138.5,150.5,1.0
31.7,97.0,142.0,181.0,156.0,1.0
31.7,94.0,159.5,157.0,167.0,1.0
31.7,95.0,152.5,183.0,174.5,1.0
31.7,93.0,163.5,145.0,183.0,1.0
31.7,98.0,140.0,157.0,149.0,1.0
32.1,93.0,154.5,156.5,159.0,1.0
32.1,97.0,132.0,156.0,168.5,1.0
32.1,96.0,170.0,168.5,171.5,1.0
32.1,99.0,152.5,148.5,180.0,1.0
32.1,97.0,141.0,182.0,183.5,1.0
32.1,98.0,154.0,141.5,146.5,1.0
32.1,94.0,173.0,158.5,162.5,1.0
32.1,93.0,134.5,154.0,149.0,1.0
32.1,93.0,186.5,176.0,170.5,1.0
32.1,99.0,177.5,175.5,171.5,1.0
32.1,93.0,152.5,164.5,170.0,1.0
32.1,99.0,132.0,152.0,163.0,1.0
32.1,97.0,180.5,155.5,163.0,1.0
32.1,97.0,162.0,156.0,162.5,1.0
32.1,99.0,146.5,165.0,160.5,1.0
32.1,97.0,177.0,186.5,164.5,1.0
32.1,93.0,149.5,147.0,177.5,1.0
32.1,95.0,165.5,154.0,155.5,1.0
32.1,93.0,151.0,178.0,158.5,1.0
32.1,99.0,174.0,137.0,169.0,1.0
32.1,96.0,177.0,133.0,180.5,1.0
32.1,97.0,141.0,174.0,163.5,1.0
32.1,94.0,148.5,188.0,136.5,1.0
32.1,94.0,183.5,154.5,167.5,1.0
32.1,95.0,159.5,151.5,160.5,1.0
32.1,94.0,175.5,153.0,183.0,1.0
32.1,98.0,158.5,186.0,160.0,1.0
32.1,94.0,152.0,158.5,176.0,1.0
32.1,95.0,167.5,149.0,175.0,1.0
32.1,96.0,171.5,165.0,164.0,1.0
32.1,98.0,164.5,179.5,161.0,1.0
32.1,95.0,158.0,140.0,160.5,1.0
32.1,95.0,167.0,164.5,150.5,1.0
33.3,98.0,159.5,146.5,169.0,1.0
33.3,93.0,168.0,144.5,149.5,1.0
33.3,99.0,180.5,167.0,171.0,1.0
33.3,97.0,167.5,166.5,155.5,1.0
33.3,99.0,145.0,169.0,150.5,1.0
33.3,96.0,159.0,150.0,162.5,1.0
33.3,99.0,137.0,169.5,161.0,1.0
33.3,94.0,147.5,172.0,159.0,1.0
33.3,93.0,174.0,175.5,159.0,1.0
33.3,96.0,143.5,157.0,181.5,1.0
33.3,96.0,161.0,145.5,180.5,1.0
33.3,98.0,141.0,162.0,167.5,1.0
33.3,93.0,158.5,166.5,150.5,1.0
33.3,94.0,153.0,139.0,179.0,1.0
33.3,93.0,162.5,179.0,168.0,1.0
33.3,97.0,175.5,175.0,181.0,1.0
33.3,96.0,159.0,163.0,160.5,1.0
33.3,95.0,169.0,153.0,145.0,1.0
33.3,96.0,162.0,136.5,153.0,1.0
33.3,94.0,155.5,152.0,159.5,1.0
33.3,95.0,158.5,144.5,135.5,1.0
33.3,96.0,140.0,155.0,146.0,1.0
33.3,96.0,179.0,171.0,146.5,1.0
33.3,95.0,161.5,173.0,169.0,1.0
33.3,94.0,153.5,166.0,163.0,1.0
33.3,94.0,176.5,151.5,172.5,1.0
33.3,97.0,154.5,167.5,157.5,1.0
33.3,97.0,154.0,132.0,167.5,1.0
33.3,94.0,160.0,161.5,178.5,1.0
33.3,94.0,179.5,149.0,162.0,1.0
33.3,98.0,159.5,175.0,158.5,1.0
33.3,96.0,160.5,174.0,156.5,1.0
33.3,97.0,178.5,153.0,156.5,1.0
33.3,95.0,144.0,172.0,162.5,1.0
33.3,95.0,156.5,164.0,153.0,1.0
33.3,95.0,162.5,164.0,178.0,1.0
33.3,99.0,156.5,165.5,162.0,1.0
33.3,98.0,141.0,136.5,174.5,1.0
33.3,99.0,156.0,148.5,166.5,1.0
33.3,99.0,183.5,140.5,145.0,1.0
33.3,98.0,171.5,172.0,157.0,1.0
33.3,98.0,160.0,159.5,161.0,1.0
33.3,95.0,154.5,173.0,167.0,1.0
33.3,95.0,185.0,140.0,166.0,1.0
33.3,99.0,181.4375,144.125,165.25,1.0
33.3,95.0,177.875,148.25,164.5,1.0
33.3,95.0,174.3125,152.375,163.75,1.0
33.3,96.0,170.75,156.5,163.0,1.0
33.3,98.0,167.1875,160.625,162.25,1.0
33.3,96.0,163.625,164.75,161.5,1.0
31.9,96.0,160.0625,168.875,160.75,1.0
31.9,97.0,156.5,173.0,160.0,1.0
31.9,99.0,143.0,160.0,154.5,1.0
31.9,98.0,173.5,168.5,161.0,1.0
31.9,94.0,177.5,166.5,171.0,1.0
31.9,93.0,147.0,159.0,150.5,1.0
31.9,93.0,160.0,182.0,143.5,1.0
31.9,98.0,146.5,153.0,172.0,1.0
31.9,99.0,159.5,161.5,157.0,1.0
31.9,96.0,148.5,136.5,134.0,1.0
31.9,97.0,150.0,161.0,164.0,1.0
31.9,95.0,161.5,154.5,187.5,1.0
31.9,99.0,151.5,155.0,163.5,1.0
31.9,96.0,153.5,146.0,156.0,1.0
31.9,94.0,172.0,169.0,167.5,1.0
31.9,97.0,154.5,173.0,156.0,1.0
31.9,96.0,165.0,168.5,176.5,1.0
31.9,97.0,160.5,149.0,153.0,1.0
31.9,99.0,151.0,146.0,142.0,1.0
31.9,94.0,148.0,151.0,164.0,1.0
31.9,96.0,161.5,147.5,146.0,1.0
31.9,97.0,176.5,157.5,138.0,1.0
31.9,95.0,166.0,142.0,141.5,1.0
31.9,98.0,173.5,161.5,172.5,1.0
31.9,96.0,132.0,160.5,167.5,1.0
31.9,98.0,174.5,158.5,167.5,1.0
31.9,97.0,182.5,168.0,178.5,1.0
31.9,96.0,148.5,141.0,139.5,1.0
31.9,98.0,162.5,162.0,148.5,1.0
31.9,93.0,142.5,165.0,152.0,1.0
31.9,94.0,178.5,160.0,168.5,1.0
31.9,94.0,138.0,159.0,157.5,1.0
31.9,94.0,177.0,160.5,184.0,1.0
31.9,94.0,180.0,165.0,175.0,1.0
31.9,93.0,170.5,166.5,171.0,1.0
31.9,94.0,152.0,161.0,167.5,1.0
31.9,97.0,174.5,166.0,135.5,1.0
31.9,96.0,137.0,161.5,151.5,1.0
31.9,95.0,155.5,156.0,172.5,1.0
31.9,99.0,163.0,165.0,152.5,1.0
31.9,93.0,176.5,166.5,154.0,1.0
31.9,99.0,181.5,179.0,142.0,1.0
31.9,93.0,175.0,152.5,153.0,1.0
31.9,93.0,162.5,159.5,140.0,1.0
31.9,96.0,149.5,158.0,160.5,1.0
31.9,96.0,172.5,169.0,173.0,1.0
31.9,93.0,148.5,171.0,160.5,1.0
31.9,94.0,162.5,161.5,146.0,1.0
31.9,94.0,178.5,153.5,168.0,1.0
31.9,98.0,175.875,155.9375,169.5625,1.0
31.9,94.0,173.25,158.375,171.125,1.0
31.9,97.0,170.625,160.8125,172.6875,1.0
31.9,95.0,168.0,163.25,174.25,1.0
31.9,95.0,165.375,165.6875,175.8125,1.0
31.9,95.0,162.75,168.125,177.375,1.0
31.9,94.0,160.125,170.5625,178.9375,1.0
31.9,97.0,157.5,173.0,180.5,1.0
31.9,96.0,144.0,146.5,159.0,1.0
31.9,99.0,161.0,149.5,138.0,1.0
31.9,95.0,151.5,150.5,166.5,1.0
31.9,99.0,166.5,135.0,165.5,1.0
31.9,94.0,150.0,157.0,159.0,1.0
31.9,95.0,146.5,163.0,175.5,1.0
31.9,97.0,145.0,167.5,181.0,1.0
31.9,99.0,160.5,167.5,177.5,1.0
31.9,95.0,150.5,157.0,146.5,1.0
32.4,97.0,187.5,160.5,146.5,1.0
32.4,99.0,144.0,170.5,175.0,1.0
32.4,95.0,172.5,140.0,170.5,1.0
32.4,95.0,167.0,161.5,164.5,1.0
32.4,94.0,175.0,182.0,179.0,1.0
32.4,94.0,160.5,160.5,161.0,1.0
32.4,97.0,133.5,151.0,137.5,1.0
32.4,97.0,179.0,154.5,164.0,1.0
32.4,93.0,165.5,168.0,177.0,1.0
32.4,95.0,149.0,145.0,150.0,1.0
32.4,93.0,157.0,153.0,163.0,1.0
32.4,97.0,149.0,153.5,176.5,1.0
32.4,99.0,163.0,138.5,174.5,1.0
32.4,93.0,153.0,171.5,179.0,1.0
32.4,93.0,181.0,138.5,160.0,1.0
32.4,96.0,162.0,147.0,135.0,1.0
32.4,95.0,149.0,160.0,148.5,1.0
32.4,99.0,150.5,164.5,171.0,1.0
32.4,95.0,163.5,167.0,156.0,1.0
32.4,94.0,144.0,152.5,166.0,1.0
32.4,94.0,184.5,146.0,180.0,1.0
32.4,96.0,154.5,164.0,155.5,1.0
32.4,93.0,176.5,162.5,144.0,1.0
32.4,99.0,147.5,154.5,156.5,1.0
32.4,97.0,152.5,170.0,169.0,1.0
32.4,95.0,150.5,161.0,153.5,1.0
32.4,96.0,159.0,153.5,147.5,1.0
32.4,99.0,161.0,166.0,145.0,1.0
32.4,94.0,161.0,147.0,156.5,1.0
32.4,93.0,162.5,149.5,169.5,1.0
32.4,97.0,142.0,181.5,138.0,1.0
32.4,94.0,158.0,157.5,174.0,1.0
32.4,99.0,160.0,163.0,160.5,1.0
32.4,97.0,159.0,166.5,147.0,1.0
32.4,95.0,164.0,158.0,159.5,1.0
32.4,95.0,157.5,166.0,156.0,1.0
32.4,99.0,170.0,146.0,160.5,1.0
32.4,96.0,151.5,158.0,140.0,1.0
32.4,94.0,152.125,156.25,142.875,1.0
32.4,95.0,152.75,154.5,145.75,1.0
32.4,99.0,153.375,152.75,148.625,1.0
32.4,97.0,154.0,151.0,151.5,1.0
32.4,97.0,154.625,149.25,154.375,1.0
32.4,97.0,155.25,147.5,157.25,1.0
32.4,99.0,155.875,145.75,160.125,1.0
32.4,93.0,156.5,144.0,163.0,1.0
32.4,97.0,146.0,162.0,173.0,1.0
32.4,98.0,170.5,166.0,160.0,1.0
32.4,98.0,140.0,133.0,171.5,1.0
32.4,99.0,164.0,146.5,175.0,1.0
32.4,94.0,166.0,160.5,141.5,1.0
32.4,98.0,168.0,164.5,153.0,1.0
32.4,93.0,168.0,167.0,158.5,1.0
32.4,97.0,147.5,179.5,154.5,1.0
32.4,95.0,153.5,140.0,163.0,1.0
32.4,94.0,142.0,173.0,184.5,1.0
32.4,93.0,166.5,166.5,136.5,1.0
32.4,99.0,152.5,134.5,155.5,1.0
32.4,96.0,153.5,171.0,171.0,1.0
32.4,95.0,145.5,165.5,157.5,1.0
32.4,93.0,153.5,181.5,171.0,1.0
32.4,98.0,187.0,155.0,168.0,1.0
32.4,96.0,144.0,149.5,185.0,1.0
32.4,93.0,182.0,145.0,136.5,1.0
32.4,97.0,162.0,160.0,156.0,1.0
32.4,96.0,157.0,169.0,173.5,1.0
32.4,93.0,164.5,186.0,158.5,1.0
32.4,95.0,180.5,162.5,172.5,1.0
32.4,97.0,147.5,159.0,183.0,1.0
32.4,99.0,154.5,184.5,163.5,1.0
32.4,98.0,149.0,170.0,182.0,1.0
32.4,98.0,156.0,170.5,163.5,1.0
32.4,94.0,156.0,171.5,149.5,1.0
32.4,97.0,158.0,153.5,152.5,1.0
32.4,94.0,161.0,162.5,166.0,1.0
32.4,93.0,159.0,157.5,183.0,1.0
33.1,98.0,176.0,155.0,180.0,1.0
33.1,93.0,145.0,169.0,148.5,1.0
33.1,94.0,158.0,146.5,150.0,1.0
33.1,95.0,159.5,165.5,177.0,1.0
33.1,97.0,164.5,152.0,158.0,1.0
33.1,95.0,163.0,151.5,169.5,1.0
33.1,93.0,171.5,168.0,157.0,1.0
33.1,98.0,183.5,150.0,170.0,1.0
33.1,99.0,131.0,160.0,141.0,1.0
33.1,94.0,154.5,169.0,143.0,1.0
33.1,94.0,172.5,145.5,137.5,1.0
33.1,98.0,150.5,156.0,170.0,1.0
33.1,94.0,171.0,168.5,159.5,1.0
33.1,99.0,160.0,162.0,137.0,1.0
33.1,97.0,156.0,152.5,162.0,1.0
33.1,94.0,142.5,169.5,156.5,1.0
33.1,98.0,149.5,167.0,145.5,1.0
33.1,96.0,152.0625,168.0,150.25,1.0
33.1,99.0,154.625,169.0,155.0,1.0
33.1,93.0,157.1875,170.0,159.75,1.0
33.1,97.0,159.75,171.0,164.5,1.0
33.1,94.0,162.3125,172.0,169.25,1.0
33.1,98.0,164.875,173.0,174.0,1.0
33.1,96.0,167.4375,174.0,178.75,1.0
33.1,94.0,170.0,175.0,183.5,1.0
33.1,96.0,142.0,172.5,150.5,1.0
33.1,96.0,158.5,154.5,164.0,1.0
33.1,95.0,175.5,154.0,150.5,1.0
33.1,95.0,161.0,165.5,166.5,1.0
33.1,94.0,147.0,155.0,166.5,1.0
33.1,99.0,171.0,138.0,158.5,1.0
33.1,99.0,141.0,177.5,147.5,1.0
33.1,98.0,157.5,163.5,152.5,1.0
33.1,98.0,164.5,147.0,170.0,1.0
33.1,94.0,155.5,155.5,156.5,1.0
33.1,98.0,148.0,166.5,156.5,1.0
32.8,99.0,151.5,181.5,156.5,1.0
32.8,93.0,164.0,174.5,161.0,1.0
32.8,97.0,172.0,165.5,152.5,1.0
32.8,99.0,164.5,169.0,163.0,1.0
32.8,96.0,154.5,160.0,155.0,1.0
32.8,98.0,154.0,156.5,141.0,1.0
32.8,97.0,143.5,145.5,179.0,1.0
32.8,94.0,147.5,138.5,164.5,1.0
32.8,96.0,176.0,157.0,142.0,1.0
32.8,94.0,175.0,161.0,149.5,1.0
32.8,93.0,149.5,167.0,163.0,1.0
32.8,96.0,157.0,160.0,135.0,1.0
32.8,97.0,148.5,166.0,157.0,1.0
32.8,93.0,144.5,166.0,173.0,1.0
32.8,96.0,165.0,166.0,143.0,1.0
32.8,98.0,170.0,184.0,169.0,1.0
32.8,98.0,162.0,156.5,137.5,1.0
32.8,97.0,156.0,169.0,147.5,1.0
32.8,99.0,150.0,164.5,146.0,1.0
32.8,96.0,153.0,178.5,146.0,1.0
32.8,98.0,155.0,183.0,177.5,1.0
32.8,95.0,142.0,149.0,146.5,1.0
32.8,98.0,132.0,168.0,160.5,1.0
32.8,96.0,179.5,174.5,167.5,1.0
32.8,97.0,166.0,156.0,151.0,1.0
32.8,95.0,170.5,184.0,161.0,1.0
32.8,99.0,136.0,161.0,168.5,1.0
32.8,99.0,167.0,153.0,163.5,1.0
32.8,94.0,167.0,132.0,155.5,1.0
32.8,94.0,166.0,163.5,153.5,1.0
32.8,95.0,162.5,161.5,149.0,1.0
32.8,97.0,151.5,167.0,169.5,1.0
32.8,96.0,142.0,155.0,150.0,1.0
32.8,95.0,186.5,158.0,135.0,1.0
32.8,98.0,162.5,162.5,147.0,1.0
32.8,97.0,174.0,136.0,143.5,1.0
32.8,97.0,170.4375,137.6875,144.6875,1.0
32.8,98.0,166.875,139.375,145.875,1.0
32.8,94.0,163.3125,141.0625,147.0625,1.0
32.8,97.0,159.75,142.75,148.25,1.0
32.8,95.0,156.1875,144.4375,149.4375,1.0
32.8,99.0,152.625,146.125,150.625,1.0
32.8,98.0,149.0625,147.8125,151.8125,1.0
32.8,93.0,145.5,149.5,153.0,1.0
32.8,95.0,185.5,177.0,157.0,1.0
32.8,99.0,174.0,178.5,147.0,1.0
32.8,99.0,147.5,150.5,136.5,1.0
32.8,96.0,153.5,152.0,139.5,1.0
32.8,93.0,178.0,157.0,145.5,1.0
32.8,94.0,149.5,148.5,169.5,1.0
32.8,93.0,172.5,153.0,157.5,1.0
32.8,96.0,163.5,134.0,180.5,1.0
31.7,97.0,151.0,168.5,167.0,1.0
31.7,96.0,176.5,159.5,162.0,1.0
31.7,93.0,145.5,179.5,167.5,1.0
31.7,96.0,158.0,181.5,172.5,1.0
31.7,96.0,180.5,179.5,164.0,1.0
31.7,98.0,151.5,165.5,147.5,1.0
31.7,96.0,153.0,145.0,146.0,1.0
31.7,99.0,147.0,165.0,166.0,1.0
31.7,99.0,182.5,157.5,138.5,1.0
31.7,96.0,138.5,163.0,180.5,1.0
31.7,96.0,150.0,149.0,154.5,1.0
31.7,99.0,156.5,171.5,173.5,1.0
31.7,99.0,155.5,164.0,167.0,1.0
31.7,95.0,160.5,163.5,159.5,1.0
31.7,98.0,150.5,180.0,138.5,1.0
31.7,97.0,152.0,171.0,142.5,1.0
31.7,98.0,160.5,179.5,183.5,1.0
31.7,94.0,187.0,161.5,138.0,1.0
31.7,95.0,163.5,163.5,168.0,1.0
31.7,96.0,181.5,150.5,164.5,1.0
31.7,99.0,178.0,168.5,170.5,1.0
31.7,95.0,175.5,184.0,175.5,1.0
31.7,99.0,159.5,157.0,155.0,1.0
31.7,94.0,155.0,133.0,182.5,1.0
31.7,93.0,159.0,177.0,151.5,1.0
31.7,95.0,136.5,153.5,173.0,1.0
31.7,98.0,138.0,166.5,145.0,1.0
31.7,99.0,135.0,172.5,153.5,1.0
31.7,96.0,161.0,167.0,150.0,1.0
31.7,97.0,165.0,173.5,150.0,1.0
31.7,95.0,169.5,175.5,155.0,1.0
31.7,98.0,159.5,154.0,162.5,1.0
31.7,96.0,151.0,146.5,143.0,1.0
32.0,95.0,148.5,156.0,162.5,1.0
31.938666666666666,99.0,155.0,156.5,147.0,1.0
31.877333333333333,96.0,139.5,177.5,155.0,1.0
31.816,99.0,176.0,156.5,162.5,1.0
31.754666666666665,93.0,175.0,157.5,163.5,1.0
31.69333333333333,93.0,160.5,162.5,161.5,1.0
31.632,95.0,162.375,164.0625,161.4375,1.0
31.570666666666668,94.0,164.25,165.625,161.375,1.0
31.509333333333334,94.0,166.125,167.1875,161.3125,1.0
31.448,99.0,168.0,168.75,161.25,1.0
31.386666666666667,97.0,169.875,170.3125,161.1875,1.0
31.325333333333333,98.0,171.75,171.875,161.125,1.0
31.264,93.0,173.625,173.4375,161.0625,1.0
31.202666666666666,94.0,175.5,175.0,161.0,1.0
31.141333333333332,96.0,159.0,164.5,172.0,1.0
31.08,95.0,157.5,145.5,159.5,1.0
31.018666666666668,99.0,170.5,144.5,171.5,1.0
30.957333333333334,94.0,159.5,173.5,161.5,1.0
30.896,97.0,164.5,144.0,169.0,1.0
30.834666666666667,93.0,170.0,143.0,153.0,1.0
30.773333333333333,98.0,160.5,140.5,142.5,1.0
30.712,97.0,152.0,176.0,175.0,1.0
30.650666666666666,95.0,147.5,149.0,166.5,1.0
30.589333333333332,95.0,167.0,147.5,136.5,1.0
30.528,94.0,165.5,165.0,160.5,1.0
30.466666666666665,95.0,166.0,148.0,140.0,1.0
30.40533333333333,98.0,163.5,169.5,165.5,1.0
30.344,95.0,149.0,144.5,135.0,1.0
30.282666666666668,96.0,180.0,154.0,160.0,1.0
30.221333333333334,99.0,151.0,170.0,174.5,1.0
30.16,98.0,145.5,171.5,168.0,1.0
30.098666666666666,95.0,172.0,145.5,155.5,1.0
30.037333333333333,95.0,169.5,172.0,180.0,1.0
29.976,93.0,149.5,139.0,168.0,1.0
29.914666666666665,96.0,141.0,170.0,164.0,1.0
29.85333333333333,95.0,154.5,161.0,150.0,1.0
29.791999999999998,97.0,145.0,166.0,140.5,1.0
29.730666666666664,97.0,166.0,167.0,150.0,1.0
29.669333333333334,97.0,172.5,162.5,149.0,1.0
29.608,98.0,165.5,160.0,157.5,1.0
29.546666666666667,98.02777777777777,153.5,162.5,176.5,1.0
29.485333333333333,98.05555555555556,160.5,148.5,181.0,1.0
29.424,98.08333333333333,172.5,135.0,162.5,1.0
29.362666666666666,98.11111111111111,162.5,167.0,166.0,1.0
29.301333333333332,98.13888888888889,168.0,146.0,146.5,1.0
29.24,98.16666666666667,160.0,151.0,167.5,1.0
29.178666666666665,98.19444444444444,155.0,138.0,177.0,1.0
29.11733333333333,98.22222222222223,148.0,176.0,178.0,1.0
29.055999999999997,98.25,170.5,144.5,160.5,1.0
28.994666666666667,98.27777777777777,157.0,160.5,157.0,1.0
28.933333333333334,98.30555555555556,163.0,176.0,171.0,1.0
28.872,98.33333333333333,175.0,150.5,155.0,1.0
28.810666666666666,98.36111111111111,164.0,156.0,168.5,1.0
28.749333333333333,98.38888888888889,161.5,172.0,160.5,1.0
28.688,98.41666666666667,171.0,149.0,164.5,1.0
28.626666666666665,98.44444444444444,135.0,140.0,143.0,1.0
28.56533333333333,98.47222222222223,159.5,170.0,157.0,1.0
28.503999999999998,98.5,146.5,149.5,170.5,1.0
28.442666666666668,98.52777777777777,151.5,167.0,164.5,1.0
28.38133333333333,98.55555555555556,163.0,173.5,142.0,1.0
28.32,98.58333333333333,176.5,179.0,171.0,1.0
28.258666666666667,98.61111111111111,174.75,176.0625,171.25,1.0
28.197333333333333,98.63888888888889,173.0,173.125,171.5,1.0
28.136,98.66666666666667,171.25,170.1875,171.75,1.0
28.074666666666666,98.69444444444444,169.5,167.25,172.0,1.0
28.013333333333332,98.72222222222223,167.75,164.3125,172.25,1.0
27.951999999999998,98.75,166.0,161.375,172.5,1.0
27.890666666666664,98.77777777777777,164.25,158.4375,172.75,1.0
27.82933333333333,98.80555555555556,162.5,155.5,173.0,1.0
27.768,98.83333333333333,153.5,175.0,138.5,1.0
27.706666666666663,98.86111111111111,169.0,167.0,169.0,1.0
27.645333333333333,98.88888888888889,162.5,172.0,135.0,1.0
27.584,98.91666666666667,147.0,176.5,158.5,1.0
27.522666666666666,98.94444444444444,172.5,165.5,156.0,1.0
27.461333333333332,98.97222222222223,143.0,160.0,148.5,0.0
27.4,99.0,140.5,193.0,193.0,1.0
27.4,93.0,132.0,158.5,150.5,1.0
27.4,97.0,141.0,152.5,141.0,1.0
27.4,98.0,181.5,152.5,183.0,1.0
27.4,95.0,142.0,173.5,184.0,1.0
27.4,95.0,149.0,172.0,156.0,1.0
27.4,97.0,163.5,194.5,186.5,1.0
27.4,96.0,176.0,169.0,156.5,1.0
27.4,96.0,157.0,168.0,175.5,1.0
27.4,96.0,154.0,166.0,178.5,1.0
27.4,99.0,158.0,190.0,176.0,1.0
27.4,96.0,139.5,177.0,193.0,1.0
27.4,95.0,168.5,158.5,154.5,1.0
27.4,98.0,140.5,162.5,153.5,1.0
27.4,99.0,145.5,156.0,161.5,1.0
27.4,98.0,161.5,182.0,166.0,1.0
27.4,96.0,156.0,169.0,164.5,1.0
27.4,94.0,155.5,147.5,171.0,1.0
27.4,97.0,156.5,200.5,161.0,1.0
27.4,94.0,169.0,168.0,185.0,1.0
27.4,93.0,155.5,163.0,168.0,1.0
27.4,96.0,147.5,148.0,166.5,1.0
27.4,94.0,156.5,175.0,159.0,1.0
27.4,95.0,150.5,191.5,154.5,1.0
27.4,96.0,152.0,155.5,178.0,1.0
27.4,95.0,171.5,144.5,157.5,1.0
27.4,99.0,164.0,174.0,168.0,1.0
27.4,98.0,176.0,149.0,175.0,1.0
27.4,98.0,155.0,188.0,170.0,1.0
27.4,93.0,171.5,143.5,186.5,1.0
27.4,98.0,155.5,167.5,177.5,1.0
27.4,94.0,155.0,160.0,154.5,1.0
27.4,97.0,155.0,180.5,164.0,1.0
27.4,95.0,171.0,157.5,175.0,1.0
27.4,98.0,152.5,172.5,169.5,1.0
27.4,94.0,141.0,180.5,165.5,1.0
27.4,94.0,156.0,169.5,179.5,1.0
27.4,96.0,179.0,172.0,164.5,1.0
27.4,98.0,145.5,159.0,151.5,1.0
27.4,98.0,156.0,158.5,158.5,1.0
27.4,95.0,134.0,169.0,163.5,1.0
27.4,95.0,169.5,172.0,162.5,1.0
27.4,95.0,148.5,169.0,176.0,1.0
27.4,98.0,154.5,177.5,161.5,1.0
27.4,98.0,139.5,174.5,176.0,1.0
27.4,96.0,146.0,181.5,166.0,1.0
27.4,93.0,136.5,173.5,184.5,1.0
27.4,96.0,178.0,164.0,151.0,1.0
27.4,94.0,194.0,162.5,192.5,1.0
27.4,99.0,179.0,161.5,163.5,1.0
27.4,98.0,184.0,174.0,149.0,1.0
27.4,98.0,146.0,174.5,171.5,1.0
27.4,98.0,199.0,162.0,194.5,1.0
27.4,99.0,141.0,194.0,166.0,1.0
27.4,94.0,143.0,170.5,192.0,0.0
27.4,98.0,160.0,174.5,179.0,0.0
27.4,93.0,148.0,171.0,176.5,0.0
27.4,94.0,148.5,188.5,187.0,0.0
27.4,98.0,154.0,169.5,174.0,0.0
27.4,98.0,162.5,175.0,184.5,0.0
27.4,99.0,160.0,171.0,181.0,0.0
27.4,97.0,160.0,169.0,169.5,0.0
27.4,94.0,170.0,161.0,165.0,0.0
27.4,94.0,158.0,164.0,182.0,0.0
27.4,98.0,153.5,169.0,164.0,0.0
27.4,99.0,164.0,192.0,157.0,0.0
27.4,93.0,158.5,153.5,148.5,0.0
27.4,97.0,136.0,190.0,161.5,0.0
27.4,94.0,156.0,163.0,173.5,0.0
27.4,93.0,185.0,175.0,161.5,0.0
27.4,95.0,155.0,174.0,176.0,0.0
27.4,97.0,163.0,164.5,186.5,0.0
27.4,97.0,157.5,170.0,160.5,0.0
27.4,97.0,171.0,178.0,167.5,0.0
27.4,99.0,162.0,177.0,173.5,0.0
27.4,93.0,159.5,156.5,186.0,0.0
27.4,94.0,160.0,166.5,159.5,0.0
27.4,95.0,159.0,186.0,180.5,0.0
27.4,98.0,162.0,170.0,160.0,0.0
27.4,97.0,145.0,160.5,189.0,0.0
27.4,93.0,155.5,172.5,188.0,0.0
27.4,99.0,178.0,181.0,163.5,0.0
27.4,97.0,133.0,188.5,188.0,0.0
27.4,94.0,163.5,147.0,171.5,0.0
27.4,94.0,150.5,160.5,165.5,0.0
27.4,93.0,155.0,190.0,162.5,0.0
27.4,99.0,143.0,172.5,157.0,0.0
27.4,98.0,155.5,170.0,167.0,0.0
27.4,99.0,150.0,177.0,182.0,0.0
27.4,95.0,156.5,155.0,168.0,0.0
27.4,93.0,147.0,181.0,171.0,0.0
27.4,93.0,170.0,167.0,158.5,0.0
27.4,96.0,175.0,161.5,162.5,0.0
27.4,96.0,155.0,184.5,164.5,0.0
27.4,94.0,163.5,170.0,164.0,0.0
27.4,96.0,146.0,168.0,163.0,0.0
27.4,98.0,166.0,167.0,153.5,0.0
27.4,96.0,161.5,182.0,177.0,1.0
27.4,95.0,137.5,151.5,187.5,1.0
27.4,94.0,152.0,198.0,164.5,1.0
27.4,96.0,146.0,173.5,189.0,1.0
27.4,96.0,146.0,150.0,152.0,1.0
27.4,96.0,146.0,167.5,170.0,1.0
28.1,94.0,146.0,167.0,150.0,1.0
28.1,95.0,146.0,177.5,191.0,1.0
28.1,94.0,146.0,173.5,190.0,1.0
28.1,99.0,146.0,150.0,199.0,1.0
28.1,94.0,146.0,183.5,168.0,1.0
28.1,93.0,146.0,150.5,165.0,1.0
28.1,97.0,146.0,186.0,176.0,1.0
28.1,98.0,146.0,185.5,167.5,1.0
28.1,93.0,146.0,171.0,163.5,1.0
28.1,95.0,146.0,183.5,144.0,1.0
28.1,98.0,146.0,187.0,183.0,1.0
28.1,94.0,146.0,143.5,174.5,1.0
28.1,96.0,146.0,151.5,170.0,1.0
28.1,93.0,146.0,183.0,148.5,1.0
28.1,98.0,146.0,151.0,178.0,1.0
28.1,95.0,146.0,170.5,156.5,1.0
28.1,93.0,146.0,192.0,172.5,1.0
28.1,95.0,146.0,177.5,170.0,1.0
28.1,96.0,146.0,167.5,173.0,1.0
28.1,94.0,146.0,159.5,163.5,1.0
28.1,94.0,146.0,168.5,168.0,1.0
30.1,95.0,146.0,177.0,184.0,1.0
30.1,93.0,146.0,176.0,171.0,1.0
30.1,95.0,146.0,155.5,155.5,1.0
30.1,94.0,146.0,164.5,170.5,1.0
30.1,97.0,146.0,144.5,165.5,1.0
30.1,98.0,146.0,172.0,160.5,1.0
30.1,96.0,146.0,182.5,176.0,1.0
30.1,99.0,146.0,171.0,180.5,1.0
30.1,99.0,146.0,176.5,182.0,1.0
30.1,95.0,146.0,164.5,170.5,1.0
30.1,95.0,146.0,168.0,169.5,1.0
30.1,95.0,146.0,151.5,146.0,1.0
30.1,93.0,146.0,172.5,190.5,1.0
30.1,95.0,146.0,161.5,153.5,1.0
30.1,98.0,146.0,187.5,170.5,1.0
30.1,96.0,146.0,197.0,157.5,1.0
30.1,93.0,146.0,178.5,152.5,1.0
30.1,93.0,146.0,173.0,172.5,1.0
30.1,93.0,146.0,157.0,158.5,1.0
30.1,96.0,146.0,160.0,196.0,1.0
30.1,97.0,146.0,191.5,175.5,1.0
30.1,97.0,146.0,179.0,156.0,1.0
30.1,96.0,146.0,165.0,167.5,1.0
30.1,96.0,146.0,170.5,182.0,1.0
30.1,99.0,146.0,186.5,177.0,1.0
34.6,97.0,146.0,159.0,146.0,1.0
34.6,93.0,146.0,175.5,181.0,1.0
34.6,96.0,146.0,184.0,158.5,1.0
34.6,99.0,146.0,168.5,172.5,1.0
34.6,99.0,146.0,181.0,171.0,1.0
34.6,97.0,146.0,172.5,172.5,1.0
34.6,95.0,146.0,166.0,192.5,1.0
34.6,97.0,146.0,180.0,164.0,1.0
34.6,96.0,146.0,151.0,191.5,1.0
34.6,94.0,146.0,177.5,162.5,1.0
34.6,98.0,146.0,145.5,159.5,1.0
34.6,93.0,146.0,165.5,196.0,1.0
34.6,97.0,146.0,150.5,190.5,1.0
34.6,93.0,146.0,163.0,145.5,1.0
34.6,97.0,146.0,174.0,149.0,1.0
34.6,94.0,146.0,169.0,145.5,1.0
34.6,97.0,146.0,192.5,170.5,1.0
34.6,97.0,146.0,146.0,172.0,1.0
34.6,93.0,161.0,176.5,184.0,1.0
34.6,96.0,155.5,176.0,177.5,1.0
34.6,94.0,160.5,195.0,188.5,1.0
34.6,93.0,167.0,175.5,191.5,1.0
34.6,95.0,154.0,177.5,185.0,1.0
34.6,97.0,142.0,156.0,189.5,1.0
34.6,98.0,175.5,164.5,162.5,1.0
34.6,93.0,173.5,163.0,170.5,1.0
34.6,96.0,158.0,150.0,185.0,1.0
34.6,99.0,150.0,179.5,172.0,1.0
34.6,96.0,147.0,178.0,159.5,1.0
34.6,94.0,172.0,163.5,195.0,1.0
34.6,96.0,169.0,150.5,184.5,1.0
34.6,99.0,146.0,148.5,147.5,1.0
32.1,96.0,172.0,158.5,181.0,1.0
32.1,98.0,170.5,152.5,166.0,1.0
32.1,93.0,167.0,176.0,161.5,1.0
32.1,96.0,132.5,169.5,179.5,1.0
32.1,98.0,135.5,163.5,157.0,1.0
32.1,99.0,155.5,179.0,146.5,1.0
32.1,97.0,139.0,189.5,175.5,1.0
32.1,93.0,169.5,172.0,169.0,1.0
32.1,93.0,176.0,146.0,167.0,1.0
32.1,94.0,145.0,167.0,184.5,1.0
32.1,95.0,170.0,186.5,164.5,1.0
32.1,95.0,156.0,165.0,165.5,1.0
32.1,97.0,162.5,165.5,176.0,1.0
32.1,97.0,169.5,171.0,179.5,1.0
32.1,94.0,157.0,157.5,155.5,1.0
32.1,98.0,166.5,169.5,169.0,1.0
32.1,94.0,170.0,180.5,150.5,1.0
32.1,95.0,150.0,184.0,172.0,1.0
32.1,99.0,145.5,175.5,169.5,1.0
32.1,99.0,138.0,176.5,160.5,1.0
32.1,97.0,159.5,176.5,154.0,1.0
32.1,93.0,144.5,177.0,191.0,1.0
32.1,99.0,147.0,151.5,173.0,1.0
32.1,96.0,174.5,172.5,168.0,1.0
32.1,96.0,164.5,147.0,170.5,1.0
32.1,99.0,185.0,188.5,148.5,1.0
32.1,95.0,140.0,180.0,171.0,1.0
31.7,98.0,180.0,162.0,167.0,1.0
31.7,95.0,151.0,179.0,159.5,1.0
31.7,97.0,161.0,154.5,176.0,1.0
31.7,99.0,157.5,152.5,152.5,1.0
31.7,93.0,164.5,148.5,168.5,1.0
31.7,98.0,149.5,141.0,184.0,1.0
31.7,93.0,149.5,179.0,164.0,1.0
31.7,94.0,149.5,170.5,159.0,1.0
31.7,93.0,149.5,172.0,176.0,1.0
31.7,98.0,149.5,172.0,180.0,1.0
31.7,97.0,161.0,186.5,162.5,1.0
31.7,98.0,168.25,187.0,161.5,1.0
31.7,94.0,175.5,169.0,149.0,1.0
31.7,99.0,133.0,162.0,144.0,1.0
31.7,97.0,160.0,144.5,158.0,1.0
31.7,95.0,145.0,179.5,176.5,1.0
31.7,96.0,160.0,178.0,180.0,1.0
31.7,95.0,184.0,181.0,161.0,1.0
31.7,96.0,175.5,173.5,187.0,1.0
31.7,93.0,138.5,168.0,171.0,1.0
31.7,96.0,159.0,186.5,174.0,1.0
31.7,94.0,156.5,161.5,170.0,1.0
31.7,97.0,145.5,168.5,185.0,1.0
31.7,94.0,173.0,180.5,154.0,1.0
31.7,94.0,172.5,169.0,184.0,1.0
31.7,99.0,173.0,175.5,169.0,1.0
31.7,99.0,179.0,175.0,161.5,1.0
31.7,94.0,151.5,175.0,169.5,1.0
31.7,99.0,136.0,164.5,168.0,1.0
31.7,93.0,145.0,183.5,155.0,1.0
31.7,98.0,173.0,180.0,191.0,1.0
31.7,96.0,151.0,179.0,151.0,1.0
31.7,94.0,157.0,193.5,144.0,1.0
31.7,93.0,170.0,179.5,198.5,1.0
31.7,95.0,145.5,190.5,164.5,1.0
31.7,96.0,134.0,154.5,176.0,1.0
31.7,94.0,143.5,150.5,174.5,1.0
31.7,96.0,142.5,190.0,178.0,1.0
32.1,95.0,152.0,192.5,184.5,1.0
32.1,99.0,154.0,171.5,171.0,1.0
32.1,95.0,158.5,172.5,163.0,1.0
32.1,94.0,176.0,159.0,166.5,1.0
32.1,97.0,170.0,151.5,177.5,1.0
32.1,98.0,146.0,186.5,165.5,1.0
32.1,93.0,158.5,171.5,175.0,1.0
32.1,97.0,169.5,172.5,176.0,1.0
32.1,95.0,168.0,179.0,174.0,1.0
32.1,99.0,167.5,164.0,181.5,1.0
32.1,94.0,177.5,178.0,155.5,1.0
32.1,96.0,148.0,188.0,185.5,1.0
32.1,99.0,149.5,162.5,152.5,1.0
32.1,97.0,175.0,165.5,173.0,1.0
32.1,96.0,181.0,188.5,158.0,1.0
32.1,95.0,176.5,168.0,161.5,1.0
32.1,99.0,146.0,173.5,159.0,1.0
32.1,96.0,178.5,155.0,164.5,1.0
32.1,94.0,169.5,177.0,171.0,1.0
32.1,96.0,172.0,164.5,159.5,1.0
32.1,95.0,137.0,184.0,167.5,1.0
32.1,99.0,156.0,156.5,167.0,1.0
32.1,95.0,162.5,183.0,177.5,1.0
32.1,99.0,165.0,171.0,162.0,1.0
32.1,93.0,158.0,180.5,154.5,1.0
32.1,96.0,155.0,168.5,195.0,1.0
32.1,94.0,174.0,161.0,161.5,1.0
32.1,97.0,171.5,167.5,173.0,1.0
32.1,94.0,163.0,152.5,176.0,1.0
32.1,93.0,140.0,169.5,156.5,1.0
32.1,99.0,150.0,143.0,183.5,1.0
32.1,99.0,173.0,168.5,188.5,1.0
32.1,96.0,156.5,180.0,150.5,1.0
33.3,98.0,176.0,164.5,162.0,1.0
33.3,98.0,178.0,153.0,168.0,1.0
33.3,93.0,148.0,143.0,192.5,1.0
33.3,97.0,157.0,168.5,168.5,1.0
33.3,95.0,177.5,171.0,183.0,1.0
33.3,94.0,150.0,173.5,170.5,1.0
33.3,96.0,156.0,178.0,184.0,1.0
33.3,97.0,158.5,173.0,187.5,1.0
33.3,95.0,153.0,184.0,162.5,1.0
33.3,95.0,154.5,148.5,167.5,1.0
33.3,93.0,162.5,186.0,157.5,1.0
33.3,94.0,160.0,192.5,159.5,1.0
33.3,93.0,180.5,174.5,161.0,1.0
33.3,94.0,174.0,169.0,147.0,1.0
33.3,94.0,171.0,160.5,164.5,1.0
33.3,97.0,148.0,153.0,151.5,1.0
33.3,94.0,150.5,185.0,175.0,1.0
33.3,93.0,143.5,196.0,157.0,1.0
33.3,99.0,172.0,182.0,175.5,1.0
33.3,93.0,154.5,181.5,153.5,1.0
33.3,95.0,156.0,178.0,150.0,1.0
33.3,94.0,180.0,180.0,171.5,1.0
33.3,95.0,156.0,194.5,161.5,1.0
33.3,94.0,172.5,142.5,177.5,1.0
33.3,95.0,148.0,173.0,168.5,1.0
33.3,95.0,161.0,197.0,157.5,1.0
33.3,99.0,176.5,183.0,176.0,1.0
33.3,98.0,158.5,176.5,182.5,1.0
33.3,97.0,157.0,170.0,166.5,1.0
33.3,93.0,161.5,168.0,191.5,1.0
33.3,95.0,163.0,167.5,175.5,1.0
33.3,99.0,157.0,173.5,172.5,1.0
33.3,97.0,167.0,178.0,173.0,1.0
33.3,94.0,165.5,173.5,174.0,1.0
33.3,97.0,160.0,170.5,186.0,1.0
33.3,95.0,157.0,149.0,167.0,1.0
33.3,93.0,167.0,148.5,158.0,1.0
33.3,95.0,164.0,193.0,153.0,1.0
33.3,94.0,164.0,156.5,165.0,1.0
33.3,95.0,145.0,159.5,174.0,1.0
33.3,97.0,155.0,185.0,171.5,1.0
33.3,99.0,186.5,173.0,170.0,1.0
33.3,99.0,151.5,172.5,176.5,1.0
33.3,93.0,169.0,144.5,173.5,1.0
33.3,97.0,169.5,193.5,186.0,1.0
33.3,94.0,169.5,170.5,192.5,1.0
33.3,98.0,169.5,187.0,170.0,1.0
33.3,98.0,169.0,170.5,183.5,1.0
33.3,96.0,170.5,188.5,182.5,1.0
33.3,96.0,171.0,184.5,166.0,1.0
31.9,93.0,170.5,162.0,159.0,1.0
31.9,99.0,170.5,155.0,170.5,1.0
31.9,94.0,170.5,163.5,160.5,1.0
31.9,97.0,170.5,187.5,174.5,1.0
31.9,97.0,170.5,161.0,173.0,1.0
31.9,98.0,170.5,183.0,161.0,1.0
31.9,99.0,170.5,171.0,161.0,1.0
31.9,94.0,170.5,167.0,168.0,1.0
31.9,93.0,170.5,144.5,181.5,1.0
31.9,98.0,170.5,168.5,157.5,1.0
31.9,99.0,170.5,179.0,185.0,1.0
31.9,99.0,170.5,186.5,175.5,1.0
31.9,96.0,170.5,160.0,165.5,1.0
31.9,99.0,170.5,192.5,162.5,1.0
31.9,97.0,170.5,170.0,160.0,1.0
31.9,97.0,170.5,169.5,156.0,1.0
31.9,93.0,170.5,173.5,165.0,1.0
31.9,97.0,170.5,170.0,177.5,1.0
31.9,93.0,170.5,179.0,144.5,1.0
31.9,97.0,170.5,157.0,184.0,1.0
31.9,93.0,170.5,180.0,175.0,1.0
31.9,99.0,170.5,184.5,176.0,1.0
31.9,94.0,184.0,170.5,170.5,1.0
31.9,97.0,173.0,157.0,192.0,1.0
31.9,97.0,174.5,154.0,161.5,1.0
31.9,99.0,171.0,150.5,190.0,1.0
31.9,98.0,171.0,165.0,180.5,1.0
31.9,94.0,171.0,178.5,167.5,1.0
31.9,96.0,171.0,163.0,168.0,1.0
31.9,93.0,171.0,157.0,166.0,1.0
31.9,96.0,171.0,174.0,180.5,1.0
31.9,99.0,170.5,171.5,162.0,1.0
31.9,97.0,171.0,162.0,162.5,1.0
31.9,99.0,170.5,152.5,179.0,1.0
31.9,93.0,170.5,149.5,163.0,1.0
31.9,97.0,171.0,151.0,186.5,1.0
31.9,98.0,170.5,159.0,196.0,1.0
31.9,98.0,171.0,179.0,168.5,1.0
31.9,94.0,171.0,180.0,176.0,1.0
31.9,94.0,171.0,174.0,159.0,1.0
31.9,93.0,171.0,176.0,172.0,1.0
31.9,95.0,171.0,160.0,164.5,1.0
31.9,93.0,170.5,156.5,175.0,1.0
31.9,96.0,171.0,152.0,183.0,1.0
31.9,96.0,171.5,154.0,181.0,1.0
31.9,96.0,171.0,162.5,170.5,1.0
31.9,96.0,171.0,163.0,187.0,1.0
31.9,98.0,170.5,169.5,167.0,1.0
28.5,98.1,157.5,143.5,164.5,1.0
27.4,98.2,147.5,145.0,183.5,1.0
27.4,98.3,146.5,145.0,155.5,1.0
27.4,98.4,138.0,144.5,155.0,1.0
29.1,98.5,149.5,144.5,135.5,1.0
29.1,98.6,163.5,144.0,155.5,1.0
29.2,98.7,139.0,144.5,156.5,1.0
33.2,98.8,158.0,145.5,144.5,1.0
33.1,98.9,166.5,145.0,146.5,1.0
33.1,99.0,146.5,145.5,157.5,1.0
33.1,99.1,163.0,145.5,147.5,1.0
33.1,99.2,147.5,145.5,158.0,1.0
33.4,99.3,157.0,145.5,170.0,1.0
33.4,99.4,172.5,145.0,168.0,1.0
33.2,99.5,145.0,145.0,154.0,1.0
33.4,99.6,136.0,145.5,145.0,1.0
33.4,99.7,170.5,145.5,166.0,1.0
33.4,99.8,153.0,145.5,153.5,1.0
33.1,99.9,168.5,145.5,153.0,1.0
33.1,100.0,150.5,145.0,167.5,1.0
33.1,100.0,161.0,145.5,158.5,1.0
32.5,100.0,151.0,145.5,168.0,1.0
33.1,100.0,144.0,145.5,174.0,1.0
33.1,100.0,180.5,146.0,144.5,1.0
33.1,100.0,152.0,145.5,137.5,1.0
33.1,100.0,170.0,146.5,160.5,1.0
33.1,100.0,165.5,146.5,160.0,1.0
33.1,100.0,162.0,146.5,180.5,1.0
33.2,100.0,155.0,144.5,174.5,1.0
33.1,100.0,146.5,146.5,185.5,1.0
33.2,100.0,171.0,147.0,173.5,1.0
33.1,100.0,171.0,146.5,155.0,1.0
32.5,100.0,151.5,145.5,183.5,1.0
33.1,100.0,155.0,146.0,160.0,1.0
33.2,100.0,183.5,146.0,138.5,1.0
33.2,100.0,138.5,146.0,147.5,1.0
33.1,100.0,166.5,146.0,164.0,1.0
32.9,100.0,156.5,146.0,184.5,1.0
32.9,91.0,165.5,146.5,160.5,1.0
32.9,91.0,168.5,146.0,140.5,1.0
32.9,91.0,172.5,146.0,158.5,1.0
35.6,92.0,154.0,146.0,150.0,1.0
35.9,93.0,173.5,146.0,147.0,1.0
35.6,92.0,165.5,146.0,156.5,1.0
35.9,91.0,173.5,146.0,176.0,1.0
35.9,93.0,163.0,146.5,162.5,1.0
35.9,92.0,151.5,146.0,159.5,1.0
35.4,92.0,151.5,146.0,168.5,1.0
35.6,91.0,194.0,146.0,194.0,1.0
35.6,91.0,179.0,146.0,179.0,1.0
35.9,92.0,184.0,146.0,184.0,1.0
35.9,93.0,146.0,163.0,146.0,1.0
35.6,92.0,199.0,163.0,199.0,1.0
35.9,93.0,141.0,163.0,141.0,1.0
35.9,91.0,143.0,163.0,143.0,0.0
35.9,93.0,179.5,163.0,147.0,0.0
35.6,91.0,182.5,163.0,180.5,0.0
35.9,93.0,177.0,163.0,147.5,0.0
35.9,92.0,139.0,163.0,158.5,0.0
35.6,93.0,158.0,163.0,167.0,0.0
35.8,93.0,175.0,163.0,167.5,0.0
36.0,91.0,156.0,163.0,179.0,0.0
35.9,93.0,187.5,163.0,172.0,0.0
35.8,97.0,182.5,163.0,158.0,0.0
35.7,99.0,154.5,163.0,170.0,0.0
35.7,98.0,177.5,163.5,164.0,0.0
35.8,98.0,140.0,163.5,166.0,0.0
35.9,99.0,159.5,163.5,131.0,0.0
35.9,99.0,158.5,163.5,145.5,0.0
36.0,99.0,176.5,163.5,158.5,0.0
36.1,98.0,169.5,162.5,148.5,0.0
35.7,97.0,148.0,163.5,174.0,0.0
35.7,99.0,181.0,163.0,168.5,0.0
36.1,97.0,153.0,159.0,151.5,0.0
35.9,97.0,172.0,163.0,151.5,0.0
35.9,97.0,163.5,146.5,178.0,0.0
36.0,98.0,161.0,164.5,152.0,0.0
36.1,99.0,156.0,160.5,160.5,0.0
35.9,98.0,157.0,174.5,161.0,0.0
35.6,99.0,188.5,170.5,149.0,0.0
35.8,98.0,162.5,148.5,154.5,0.0
35.9,97.0,145.5,163.5,177.5,0.0
35.8,97.0,171.0,170.5,144.5,0.0
27.4,98.0,179.0,159.0,162.5,0.0
27.4,99.0,179.5,151.5,184.0,0.0
27.4,97.0,150.5,148.0,153.0,0.0
27.4,98.0,168.5,165.0,140.0,0.0
27.4,99.0,179.5,165.0,150.0,0.0
27.4,99.0,141.5,172.5,181.0,0.0
27.4,99.0,168.5,154.5,168.5,0.0
27.4,99.0,139.5,149.0,134.0,0.0
27.4,99.0,187.0,171.5,146.0,0.0
27.4,99.0,176.0,172.5,150.5,0.0
27.4,99.0,157.0,156.0,151.5,0.0
27.4,97.0,166.0,149.5,173.5,0.0
27.4,99.0,172.0,165.0,164.0,0.0
27.4,98.0,173.0,163.0,149.5,0.0
27.4,95.0,168.0,153.0,182.0,1.0
27.4,95.0,176.5,170.0,173.0,1.0
27.4,95.0,183.5,150.0,148.0,1.0
27.4,95.0,146.0,152.5,146.0,1.0
27.4,95.0,146.0,152.5,146.0,1.0
27.4,95.0,146.0,152.5,146.0,1.0
28.1,95.0,146.0,152.5,146.0,1.0
28.1,95.0,146.0,152.5,146.0,1.0
28.1,95.0,146.0,152.5,146.0,1.0
28.1,95.0,146.0,152.5,146.0,1.0
28.1,95.0,146.0,152.5,146.0,1.0
28.1,95.0,146.0,152.5,146.0,1.0
28.1,95.0,146.0,153.5,146.0,1.0
28.1,95.0,146.0,153.5,146.0,1.0
28.1,95.0,146.0,152.5,146.0,1.0
28.1,95.0,146.0,152.5,146.0,1.0
28.1,95.0,146.0,152.5,146.0,1.0
28.1,95.0,146.0,152.5,146.0,1.0
28.1,95.0,146.0,152.5,146.0,1.0
28.1,95.0,146.0,152.5,146.0,1.0
28.1,95.0,146.0,152.5,146.0,1.0
28.1,95.0,146.0,152.5,146.0,1.0
28.1,95.0,146.0,152.5,146.0,1.0
28.1,95.0,146.0,152.5,146.0,1.0
28.1,95.0,146.0,152.5,146.0,1.0
28.1,95.0,146.0,152.5,146.0,1.0
28.1,95.0,146.0,152.5,146.0,1.0
30.1,95.0,146.0,152.5,146.0,1.0
30.1,95.0,146.0,152.5,146.0,1.0
30.1,95.0,146.0,152.5,146.0,1.0
30.1,95.0,146.0,153.5,146.0,1.0
30.1,95.0,146.0,153.5,146.0,1.0
30.1,95.0,146.0,153.5,146.0,1.0
30.1,95.0,146.0,153.5,146.0,1.0
30.1,95.0,146.0,153.5,146.0,1.0
30.1,95.0,146.0,153.5,146.0,1.0
30.1,95.0,146.0,152.5,146.0,1.0
30.1,95.0,146.0,152.5,146.0,1.0
30.1,95.0,146.0,152.5,146.0,1.0
30.1,95.0,146.0,152.5,146.0,1.0
30.1,95.0,146.0,152.5,146.0,1.0
30.1,95.0,146.0,152.5,146.0,1.0
30.1,95.0,146.0,152.5,146.0,1.0
30.1,95.0,146.0,153.5,146.0,1.0
30.1,95.0,146.0,153.5,146.0,1.0
30.1,95.0,146.0,153.5,146.0,1.0
30.1,95.0,146.0,153.5,146.0,1.0
30.1,95.0,146.0,153.5,146.0,1.0
30.1,95.0,146.0,153.5,146.0,1.0
30.1,95.0,146.0,153.5,146.0,1.0
30.1,95.0,146.0,153.5,146.0,1.0
30.1,95.0,146.0,153.5,146.0,1.0
34.6,95.0,146.0,153.5,146.0,1.0
34.6,95.0,146.0,153.5,146.0,1.0
34.6,95.0,146.0,153.5,146.0,1.0
34.6,95.0,146.0,153.5,146.0,1.0
34.6,95.0,146.0,152.5,146.0,1.0
34.6,95.0,146.0,152.5,146.0,1.0
34.6,95.0,146.0,152.5,146.0,1.0
34.6,95.0,146.0,152.5,146.0,1.0
34.6,95.0,146.0,152.5,146.0,1.0
34.6,95.0,146.0,152.5,146.0,1.0
34.6,95.0,146.0,152.5,146.0,1.0
34.6,95.0,146.0,164.5,146.0,1.0
34.6,95.0,146.0,164.0,146.0,1.0
34.6,95.0,146.0,165.0,146.0,1.0
34.6,95.0,146.0,167.0,146.0,1.0
34.6,95.0,146.0,167.0,146.0,1.0
34.6,95.0,146.0,167.0,146.0,1.0
34.6,95.0,146.0,167.5,146.0,1.0
34.6,95.0,157.0,167.0,153.5,1.0
34.6,95.0,184.0,167.0,154.5,1.0
34.6,95.0,163.5,167.0,158.5,1.0
34.6,95.0,136.0,167.0,165.0,1.0
34.6,95.0,176.0,167.0,174.0,1.0
34.6,95.0,188.0,167.0,157.5,1.0
34.6,95.0,134.5,164.5,168.5,1.0
34.6,95.0,155.0,164.5,167.0,1.0
34.6,95.0,184.5,166.5,149.5,1.0
34.6,95.0,160.0,166.5,172.5,1.0
34.6,95.0,169.0,166.5,155.5,1.0
34.6,95.0,160.0,154.0,150.0,1.0
34.6,95.0,146.0,166.0,145.0,1.0
34.6,95.0,169.0,166.0,158.5,1.0
32.1,95.0,176.0,166.5,162.0,1.0
32.1,95.0,158.5,166.5,161.0,1.0
32.1,95.0,139.5,164.0,153.5,1.0
32.1,95.0,151.5,164.0,140.5,1.0
32.1,95.0,172.5,164.0,146.5,1.0
32.1,95.0,162.0,164.0,177.0,1.0
32.1,95.0,148.5,164.0,155.0,1.0
32.1,95.0,141.0,164.0,161.5,1.0
32.1,95.0,154.5,164.0,174.0,1.0
32.1,95.0,142.0,164.0,163.0,1.0
32.1,95.0,156.5,164.0,144.0,1.0
32.1,95.0,148.0,164.0,176.0,1.0
32.1,95.0,156.5,164.0,155.0,1.0
32.1,95.0,146.5,164.0,163.0,1.0
32.1,95.0,171.5,164.0,161.0,1.0
32.1,95.0,138.0,164.0,158.5,1.0
32.1,95.0,162.5,164.0,147.5,1.0
32.1,95.0,150.5,164.0,152.0,1.0
32.1,95.0,137.0,164.0,155.0,1.0
32.1,95.0,141.5,164.0,164.0,1.0
32.1,95.0,155.5,164.0,156.5,1.0
32.1,95.0,146.0,172.0,163.5,1.0
32.1,95.0,142.0,164.5,156.5,1.0
32.1,95.0,155.0,164.5,138.0,1.0
32.1,95.0,170.5,164.5,139.5,1.0
32.1,95.0,160.5,165.0,155.5,1.0
32.1,95.0,150.0,164.5,145.5,1.0
31.7,95.0,179.0,164.5,162.5,1.0
31.7,95.0,172.0,165.0,163.5,1.0
31.7,95.0,166.5,164.5,159.0,1.0
31.7,95.0,150.0,164.5,141.0,1.0
31.7,95.0,157.5,164.5,169.5,1.0
31.7,95.0,157.5625,164.78571428571428,167.75,1.0
31.7,95.0,157.625,165.07142857142856,166.0,1.0
31.7,95.0,157.6875,165.35714285714286,164.25,1.0
31.7,95.0,157.75,165.64285714285714,162.5,1.0
31.7,95.0,157.8125,165.92857142857144,160.75,1.0
31.7,95.0,157.875,166.21428571428572,159.0,1.0
31.7,95.0,157.9375,166.5,157.25,1.0
31.7,95.0,158.0,166.5,155.5,1.0
31.7,95.0,163.5,166.0,154.0,1.0
31.7,95.0,154.0,166.5,161.5,1.0
31.7,95.0,166.0,169.5,179.0,1.0
31.7,95.0,144.5,169.5,145.0,1.0
31.7,95.0,173.5,169.5,171.0,1.0
31.7,95.0,150.5,154.5,168.0,1.0
31.7,95.0,174.0,155.0,159.5,1.0
31.7,95.0,149.0,155.0,145.5,1.0
31.7,95.0,162.5,169.5,163.5,1.0
31.7,95.0,149.5,169.5,165.0,1.0
31.7,95.0,139.0,169.5,151.5,1.0
31.7,95.0,142.5,169.5,144.0,1.0
31.7,95.0,138.0,169.5,149.0,1.0
31.7,95.0,137.5,170.5,154.5,1.0
31.7,95.0,138.0,169.5,168.0,1.0
31.7,95.0,153.5,169.5,137.5,1.0
31.7,95.0,153.0,169.5,157.0,1.0
31.7,95.0,170.5,169.5,174.0,1.0
31.7,95.0,158.0,169.5,134.5,1.0
31.7,81.0,172.0,169.5,168.5,1.0
31.7,10.0,154.5,169.5,157.5,1.0
31.7,10.0,174.0,169.5,167.0,1.0
31.7,10.0,179.5,169.5,153.5,1.0
31.7,10.0,159.0,169.5,148.5,1.0
31.7,10.0,157.0,169.5,180.0,1.0
32.1,10.0,162.0,169.5,170.5,1.0
32.1,10.0,173.5,169.5,160.0,1.0
32.1,10.0,183.0,169.5,135.5,1.0
32.1,10.0,156.5,169.5,167.5,1.0
32.1,95.0,176.0,169.5,160.5,1.0
32.1,95.0,162.0,169.5,163.5,1.0
32.1,95.0,141.0,170.5,171.5,1.0
32.1,95.0,185.5,170.5,160.5,1.0
32.1,95.0,153.0,170.0,180.5,1.0
32.1,95.0,167.0,171.0,176.5,1.0
32.1,95.0,178.5,170.5,167.5,1.0
32.1,95.0,130.5,170.5,151.0,1.0
32.1,95.0,151.0,171.0,168.0,1.0
32.1,95.0,154.0,170.5,163.5,1.0
32.1,95.0,152.5,171.0,158.5,1.0
32.1,95.0,177.5,171.0,164.5,1.0
32.1,95.0,157.5,171.0,171.0,1.0
32.1,95.0,170.0,171.0,187.5,1.0
32.1,95.0,143.0,170.5,141.0,1.0
32.1,95.0,161.0,170.5,169.0,1.0
32.1,95.0,146.0,170.5,146.0,1.0
32.1,95.0,176.5,170.5,134.0,1.0
32.1,95.0,143.5,170.5,185.5,1.0
32.1,95.0,184.5,170.5,178.0,1.0
32.1,95.0,169.0,172.0,159.5,1.0
32.1,95.0,143.5,172.0,153.0,1.0
32.1,95.0,173.0,172.0,150.5,1.0
32.1,95.0,153.5,164.0,144.5,1.0
32.1,95.0,144.5,168.5,154.5,1.0
32.1,95.0,167.5,176.5,176.5,1.0
32.1,95.0,165.0,177.0,183.0,1.0
32.1,95.0,147.5,177.0,152.5,1.0
32.1,95.0,178.5,177.0,154.0,1.0
33.3,95.0,155.5,177.0,146.0,1.0
33.3,95.0,150.5,176.5,163.0,1.0
33.3,95.0,177.5,177.0,175.5,1.0
33.3,95.0,175.0,177.0,157.5,1.0
33.3,95.0,137.5,177.0,154.5,1.0
33.3,95.0,164.5,177.0,165.5,1.0
33.3,95.0,143.0,176.5,147.5,1.0
33.3,95.0,169.5,177.0,170.0,1.0
33.3,95.0,164.5,177.0,161.5,1.0
33.3,95.0,159.0,177.0,176.5,1.0
33.3,95.0,175.5,180.5,156.5,1.0
33.3,95.0,146.0,177.0,156.5,1.0
33.3,95.0,177.0,177.0,169.0,1.0
33.3,95.0,165.5,177.0,186.5,1.0
33.3,95.0,173.0,180.5,160.5,1.0
33.3,95.0,168.5,168.5,149.0,1.0
33.3,95.0,146.5,178.0,165.0,1.0
33.3,95.0,138.0,178.0,170.5,1.0
33.3,95.0,173.0,178.0,161.5,1.0
33.3,95.0,179.5,178.0,160.5,1.0
33.3,95.0,174.5,178.0,148.5,1.0
33.3,95.0,158.5,178.0,181.5,1.0
33.3,95.0,134.5,178.0,152.5,1.0
33.3,95.0,174.5,178.0,184.0,1.0
33.3,95.0,158.5,178.0,155.0,1.0
33.3,95.0,163.5,178.0,159.5,1.0
33.3,95.0,147.5,177.0,174.5,1.0
33.3,95.0,136.5,177.0,175.5,1.0
33.3,95.0,185.5,177.0,150.0,1.0
33.3,95.0,168.5,177.0,161.5,1.0
33.3,95.0,161.0,177.0,145.0,1.0
32.7,80.0,55.0,142.0,127.0,1.0
32.7,81.0,55.0,142.0,115.0,1.0
32.7,81.0,55.0,140.0,127.5,1.0
32.7,80.0,55.0,140.0,126.0,1.0
32.7,79.0,55.0,140.0,127.0,1.0
32.7,78.0,55.0,140.0,127.0,1.0
33.8,79.0,55.35714285714286,129.57142857142858,119.07142857142857,1.0
35.3,77.0,55.71428571428571,119.14285714285714,111.14285714285714,1.0
35.0,76.0,56.07142857142857,108.71428571428572,103.21428571428572,1.0
34.9,78.0,56.42857142857143,98.28571428571428,95.28571428571428,1.0
34.8,78.0,56.78571428571429,87.85714285714286,87.35714285714286,1.0
35.1,79.0,57.14285714285714,77.42857142857143,79.42857142857143,1.0
34.8,80.0,57.5,67.0,71.5,1.0
33.3,81.0,58.5,67.0,71.5,1.0
33.2,81.0,58.5,66.5,71.5,1.0
33.0,82.0,58.5,67.0,71.5,1.0
33.0,83.0,58.5,67.0,71.5,1.0
33.5,83.0,58.5,67.0,71.5,1.0
33.5,83.0,58.5,66.0,71.5,1.0
33.5,82.0,58.5,67.0,71.5,1.0
33.5,83.0,58.5,66.5,71.0,1.0
33.5,84.0,58.5,67.0,71.5,1.0
33.5,84.0,58.5,67.0,71.0,1.0
33.5,84.0,58.5,66.5,72.0,1.0
33.5,93.0,58.5,67.0,72.0,1.0
34.6,83.0,58.5,67.0,72.0,1.0
35.3,83.0,57.5,67.0,72.0,1.0
33.5,79.0,57.5,67.0,72.0,1.0
33.5,79.0,57.5,67.0,72.0,1.0
28.5,79.0,57.5,67.0,72.0,1.0
28.5,79.0,57.5,67.0,72.0,1.0
28.5,77.0,56.5,66.0,72.0,1.0
28.5,78.0,56.0,67.0,72.0,1.0
28.5,78.0,56.0,66.0,71.0,1.0
28.5,78.0,56.5,66.0,72.0,1.0
28.5,77.0,56.0,66.0,71.0,1.0
28.5,77.0,57.5,66.0,71.0,1.0
28.5,77.0,57.5,67.0,71.0,1.0
28.5,76.0,57.5,66.5,71.0,1.0
28.5,77.0,57.5,67.0,69.0,1.0
28.5,75.0,57.5,66.0,71.0,1.0
28.5,75.0,57.5,66.0,70.5,1.0
28.5,75.0,57.5,66.0,72.0,1.0
28.5,75.0,57.5,67.0,72.0,1.0
28.5,75.0,57.5,66.0,72.0,1.0
28.5,75.0,57.5,66.0,72.0,1.0
28.5,76.0,56.0,66.0,71.5,1.0
28.5,76.0,57.5,66.0,72.0,1.0
28.5,74.0,56.0,66.0,72.0,1.0
28.5,75.0,56.0,66.0,71.0,1.0
28.5,76.0,57.5,67.0,70.5,1.0
28.5,76.0,57.5,66.5,72.0,1.0
28.5,76.0,57.5,67.0,72.0,1.0
28.5,74.0,57.5,66.0,72.0,1.0
28.5,74.0,57.5,66.0,72.0,1.0
28.1,90.0,57.5,66.0,72.0,1.0
28.1,88.0,57.5,66.0,73.0,1.0
28.2,83.0,57.5,66.0,72.0,1.0
28.2,87.0,57.5,66.0,72.0,1.0
28.3,84.0,57.5,66.0,72.5,1.0
28.3,88.0,57.5,66.0,72.0,1.0
28.4,86.0,57.5,66.0,72.0,1.0
28.4,82.0,60.5,68.0,72.5,1.0
28.5,84.0,60.5,68.0,72.5,1.0
28.5,88.0,60.5,68.0,72.5,1.0
28.6,86.0,60.5,68.0,73.0,1.0
28.6,80.0,60.5,68.0,73.0,1.0
28.7,78.0,60.5,68.0,73.5,1.0
28.7,78.0,60.5,68.0,73.5,1.0
28.8,83.0,60.5,68.0,73.5,1.0
28.9,79.0,60.5,68.0,73.5,1.0
28.9,82.0,61.0,68.0,73.5,1.0
31.0,78.0,60.5,68.0,73.5,1.0
31.1,79.0,61.5,68.0,73.5,1.0
31.2,75.0,60.0,68.0,73.5,1.0
31.3,72.0,60.5,68.0,72.5,1.0
31.3,75.0,60.5,68.0,74.0,1.0
31.4,77.0,60.5,68.0,74.0,1.0
31.5,73.0,60.5,68.0,74.0,1.0
31.6,76.0,60.5,68.0,74.0,1.0
31.7,77.0,60.5,68.0,74.0,1.0
31.8,74.0,60.5,68.0,74.0,1.0
31.9,70.0,61.0,68.0,74.0,1.0
32.0,73.0,60.5,68.0,74.0,1.0
32.0,71.0,60.5,68.0,74.0,1.0
29.8,75.0,60.5,68.0,74.0,1.0
31.9,74.0,61.5,68.0,75.0,1.0
31.7,71.0,61.0,68.0,75.0,1.0
31.7,73.0,61.5,68.0,75.0,1.0
31.7,75.0,60.5,68.0,72.0,1.0
31.7,73.0,60.5,68.0,74.5,1.0
30.3,80.0,60.5,68.0,74.5,1.0
30.3,80.0,60.5,68.0,74.5,1.0
30.4,80.0,60.5,68.0,74.5,1.0
30.5,74.0,60.5,68.0,74.5,1.0
30.6,79.0,61.5,69.5,74.5,1.0
30.6,80.0,59.5,69.5,74.5,0.0
30.7,76.0,59.5,69.5,74.5,0.0
30.8,77.0,59.5,69.5,74.0,0.0
30.9,73.0,59.5,69.5,74.0,0.0
28.7,83.0,59.5,68.5,74.0,1.0
28.2,81.0,59.5,68.0,74.0,1.0
28.2,89.0,59.5,69.5,74.0,1.0
28.2,89.0,59.5,68.0,74.0,1.0
28.2,80.0,61.5,68.0,74.0,1.0
29.3,78.0,59.0,70.0,75.0,1.0
29.1,81.0,59.5,70.0,75.0,1.0
28.2,86.0,61.0,70.0,75.0,1.0
28.2,84.0,61.0,70.0,75.0,1.0
